Date,Latitude,Longitude,Observed,Exponential Krige
2007-01-01,30.7083311167713,-99.45833333333125,0.0,0.0
2007-01-02,30.7083311167713,-99.45833333333125,0.0,0.0
2007-01-03,30.7083311167713,-99.45833333333125,0.85,0.79
2007-01-04,30.7083311167713,-99.45833333333125,0.01,0.0
2007-01-05,30.7083311167713,-99.45833333333125,0.0,0.0
2007-01-06,30.7083311167713,-99.45833333333125,0.0,0.01
2007-01-07,30.7083311167713,-99.45833333333125,0.0,0.0
2007-01-08,30.7083311167713,-99.45833333333125,0.0,0.0
2007-01-09,30.7083311167713,-99.45833333333125,0.0,0.0
2007-01-10,30.7083311167713,-99.45833333333125,0.0,0.0
2007-01-11,30.7083311167713,-99.45833333333125,0.01,0.0
2007-01-12,30.7083311167713,-99.45833333333125,0.1,0.09
2007-01-13,30.7083311167713,-99.45833333333125,0.04,0.05
2007-01-14,30.7083311167713,-99.45833333333125,0.03,0.04
2007-01-15,30.7083311167713,-99.45833333333125,0.01,0.02
2007-01-16,30.7083311167713,-99.45833333333125,0.0,0.0
2007-01-17,30.7083311167713,-99.45833333333125,0.0,0.0
2007-01-18,30.7083311167713,-99.45833333333125,0.57,0.35
2007-01-19,30.7083311167713,-99.45833333333125,0.02,0.02
2007-01-20,30.7083311167713,-99.45833333333125,0.19,0.17
2007-01-21,30.7083311167713,-99.45833333333125,0.01,0.01
2007-01-22,30.7083311167713,-99.45833333333125,0.0,0.0
2007-01-23,30.7083311167713,-99.45833333333125,0.02,0.03
2007-01-24,30.7083311167713,-99.45833333333125,0.0,0.0
2007-01-25,30.7083311167713,-99.45833333333125,0.0,0.0
2007-01-26,30.7083311167713,-99.45833333333125,0.0,0.0
2007-01-27,30.7083311167713,-99.45833333333125,0.0,0.0
2007-01-28,30.7083311167713,-99.45833333333125,0.0,0.0
2007-01-29,30.7083311167713,-99.45833333333125,0.0,0.0
2007-01-30,30.7083311167713,-99.45833333333125,0.0,0.0
2007-01-31,30.7083311167713,-99.45833333333125,0.0,0.0
2007-02-01,30.7083311167713,-99.45833333333125,0.27,0.36
2007-02-02,30.7083311167713,-99.45833333333125,0.0,0.0
2007-02-03,30.7083311167713,-99.45833333333125,0.0,0.0
2007-02-04,30.7083311167713,-99.45833333333125,0.0,0.0
2007-02-05,30.7083311167713,-99.45833333333125,0.0,0.0
2007-02-06,30.7083311167713,-99.45833333333125,0.0,0.0
2007-02-07,30.7083311167713,-99.45833333333125,0.0,0.0
2007-02-08,30.7083311167713,-99.45833333333125,0.0,0.0
2007-02-09,30.7083311167713,-99.45833333333125,0.0,0.0
2007-02-10,30.7083311167713,-99.45833333333125,0.0,0.0
2007-02-11,30.7083311167713,-99.45833333333125,0.0,0.0
2007-02-12,30.7083311167713,-99.45833333333125,0.0,0.0
2007-02-13,30.7083311167713,-99.45833333333125,0.0,0.0
2007-02-14,30.7083311167713,-99.45833333333125,0.0,0.0
2007-02-15,30.7083311167713,-99.45833333333125,0.0,0.0
2007-02-16,30.7083311167713,-99.45833333333125,0.0,0.0
2007-02-17,30.7083311167713,-99.45833333333125,0.0,0.0
2007-02-18,30.7083311167713,-99.45833333333125,0.0,0.0
2007-02-19,30.7083311167713,-99.45833333333125,0.0,0.0
2007-02-20,30.7083311167713,-99.45833333333125,0.0,0.0
2007-02-21,30.7083311167713,-99.45833333333125,0.0,0.0
2007-02-22,30.7083311167713,-99.45833333333125,0.0,0.0
2007-02-23,30.7083311167713,-99.45833333333125,0.0,0.0
2007-02-24,30.7083311167713,-99.45833333333125,0.0,0.01
2007-02-25,30.7083311167713,-99.45833333333125,0.0,0.0
2007-02-26,30.7083311167713,-99.45833333333125,0.0,0.0
2007-02-27,30.7083311167713,-99.45833333333125,0.0,0.0
2007-02-28,30.7083311167713,-99.45833333333125,0.0,0.0
2007-03-01,30.7083311167713,-99.45833333333125,0.03,0.03
2007-03-02,30.7083311167713,-99.45833333333125,0.0,0.0
2007-03-03,30.7083311167713,-99.45833333333125,0.0,0.0
2007-03-04,30.7083311167713,-99.45833333333125,0.0,0.0
2007-03-05,30.7083311167713,-99.45833333333125,0.0,0.0
2007-03-06,30.7083311167713,-99.45833333333125,0.0,0.0
2007-03-07,30.7083311167713,-99.45833333333125,0.0,0.0
2007-03-08,30.7083311167713,-99.45833333333125,0.0,0.0
2007-03-09,30.7083311167713,-99.45833333333125,0.0,0.0
2007-03-10,30.7083311167713,-99.45833333333125,0.0,0.0
2007-03-11,30.7083311167713,-99.45833333333125,0.51,0.5
2007-03-12,30.7083311167713,-99.45833333333125,0.01,0.0
2007-03-13,30.7083311167713,-99.45833333333125,0.43,0.43
2007-03-14,30.7083311167713,-99.45833333333125,0.0,0.01
2007-03-15,30.7083311167713,-99.45833333333125,0.0,0.0
2007-03-16,30.7083311167713,-99.45833333333125,0.0,0.0
2007-03-17,30.7083311167713,-99.45833333333125,0.0,0.0
2007-03-18,30.7083311167713,-99.45833333333125,0.0,0.0
2007-03-19,30.7083311167713,-99.45833333333125,0.0,0.0
2007-03-20,30.7083311167713,-99.45833333333125,0.01,0.01
2007-03-21,30.7083311167713,-99.45833333333125,0.0,0.0
2007-03-22,30.7083311167713,-99.45833333333125,0.02,0.05
2007-03-23,30.7083311167713,-99.45833333333125,0.01,0.01
2007-03-24,30.7083311167713,-99.45833333333125,0.0,0.0
2007-03-25,30.7083311167713,-99.45833333333125,1.91,1.68
2007-03-26,30.7083311167713,-99.45833333333125,1.27,1.27
2007-03-27,30.7083311167713,-99.45833333333125,0.0,0.0
2007-03-28,30.7083311167713,-99.45833333333125,0.0,0.0
2007-03-29,30.7083311167713,-99.45833333333125,0.82,0.51
2007-03-30,30.7083311167713,-99.45833333333125,0.24,0.5
2007-03-31,30.7083311167713,-99.45833333333125,0.0,0.0
2007-04-01,30.7083311167713,-99.45833333333125,0.0,0.0
2007-04-02,30.7083311167713,-99.45833333333125,0.0,0.0
2007-04-03,30.7083311167713,-99.45833333333125,0.0,0.0
2007-04-04,30.7083311167713,-99.45833333333125,0.0,0.0
2007-04-05,30.7083311167713,-99.45833333333125,0.0,0.0
2007-04-06,30.7083311167713,-99.45833333333125,0.0,0.0
2007-04-07,30.7083311167713,-99.45833333333125,0.17,0.11
2007-04-08,30.7083311167713,-99.45833333333125,0.75,0.57
2007-04-09,30.7083311167713,-99.45833333333125,0.05,0.03
2007-04-10,30.7083311167713,-99.45833333333125,0.03,0.02
2007-04-11,30.7083311167713,-99.45833333333125,0.0,0.0
2007-04-12,30.7083311167713,-99.45833333333125,0.0,0.0
2007-04-13,30.7083311167713,-99.45833333333125,0.02,0.02
2007-04-14,30.7083311167713,-99.45833333333125,0.0,0.01
2007-04-15,30.7083311167713,-99.45833333333125,0.0,0.0
2007-04-16,30.7083311167713,-99.45833333333125,0.0,0.0
2007-04-17,30.7083311167713,-99.45833333333125,0.03,0.04
2007-04-18,30.7083311167713,-99.45833333333125,0.0,0.0
2007-04-19,30.7083311167713,-99.45833333333125,0.0,0.0
2007-04-20,30.7083311167713,-99.45833333333125,0.0,0.0
2007-04-21,30.7083311167713,-99.45833333333125,0.0,0.0
2007-04-22,30.7083311167713,-99.45833333333125,0.05,0.03
2007-04-23,30.7083311167713,-99.45833333333125,0.01,0.0
2007-04-24,30.7083311167713,-99.45833333333125,0.08,0.01
2007-04-25,30.7083311167713,-99.45833333333125,0.0,0.0
2007-04-26,30.7083311167713,-99.45833333333125,0.0,0.0
2007-04-27,30.7083311167713,-99.45833333333125,0.0,0.0
2007-04-28,30.7083311167713,-99.45833333333125,0.0,0.0
2007-04-29,30.7083311167713,-99.45833333333125,0.0,0.02
2007-04-30,30.7083311167713,-99.45833333333125,1.65,1.56
2007-05-01,30.7083311167713,-99.45833333333125,0.01,0.37
2007-05-02,30.7083311167713,-99.45833333333125,0.24,0.19
2007-05-03,30.7083311167713,-99.45833333333125,0.0,0.0
2007-05-04,30.7083311167713,-99.45833333333125,0.0,0.0
2007-05-05,30.7083311167713,-99.45833333333125,0.0,0.0
2007-05-06,30.7083311167713,-99.45833333333125,0.01,0.0
2007-05-07,30.7083311167713,-99.45833333333125,0.53,0.29
2007-05-08,30.7083311167713,-99.45833333333125,0.13,0.16
2007-05-09,30.7083311167713,-99.45833333333125,1.0,0.92
2007-05-10,30.7083311167713,-99.45833333333125,0.22,0.02
2007-05-11,30.7083311167713,-99.45833333333125,0.0,0.0
2007-05-12,30.7083311167713,-99.45833333333125,0.0,0.01
2007-05-13,30.7083311167713,-99.45833333333125,0.0,0.0
2007-05-14,30.7083311167713,-99.45833333333125,0.0,0.0
2007-05-15,30.7083311167713,-99.45833333333125,0.0,0.0
2007-05-16,30.7083311167713,-99.45833333333125,0.0,0.0
2007-05-17,30.7083311167713,-99.45833333333125,0.0,0.0
2007-05-18,30.7083311167713,-99.45833333333125,0.02,0.01
2007-05-19,30.7083311167713,-99.45833333333125,0.0,0.0
2007-05-20,30.7083311167713,-99.45833333333125,0.0,0.0
2007-05-21,30.7083311167713,-99.45833333333125,0.0,0.0
2007-05-22,30.7083311167713,-99.45833333333125,0.0,0.0
2007-05-23,30.7083311167713,-99.45833333333125,0.0,0.0
2007-05-24,30.7083311167713,-99.45833333333125,0.75,0.42
2007-05-25,30.7083311167713,-99.45833333333125,0.83,0.96
2007-05-26,30.7083311167713,-99.45833333333125,0.0,0.0
2007-05-27,30.7083311167713,-99.45833333333125,0.7,0.36
2007-05-28,30.7083311167713,-99.45833333333125,0.0,0.0
2007-05-29,30.7083311167713,-99.45833333333125,0.0,0.0
2007-05-30,30.7083311167713,-99.45833333333125,0.0,0.0
2007-05-31,30.7083311167713,-99.45833333333125,0.01,0.0
2007-06-01,30.7083311167713,-99.45833333333125,0.0,0.0
2007-06-02,30.7083311167713,-99.45833333333125,0.0,0.0
2007-06-03,30.7083311167713,-99.45833333333125,0.7,1.55
2007-06-04,30.7083311167713,-99.45833333333125,0.01,0.01
2007-06-05,30.7083311167713,-99.45833333333125,0.0,0.0
2007-06-06,30.7083311167713,-99.45833333333125,0.0,0.0
2007-06-07,30.7083311167713,-99.45833333333125,0.0,0.0
2007-06-08,30.7083311167713,-99.45833333333125,0.0,0.0
2007-06-09,30.7083311167713,-99.45833333333125,0.0,0.0
2007-06-10,30.7083311167713,-99.45833333333125,0.0,0.0
2007-06-11,30.7083311167713,-99.45833333333125,0.0,0.0
2007-06-12,30.7083311167713,-99.45833333333125,0.0,0.0
2007-06-13,30.7083311167713,-99.45833333333125,0.0,0.0
2007-06-14,30.7083311167713,-99.45833333333125,0.25,0.09
2007-06-15,30.7083311167713,-99.45833333333125,0.1,0.04
2007-06-16,30.7083311167713,-99.45833333333125,0.51,1.26
2007-06-17,30.7083311167713,-99.45833333333125,0.22,0.08
2007-06-18,30.7083311167713,-99.45833333333125,0.0,0.0
2007-06-19,30.7083311167713,-99.45833333333125,0.0,0.0
2007-06-20,30.7083311167713,-99.45833333333125,1.16,0.54
2007-06-21,30.7083311167713,-99.45833333333125,0.49,0.1
2007-06-22,30.7083311167713,-99.45833333333125,0.0,0.01
2007-06-23,30.7083311167713,-99.45833333333125,0.19,0.0
2007-06-24,30.7083311167713,-99.45833333333125,0.0,0.0
2007-06-25,30.7083311167713,-99.45833333333125,0.0,0.25
2007-06-26,30.7083311167713,-99.45833333333125,1.26,0.68
2007-06-27,30.7083311167713,-99.45833333333125,1.44,0.8
2007-06-28,30.7083311167713,-99.45833333333125,0.4,0.33
2007-06-29,30.7083311167713,-99.45833333333125,0.37,0.24
2007-06-30,30.7083311167713,-99.45833333333125,0.33,0.54
2007-07-01,30.7083311167713,-99.45833333333125,0.0,0.0
2007-07-02,30.7083311167713,-99.45833333333125,0.0,0.96
2007-07-03,30.7083311167713,-99.45833333333125,0.0,0.39
2007-07-04,30.7083311167713,-99.45833333333125,0.02,0.23
2007-07-05,30.7083311167713,-99.45833333333125,0.03,0.06
2007-07-06,30.7083311167713,-99.45833333333125,0.0,0.04
2007-07-07,30.7083311167713,-99.45833333333125,0.0,0.14
2007-07-08,30.7083311167713,-99.45833333333125,0.02,0.02
2007-07-09,30.7083311167713,-99.45833333333125,0.0,0.0
2007-07-10,30.7083311167713,-99.45833333333125,0.0,0.0
2007-07-11,30.7083311167713,-99.45833333333125,0.0,0.0
2007-07-12,30.7083311167713,-99.45833333333125,0.0,0.0
2007-07-13,30.7083311167713,-99.45833333333125,0.0,0.0
2007-07-14,30.7083311167713,-99.45833333333125,0.17,0.08
2007-07-15,30.7083311167713,-99.45833333333125,0.0,0.0
2007-07-16,30.7083311167713,-99.45833333333125,0.0,0.0
2007-07-17,30.7083311167713,-99.45833333333125,0.08,0.01
2007-07-18,30.7083311167713,-99.45833333333125,0.0,0.01
2007-07-19,30.7083311167713,-99.45833333333125,0.0,0.03
2007-07-20,30.7083311167713,-99.45833333333125,0.07,0.13
2007-07-21,30.7083311167713,-99.45833333333125,0.02,0.04
2007-07-22,30.7083311167713,-99.45833333333125,0.0,0.0
2007-07-23,30.7083311167713,-99.45833333333125,0.01,0.02
2007-07-24,30.7083311167713,-99.45833333333125,1.06,1.17
2007-07-25,30.7083311167713,-99.45833333333125,0.21,0.09
2007-07-26,30.7083311167713,-99.45833333333125,0.35,1.22
2007-07-27,30.7083311167713,-99.45833333333125,0.0,0.04
2007-07-28,30.7083311167713,-99.45833333333125,0.26,0.07
2007-07-29,30.7083311167713,-99.45833333333125,0.64,0.1
2007-07-30,30.7083311167713,-99.45833333333125,0.0,0.0
2007-07-31,30.7083311167713,-99.45833333333125,0.0,0.0
2007-08-01,30.7083311167713,-99.45833333333125,0.0,0.02
2007-08-02,30.7083311167713,-99.45833333333125,0.0,0.16
2007-08-03,30.7083311167713,-99.45833333333125,0.0,0.0
2007-08-04,30.7083311167713,-99.45833333333125,0.0,0.0
2007-08-05,30.7083311167713,-99.45833333333125,0.0,0.0
2007-08-06,30.7083311167713,-99.45833333333125,0.0,0.0
2007-08-07,30.7083311167713,-99.45833333333125,0.0,0.0
2007-08-08,30.7083311167713,-99.45833333333125,0.0,0.0
2007-08-09,30.7083311167713,-99.45833333333125,0.0,0.0
2007-08-10,30.7083311167713,-99.45833333333125,0.0,0.0
2007-08-11,30.7083311167713,-99.45833333333125,0.0,0.0
2007-08-12,30.7083311167713,-99.45833333333125,0.0,0.0
2007-08-13,30.7083311167713,-99.45833333333125,0.0,0.0
2007-08-14,30.7083311167713,-99.45833333333125,0.0,0.0
2007-08-15,30.7083311167713,-99.45833333333125,0.0,0.0
2007-08-16,30.7083311167713,-99.45833333333125,1.59,1.8
2007-08-17,30.7083311167713,-99.45833333333125,1.47,1.43
2007-08-18,30.7083311167713,-99.45833333333125,0.0,0.0
2007-08-19,30.7083311167713,-99.45833333333125,0.0,0.0
2007-08-20,30.7083311167713,-99.45833333333125,0.0,0.0
2007-08-21,30.7083311167713,-99.45833333333125,0.0,0.0
2007-08-22,30.7083311167713,-99.45833333333125,0.0,0.0
2007-08-23,30.7083311167713,-99.45833333333125,0.0,0.0
2007-08-24,30.7083311167713,-99.45833333333125,0.0,0.0
2007-08-25,30.7083311167713,-99.45833333333125,0.0,0.0
2007-08-26,30.7083311167713,-99.45833333333125,0.0,0.0
2007-08-27,30.7083311167713,-99.45833333333125,0.0,0.0
2007-08-28,30.7083311167713,-99.45833333333125,0.02,0.04
2007-08-29,30.7083311167713,-99.45833333333125,0.0,0.0
2007-08-30,30.7083311167713,-99.45833333333125,0.0,0.0
2007-08-31,30.7083311167713,-99.45833333333125,0.61,0.12
2007-09-01,30.7083311167713,-99.45833333333125,0.0,0.02
2007-09-02,30.7083311167713,-99.45833333333125,0.0,0.0
2007-09-03,30.7083311167713,-99.45833333333125,0.22,0.1
2007-09-04,30.7083311167713,-99.45833333333125,1.85,1.41
2007-09-05,30.7083311167713,-99.45833333333125,0.01,0.01
2007-09-06,30.7083311167713,-99.45833333333125,0.0,0.0
2007-09-07,30.7083311167713,-99.45833333333125,0.0,0.0
2007-09-08,30.7083311167713,-99.45833333333125,0.0,0.0
2007-09-09,30.7083311167713,-99.45833333333125,0.0,0.0
2007-09-10,30.7083311167713,-99.45833333333125,0.0,0.03
2007-09-11,30.7083311167713,-99.45833333333125,0.01,0.06
2007-09-12,30.7083311167713,-99.45833333333125,0.0,0.0
2007-09-13,30.7083311167713,-99.45833333333125,0.0,0.0
2007-09-14,30.7083311167713,-99.45833333333125,0.0,0.0
2007-09-15,30.7083311167713,-99.45833333333125,0.0,0.0
2007-09-16,30.7083311167713,-99.45833333333125,0.0,0.0
2007-09-17,30.7083311167713,-99.45833333333125,0.0,0.0
2007-09-18,30.7083311167713,-99.45833333333125,0.25,0.0
2007-09-19,30.7083311167713,-99.45833333333125,0.02,0.03
2007-09-20,30.7083311167713,-99.45833333333125,0.0,0.0
2007-09-21,30.7083311167713,-99.45833333333125,0.0,0.0
2007-09-22,30.7083311167713,-99.45833333333125,0.0,0.0
2007-09-23,30.7083311167713,-99.45833333333125,0.0,0.0
2007-09-24,30.7083311167713,-99.45833333333125,0.0,0.0
2007-09-25,30.7083311167713,-99.45833333333125,0.0,0.0
2007-09-26,30.7083311167713,-99.45833333333125,0.0,0.0
2007-09-27,30.7083311167713,-99.45833333333125,0.0,0.0
2007-09-28,30.7083311167713,-99.45833333333125,0.0,0.0
2007-09-29,30.7083311167713,-99.45833333333125,0.0,0.0
2007-09-30,30.7083311167713,-99.45833333333125,0.0,0.0
2007-10-01,30.7083311167713,-99.45833333333125,0.14,0.16
2007-10-02,30.7083311167713,-99.45833333333125,0.0,0.0
2007-10-03,30.7083311167713,-99.45833333333125,0.0,0.0
2007-10-04,30.7083311167713,-99.45833333333125,0.0,0.0
2007-10-05,30.7083311167713,-99.45833333333125,0.0,0.0
2007-10-06,30.7083311167713,-99.45833333333125,0.0,0.0
2007-10-07,30.7083311167713,-99.45833333333125,0.0,0.0
2007-10-08,30.7083311167713,-99.45833333333125,0.0,0.0
2007-10-09,30.7083311167713,-99.45833333333125,0.0,0.04
2007-10-10,30.7083311167713,-99.45833333333125,0.0,0.0
2007-10-11,30.7083311167713,-99.45833333333125,0.0,0.0
2007-10-12,30.7083311167713,-99.45833333333125,0.0,0.0
2007-10-13,30.7083311167713,-99.45833333333125,0.0,0.0
2007-10-14,30.7083311167713,-99.45833333333125,0.0,0.0
2007-10-15,30.7083311167713,-99.45833333333125,0.07,0.05
2007-10-16,30.7083311167713,-99.45833333333125,0.0,0.0
2007-10-17,30.7083311167713,-99.45833333333125,0.0,0.0
2007-10-18,30.7083311167713,-99.45833333333125,0.0,0.0
2007-10-19,30.7083311167713,-99.45833333333125,0.0,0.0
2007-10-20,30.7083311167713,-99.45833333333125,0.0,0.0
2007-10-21,30.7083311167713,-99.45833333333125,0.0,0.0
2007-10-22,30.7083311167713,-99.45833333333125,0.1,0.24
2007-10-23,30.7083311167713,-99.45833333333125,0.0,0.0
2007-10-24,30.7083311167713,-99.45833333333125,0.0,0.0
2007-10-25,30.7083311167713,-99.45833333333125,0.0,0.0
2007-10-26,30.7083311167713,-99.45833333333125,0.0,0.0
2007-10-27,30.7083311167713,-99.45833333333125,0.0,0.0
2007-10-28,30.7083311167713,-99.45833333333125,0.0,0.0
2007-10-29,30.7083311167713,-99.45833333333125,0.0,0.0
2007-10-30,30.7083311167713,-99.45833333333125,0.0,0.0
2007-10-31,30.7083311167713,-99.45833333333125,0.0,0.0
2007-11-01,30.7083311167713,-99.45833333333125,0.0,0.0
2007-11-02,30.7083311167713,-99.45833333333125,0.0,0.0
2007-11-03,30.7083311167713,-99.45833333333125,0.0,0.0
2007-11-04,30.7083311167713,-99.45833333333125,0.0,0.0
2007-11-05,30.7083311167713,-99.45833333333125,0.0,0.0
2007-11-06,30.7083311167713,-99.45833333333125,0.0,0.0
2007-11-07,30.7083311167713,-99.45833333333125,0.0,0.0
2007-11-08,30.7083311167713,-99.45833333333125,0.0,0.0
2007-11-09,30.7083311167713,-99.45833333333125,0.0,0.0
2007-11-10,30.7083311167713,-99.45833333333125,0.0,0.0
2007-11-11,30.7083311167713,-99.45833333333125,0.0,0.0
2007-11-12,30.7083311167713,-99.45833333333125,0.01,0.0
2007-11-13,30.7083311167713,-99.45833333333125,0.0,0.0
2007-11-14,30.7083311167713,-99.45833333333125,0.0,0.0
2007-11-15,30.7083311167713,-99.45833333333125,0.0,0.0
2007-11-16,30.7083311167713,-99.45833333333125,0.0,0.0
2007-11-17,30.7083311167713,-99.45833333333125,0.0,0.0
2007-11-18,30.7083311167713,-99.45833333333125,0.0,0.0
2007-11-19,30.7083311167713,-99.45833333333125,0.0,0.0
2007-11-20,30.7083311167713,-99.45833333333125,0.0,0.0
2007-11-21,30.7083311167713,-99.45833333333125,0.0,0.0
2007-11-22,30.7083311167713,-99.45833333333125,0.0,0.0
2007-11-23,30.7083311167713,-99.45833333333125,0.0,0.0
2007-11-24,30.7083311167713,-99.45833333333125,0.97,0.76
2007-11-25,30.7083311167713,-99.45833333333125,0.49,0.45
2007-11-26,30.7083311167713,-99.45833333333125,0.01,0.0
2007-11-27,30.7083311167713,-99.45833333333125,0.0,0.0
2007-11-28,30.7083311167713,-99.45833333333125,0.0,0.0
2007-11-29,30.7083311167713,-99.45833333333125,0.0,0.0
2007-11-30,30.7083311167713,-99.45833333333125,0.03,0.02
2007-12-01,30.7083311167713,-99.45833333333125,0.0,0.01
2007-12-02,30.7083311167713,-99.45833333333125,0.0,0.0
2007-12-03,30.7083311167713,-99.45833333333125,0.0,0.0
2007-12-04,30.7083311167713,-99.45833333333125,0.0,0.0
2007-12-05,30.7083311167713,-99.45833333333125,0.0,0.0
2007-12-06,30.7083311167713,-99.45833333333125,0.0,0.0
2007-12-07,30.7083311167713,-99.45833333333125,0.0,0.0
2007-12-08,30.7083311167713,-99.45833333333125,0.0,0.0
2007-12-09,30.7083311167713,-99.45833333333125,0.0,0.01
2007-12-10,30.7083311167713,-99.45833333333125,0.01,0.01
2007-12-11,30.7083311167713,-99.45833333333125,0.0,0.0
2007-12-12,30.7083311167713,-99.45833333333125,0.17,0.17
2007-12-13,30.7083311167713,-99.45833333333125,0.0,0.0
2007-12-14,30.7083311167713,-99.45833333333125,0.02,0.02
2007-12-15,30.7083311167713,-99.45833333333125,0.01,0.02
2007-12-16,30.7083311167713,-99.45833333333125,0.0,0.0
2007-12-17,30.7083311167713,-99.45833333333125,0.0,0.0
2007-12-18,30.7083311167713,-99.45833333333125,0.0,0.0
2007-12-19,30.7083311167713,-99.45833333333125,0.0,0.0
2007-12-20,30.7083311167713,-99.45833333333125,0.0,0.0
2007-12-21,30.7083311167713,-99.45833333333125,0.0,0.0
2007-12-22,30.7083311167713,-99.45833333333125,0.0,0.0
2007-12-23,30.7083311167713,-99.45833333333125,0.0,0.0
2007-12-24,30.7083311167713,-99.45833333333125,0.0,0.0
2007-12-25,30.7083311167713,-99.45833333333125,0.0,0.0
2007-12-26,30.7083311167713,-99.45833333333125,0.0,0.0
2007-12-27,30.7083311167713,-99.45833333333125,0.0,0.0
2007-12-28,30.7083311167713,-99.45833333333125,0.0,0.0
2007-12-29,30.7083311167713,-99.45833333333125,0.0,0.0
2007-12-30,30.7083311167713,-99.45833333333125,0.0,0.0
2007-12-31,30.7083311167713,-99.45833333333125,0.0,0.0
2008-01-01,30.7083311167713,-99.45833333333125,0.0,0.0
2008-01-02,30.7083311167713,-99.45833333333125,0.0,0.0
2008-01-03,30.7083311167713,-99.45833333333125,0.0,0.0
2008-01-04,30.7083311167713,-99.45833333333125,0.0,0.0
2008-01-05,30.7083311167713,-99.45833333333125,0.0,0.0
2008-01-06,30.7083311167713,-99.45833333333125,0.0,0.0
2008-01-07,30.7083311167713,-99.45833333333125,0.0,0.0
2008-01-08,30.7083311167713,-99.45833333333125,0.0,0.0
2008-01-09,30.7083311167713,-99.45833333333125,0.0,0.0
2008-01-10,30.7083311167713,-99.45833333333125,0.0,0.0
2008-01-11,30.7083311167713,-99.45833333333125,0.0,0.0
2008-01-12,30.7083311167713,-99.45833333333125,0.0,0.0
2008-01-13,30.7083311167713,-99.45833333333125,0.0,0.0
2008-01-14,30.7083311167713,-99.45833333333125,0.0,0.0
2008-01-15,30.7083311167713,-99.45833333333125,0.0,0.0
2008-01-16,30.7083311167713,-99.45833333333125,0.0,0.0
2008-01-17,30.7083311167713,-99.45833333333125,0.0,0.0
2008-01-18,30.7083311167713,-99.45833333333125,0.0,0.0
2008-01-19,30.7083311167713,-99.45833333333125,0.0,0.0
2008-01-20,30.7083311167713,-99.45833333333125,0.0,0.0
2008-01-21,30.7083311167713,-99.45833333333125,0.02,0.02
2008-01-22,30.7083311167713,-99.45833333333125,0.01,0.01
2008-01-23,30.7083311167713,-99.45833333333125,0.0,0.01
2008-01-24,30.7083311167713,-99.45833333333125,0.08,0.06
2008-01-25,30.7083311167713,-99.45833333333125,0.0,0.0
2008-01-26,30.7083311167713,-99.45833333333125,0.0,0.0
2008-01-27,30.7083311167713,-99.45833333333125,0.0,0.0
2008-01-28,30.7083311167713,-99.45833333333125,0.0,0.0
2008-01-29,30.7083311167713,-99.45833333333125,0.0,0.01
2008-01-30,30.7083311167713,-99.45833333333125,0.0,0.0
2008-01-31,30.7083311167713,-99.45833333333125,0.01,0.0
2008-02-01,30.7083311167713,-99.45833333333125,0.0,0.0
2008-02-02,30.7083311167713,-99.45833333333125,0.0,0.0
2008-02-03,30.7083311167713,-99.45833333333125,0.0,0.0
2008-02-04,30.7083311167713,-99.45833333333125,0.0,0.0
2008-02-05,30.7083311167713,-99.45833333333125,0.0,0.1
2008-02-06,30.7083311167713,-99.45833333333125,0.0,0.0
2008-02-07,30.7083311167713,-99.45833333333125,0.0,0.0
2008-02-08,30.7083311167713,-99.45833333333125,0.0,0.0
2008-02-09,30.7083311167713,-99.45833333333125,0.0,0.0
2008-02-10,30.7083311167713,-99.45833333333125,0.0,0.0
2008-02-11,30.7083311167713,-99.45833333333125,0.0,0.0
2008-02-12,30.7083311167713,-99.45833333333125,0.0,0.0
2008-02-13,30.7083311167713,-99.45833333333125,0.0,0.0
2008-02-14,30.7083311167713,-99.45833333333125,0.0,0.0
2008-02-15,30.7083311167713,-99.45833333333125,0.02,0.02
2008-02-16,30.7083311167713,-99.45833333333125,0.13,0.11
2008-02-17,30.7083311167713,-99.45833333333125,0.0,0.0
2008-02-18,30.7083311167713,-99.45833333333125,0.0,0.0
2008-02-19,30.7083311167713,-99.45833333333125,0.0,0.0
2008-02-20,30.7083311167713,-99.45833333333125,0.0,0.0
2008-02-21,30.7083311167713,-99.45833333333125,0.0,0.0
2008-02-22,30.7083311167713,-99.45833333333125,0.0,0.0
2008-02-23,30.7083311167713,-99.45833333333125,0.0,0.0
2008-02-24,30.7083311167713,-99.45833333333125,0.0,0.0
2008-02-25,30.7083311167713,-99.45833333333125,0.0,0.0
2008-02-26,30.7083311167713,-99.45833333333125,0.0,0.0
2008-02-27,30.7083311167713,-99.45833333333125,0.0,0.0
2008-02-28,30.7083311167713,-99.45833333333125,0.0,0.0
2008-02-29,30.7083311167713,-99.45833333333125,0.0,0.0
2008-03-01,30.7083311167713,-99.45833333333125,0.0,0.0
2008-03-02,30.7083311167713,-99.45833333333125,0.0,0.0
2008-03-03,30.7083311167713,-99.45833333333125,0.19,0.23
2008-03-04,30.7083311167713,-99.45833333333125,0.0,0.0
2008-03-05,30.7083311167713,-99.45833333333125,0.0,0.0
2008-03-06,30.7083311167713,-99.45833333333125,0.07,0.02
2008-03-07,30.7083311167713,-99.45833333333125,0.0,0.0
2008-03-08,30.7083311167713,-99.45833333333125,0.0,0.0
2008-03-09,30.7083311167713,-99.45833333333125,0.0,0.0
2008-03-10,30.7083311167713,-99.45833333333125,0.6,0.32
2008-03-11,30.7083311167713,-99.45833333333125,0.0,0.0
2008-03-12,30.7083311167713,-99.45833333333125,0.0,0.0
2008-03-13,30.7083311167713,-99.45833333333125,0.0,0.0
2008-03-14,30.7083311167713,-99.45833333333125,0.0,0.0
2008-03-15,30.7083311167713,-99.45833333333125,0.0,0.0
2008-03-16,30.7083311167713,-99.45833333333125,0.0,0.0
2008-03-17,30.7083311167713,-99.45833333333125,0.17,0.06
2008-03-18,30.7083311167713,-99.45833333333125,0.77,0.58
2008-03-19,30.7083311167713,-99.45833333333125,0.0,0.0
2008-03-20,30.7083311167713,-99.45833333333125,0.0,0.0
2008-03-21,30.7083311167713,-99.45833333333125,0.0,0.0
2008-03-22,30.7083311167713,-99.45833333333125,0.03,0.07
2008-03-23,30.7083311167713,-99.45833333333125,0.03,0.02
2008-03-24,30.7083311167713,-99.45833333333125,0.0,0.0
2008-03-25,30.7083311167713,-99.45833333333125,0.0,0.0
2008-03-26,30.7083311167713,-99.45833333333125,0.0,0.0
2008-03-27,30.7083311167713,-99.45833333333125,0.0,0.0
2008-03-28,30.7083311167713,-99.45833333333125,0.23,0.26
2008-03-29,30.7083311167713,-99.45833333333125,0.0,0.0
2008-03-30,30.7083311167713,-99.45833333333125,0.0,0.0
2008-03-31,30.7083311167713,-99.45833333333125,0.0,0.0
2008-04-01,30.7083311167713,-99.45833333333125,0.0,0.0
2008-04-02,30.7083311167713,-99.45833333333125,0.0,0.0
2008-04-03,30.7083311167713,-99.45833333333125,0.0,0.0
2008-04-04,30.7083311167713,-99.45833333333125,0.18,0.29
2008-04-05,30.7083311167713,-99.45833333333125,0.0,0.0
2008-04-06,30.7083311167713,-99.45833333333125,0.0,0.0
2008-04-07,30.7083311167713,-99.45833333333125,0.0,0.0
2008-04-08,30.7083311167713,-99.45833333333125,0.0,0.0
2008-04-09,30.7083311167713,-99.45833333333125,0.0,0.0
2008-04-10,30.7083311167713,-99.45833333333125,0.27,0.3
2008-04-11,30.7083311167713,-99.45833333333125,0.0,0.0
2008-04-12,30.7083311167713,-99.45833333333125,0.0,0.0
2008-04-13,30.7083311167713,-99.45833333333125,0.0,0.0
2008-04-14,30.7083311167713,-99.45833333333125,0.0,0.0
2008-04-15,30.7083311167713,-99.45833333333125,0.0,0.0
2008-04-16,30.7083311167713,-99.45833333333125,0.0,0.0
2008-04-17,30.7083311167713,-99.45833333333125,0.43,0.22
2008-04-18,30.7083311167713,-99.45833333333125,0.0,0.0
2008-04-19,30.7083311167713,-99.45833333333125,0.0,0.0
2008-04-20,30.7083311167713,-99.45833333333125,0.0,0.0
2008-04-21,30.7083311167713,-99.45833333333125,0.0,0.0
2008-04-22,30.7083311167713,-99.45833333333125,0.0,0.0
2008-04-23,30.7083311167713,-99.45833333333125,0.0,0.0
2008-04-24,30.7083311167713,-99.45833333333125,0.0,0.0
2008-04-25,30.7083311167713,-99.45833333333125,0.0,0.0
2008-04-26,30.7083311167713,-99.45833333333125,0.24,0.93
2008-04-27,30.7083311167713,-99.45833333333125,1.16,0.83
2008-04-28,30.7083311167713,-99.45833333333125,0.0,0.0
2008-04-29,30.7083311167713,-99.45833333333125,0.0,0.0
2008-04-30,30.7083311167713,-99.45833333333125,0.0,0.0
2008-05-01,30.7083311167713,-99.45833333333125,0.0,0.0
2008-05-02,30.7083311167713,-99.45833333333125,0.0,0.0
2008-05-03,30.7083311167713,-99.45833333333125,0.0,0.0
2008-05-04,30.7083311167713,-99.45833333333125,0.0,0.0
2008-05-05,30.7083311167713,-99.45833333333125,0.0,0.0
2008-05-06,30.7083311167713,-99.45833333333125,0.01,0.01
2008-05-07,30.7083311167713,-99.45833333333125,0.0,0.0
2008-05-08,30.7083311167713,-99.45833333333125,0.0,0.0
2008-05-09,30.7083311167713,-99.45833333333125,0.0,0.0
2008-05-10,30.7083311167713,-99.45833333333125,0.0,0.0
2008-05-11,30.7083311167713,-99.45833333333125,0.0,0.0
2008-05-12,30.7083311167713,-99.45833333333125,0.0,0.0
2008-05-13,30.7083311167713,-99.45833333333125,0.86,0.82
2008-05-14,30.7083311167713,-99.45833333333125,2.16,2.06
2008-05-15,30.7083311167713,-99.45833333333125,0.01,0.0
2008-05-16,30.7083311167713,-99.45833333333125,0.0,0.0
2008-05-17,30.7083311167713,-99.45833333333125,0.0,0.0
2008-05-18,30.7083311167713,-99.45833333333125,0.0,0.0
2008-05-19,30.7083311167713,-99.45833333333125,0.0,0.0
2008-05-20,30.7083311167713,-99.45833333333125,0.0,0.0
2008-05-21,30.7083311167713,-99.45833333333125,0.0,0.0
2008-05-22,30.7083311167713,-99.45833333333125,0.0,0.0
2008-05-23,30.7083311167713,-99.45833333333125,0.0,0.0
2008-05-24,30.7083311167713,-99.45833333333125,0.0,0.0
2008-05-25,30.7083311167713,-99.45833333333125,0.0,0.0
2008-05-26,30.7083311167713,-99.45833333333125,0.0,0.0
2008-05-27,30.7083311167713,-99.45833333333125,0.0,0.0
2008-05-28,30.7083311167713,-99.45833333333125,0.0,0.0
2008-05-29,30.7083311167713,-99.45833333333125,0.0,0.0
2008-05-30,30.7083311167713,-99.45833333333125,0.0,0.0
2008-05-31,30.7083311167713,-99.45833333333125,0.0,0.0
2008-06-01,30.7083311167713,-99.45833333333125,0.0,0.0
2008-06-02,30.7083311167713,-99.45833333333125,0.0,0.0
2008-06-03,30.7083311167713,-99.45833333333125,0.0,0.0
2008-06-04,30.7083311167713,-99.45833333333125,0.0,0.0
2008-06-05,30.7083311167713,-99.45833333333125,0.0,0.0
2008-06-06,30.7083311167713,-99.45833333333125,0.0,0.0
2008-06-07,30.7083311167713,-99.45833333333125,0.0,0.0
2008-06-08,30.7083311167713,-99.45833333333125,0.0,0.0
2008-06-09,30.7083311167713,-99.45833333333125,0.0,0.0
2008-06-10,30.7083311167713,-99.45833333333125,0.0,0.0
2008-06-11,30.7083311167713,-99.45833333333125,0.0,0.0
2008-06-12,30.7083311167713,-99.45833333333125,0.0,0.0
2008-06-13,30.7083311167713,-99.45833333333125,0.0,0.0
2008-06-14,30.7083311167713,-99.45833333333125,0.0,0.0
2008-06-15,30.7083311167713,-99.45833333333125,0.0,0.0
2008-06-16,30.7083311167713,-99.45833333333125,0.0,0.0
2008-06-17,30.7083311167713,-99.45833333333125,0.0,0.0
2008-06-18,30.7083311167713,-99.45833333333125,0.08,0.04
2008-06-19,30.7083311167713,-99.45833333333125,0.0,0.0
2008-06-20,30.7083311167713,-99.45833333333125,0.64,0.55
2008-06-21,30.7083311167713,-99.45833333333125,0.0,0.0
2008-06-22,30.7083311167713,-99.45833333333125,0.0,0.0
2008-06-23,30.7083311167713,-99.45833333333125,0.0,0.0
2008-06-24,30.7083311167713,-99.45833333333125,0.0,0.0
2008-06-25,30.7083311167713,-99.45833333333125,0.0,0.0
2008-06-26,30.7083311167713,-99.45833333333125,0.0,0.0
2008-06-27,30.7083311167713,-99.45833333333125,0.0,0.0
2008-06-28,30.7083311167713,-99.45833333333125,0.0,0.0
2008-06-29,30.7083311167713,-99.45833333333125,0.0,0.16
2008-06-30,30.7083311167713,-99.45833333333125,0.02,0.0
2008-07-01,30.7083311167713,-99.45833333333125,0.25,0.36
2008-07-02,30.7083311167713,-99.45833333333125,0.0,0.01
2008-07-03,30.7083311167713,-99.45833333333125,0.0,0.0
2008-07-04,30.7083311167713,-99.45833333333125,0.0,0.0
2008-07-05,30.7083311167713,-99.45833333333125,0.0,0.0
2008-07-06,30.7083311167713,-99.45833333333125,0.0,0.0
2008-07-07,30.7083311167713,-99.45833333333125,0.71,0.2
2008-07-08,30.7083311167713,-99.45833333333125,0.08,0.12
2008-07-09,30.7083311167713,-99.45833333333125,0.0,0.0
2008-07-10,30.7083311167713,-99.45833333333125,0.0,0.0
2008-07-11,30.7083311167713,-99.45833333333125,0.0,0.0
2008-07-12,30.7083311167713,-99.45833333333125,0.0,0.0
2008-07-13,30.7083311167713,-99.45833333333125,0.0,0.0
2008-07-14,30.7083311167713,-99.45833333333125,0.0,0.0
2008-07-15,30.7083311167713,-99.45833333333125,0.0,0.0
2008-07-16,30.7083311167713,-99.45833333333125,0.0,0.0
2008-07-17,30.7083311167713,-99.45833333333125,0.0,0.0
2008-07-18,30.7083311167713,-99.45833333333125,0.0,0.0
2008-07-19,30.7083311167713,-99.45833333333125,0.0,0.0
2008-07-20,30.7083311167713,-99.45833333333125,0.0,0.0
2008-07-21,30.7083311167713,-99.45833333333125,0.0,0.0
2008-07-22,30.7083311167713,-99.45833333333125,0.0,0.0
2008-07-23,30.7083311167713,-99.45833333333125,0.01,0.03
2008-07-24,30.7083311167713,-99.45833333333125,0.48,0.38
2008-07-25,30.7083311167713,-99.45833333333125,0.0,0.0
2008-07-26,30.7083311167713,-99.45833333333125,0.0,0.0
2008-07-27,30.7083311167713,-99.45833333333125,0.0,0.0
2008-07-28,30.7083311167713,-99.45833333333125,0.0,0.0
2008-07-29,30.7083311167713,-99.45833333333125,0.0,0.0
2008-07-30,30.7083311167713,-99.45833333333125,0.0,0.0
2008-07-31,30.7083311167713,-99.45833333333125,0.0,0.0
2008-08-01,30.7083311167713,-99.45833333333125,0.0,0.0
2008-08-02,30.7083311167713,-99.45833333333125,0.0,0.0
2008-08-03,30.7083311167713,-99.45833333333125,0.0,0.0
2008-08-04,30.7083311167713,-99.45833333333125,0.0,0.0
2008-08-05,30.7083311167713,-99.45833333333125,0.0,0.0
2008-08-06,30.7083311167713,-99.45833333333125,0.43,0.24
2008-08-07,30.7083311167713,-99.45833333333125,0.0,0.0
2008-08-08,30.7083311167713,-99.45833333333125,0.0,0.0
2008-08-09,30.7083311167713,-99.45833333333125,0.0,0.0
2008-08-10,30.7083311167713,-99.45833333333125,0.0,0.0
2008-08-11,30.7083311167713,-99.45833333333125,0.06,0.07
2008-08-12,30.7083311167713,-99.45833333333125,0.79,0.76
2008-08-13,30.7083311167713,-99.45833333333125,0.0,0.0
2008-08-14,30.7083311167713,-99.45833333333125,0.0,0.0
2008-08-15,30.7083311167713,-99.45833333333125,0.0,0.02
2008-08-16,30.7083311167713,-99.45833333333125,2.35,0.37
2008-08-17,30.7083311167713,-99.45833333333125,1.09,0.52
2008-08-18,30.7083311167713,-99.45833333333125,0.36,0.41
2008-08-19,30.7083311167713,-99.45833333333125,0.0,0.0
2008-08-20,30.7083311167713,-99.45833333333125,0.0,0.0
2008-08-21,30.7083311167713,-99.45833333333125,0.0,0.0
2008-08-22,30.7083311167713,-99.45833333333125,0.0,0.0
2008-08-23,30.7083311167713,-99.45833333333125,0.0,0.08
2008-08-24,30.7083311167713,-99.45833333333125,0.12,0.02
2008-08-25,30.7083311167713,-99.45833333333125,0.0,0.0
2008-08-26,30.7083311167713,-99.45833333333125,0.0,0.0
2008-08-27,30.7083311167713,-99.45833333333125,0.0,0.0
2008-08-28,30.7083311167713,-99.45833333333125,0.0,0.0
2008-08-29,30.7083311167713,-99.45833333333125,0.04,0.36
2008-08-30,30.7083311167713,-99.45833333333125,0.0,0.19
2008-08-31,30.7083311167713,-99.45833333333125,0.0,0.0
2008-09-01,30.7083311167713,-99.45833333333125,0.0,0.0
2008-09-02,30.7083311167713,-99.45833333333125,0.0,0.0
2008-09-03,30.7083311167713,-99.45833333333125,0.0,0.0
2008-09-04,30.7083311167713,-99.45833333333125,0.0,0.0
2008-09-05,30.7083311167713,-99.45833333333125,0.0,0.0
2008-09-06,30.7083311167713,-99.45833333333125,0.0,0.0
2008-09-07,30.7083311167713,-99.45833333333125,0.0,0.0
2008-09-08,30.7083311167713,-99.45833333333125,0.0,0.0
2008-09-09,30.7083311167713,-99.45833333333125,1.61,1.15
2008-09-10,30.7083311167713,-99.45833333333125,0.08,0.06
2008-09-11,30.7083311167713,-99.45833333333125,0.0,0.0
2008-09-12,30.7083311167713,-99.45833333333125,0.0,0.0
2008-09-13,30.7083311167713,-99.45833333333125,0.0,0.0
2008-09-14,30.7083311167713,-99.45833333333125,0.0,0.0
2008-09-15,30.7083311167713,-99.45833333333125,0.0,0.0
2008-09-16,30.7083311167713,-99.45833333333125,0.0,0.0
2008-09-17,30.7083311167713,-99.45833333333125,0.0,0.0
2008-09-18,30.7083311167713,-99.45833333333125,0.0,0.0
2008-09-19,30.7083311167713,-99.45833333333125,0.0,0.0
2008-09-20,30.7083311167713,-99.45833333333125,0.0,0.0
2008-09-21,30.7083311167713,-99.45833333333125,0.0,0.0
2008-09-22,30.7083311167713,-99.45833333333125,0.0,0.0
2008-09-23,30.7083311167713,-99.45833333333125,0.0,0.0
2008-09-24,30.7083311167713,-99.45833333333125,0.0,0.0
2008-09-25,30.7083311167713,-99.45833333333125,0.0,0.0
2008-09-26,30.7083311167713,-99.45833333333125,0.0,0.0
2008-09-27,30.7083311167713,-99.45833333333125,0.0,0.0
2008-09-28,30.7083311167713,-99.45833333333125,0.0,0.0
2008-09-29,30.7083311167713,-99.45833333333125,0.0,0.0
2008-09-30,30.7083311167713,-99.45833333333125,0.0,0.0
2008-10-01,30.7083311167713,-99.45833333333125,0.0,0.0
2008-10-02,30.7083311167713,-99.45833333333125,0.0,0.0
2008-10-03,30.7083311167713,-99.45833333333125,0.0,0.0
2008-10-04,30.7083311167713,-99.45833333333125,0.0,0.0
2008-10-05,30.7083311167713,-99.45833333333125,0.0,0.0
2008-10-06,30.7083311167713,-99.45833333333125,1.12,1.31
2008-10-07,30.7083311167713,-99.45833333333125,0.0,0.0
2008-10-08,30.7083311167713,-99.45833333333125,0.0,0.0
2008-10-09,30.7083311167713,-99.45833333333125,0.0,0.0
2008-10-10,30.7083311167713,-99.45833333333125,0.0,0.0
2008-10-11,30.7083311167713,-99.45833333333125,0.0,0.0
2008-10-12,30.7083311167713,-99.45833333333125,0.0,0.0
2008-10-13,30.7083311167713,-99.45833333333125,0.58,0.45
2008-10-14,30.7083311167713,-99.45833333333125,0.01,0.0
2008-10-15,30.7083311167713,-99.45833333333125,0.0,0.0
2008-10-16,30.7083311167713,-99.45833333333125,0.0,0.0
2008-10-17,30.7083311167713,-99.45833333333125,0.0,0.0
2008-10-18,30.7083311167713,-99.45833333333125,0.0,0.0
2008-10-19,30.7083311167713,-99.45833333333125,0.0,0.0
2008-10-20,30.7083311167713,-99.45833333333125,0.0,0.0
2008-10-21,30.7083311167713,-99.45833333333125,0.0,0.0
2008-10-22,30.7083311167713,-99.45833333333125,0.0,0.0
2008-10-23,30.7083311167713,-99.45833333333125,0.0,0.0
2008-10-24,30.7083311167713,-99.45833333333125,0.0,0.0
2008-10-25,30.7083311167713,-99.45833333333125,0.0,0.0
2008-10-26,30.7083311167713,-99.45833333333125,0.0,0.0
2008-10-27,30.7083311167713,-99.45833333333125,0.0,0.0
2008-10-28,30.7083311167713,-99.45833333333125,0.0,0.0
2008-10-29,30.7083311167713,-99.45833333333125,0.0,0.0
2008-10-30,30.7083311167713,-99.45833333333125,0.0,0.0
2008-10-31,30.7083311167713,-99.45833333333125,0.0,0.0
2008-11-01,30.7083311167713,-99.45833333333125,0.0,0.0
2008-11-02,30.7083311167713,-99.45833333333125,0.0,0.0
2008-11-03,30.7083311167713,-99.45833333333125,0.0,0.0
2008-11-04,30.7083311167713,-99.45833333333125,0.0,0.0
2008-11-05,30.7083311167713,-99.45833333333125,0.0,0.0
2008-11-06,30.7083311167713,-99.45833333333125,0.06,0.01
2008-11-07,30.7083311167713,-99.45833333333125,0.0,0.0
2008-11-08,30.7083311167713,-99.45833333333125,0.0,0.0
2008-11-09,30.7083311167713,-99.45833333333125,0.0,0.0
2008-11-10,30.7083311167713,-99.45833333333125,0.0,0.0
2008-11-11,30.7083311167713,-99.45833333333125,0.33,0.28
2008-11-12,30.7083311167713,-99.45833333333125,0.0,0.0
2008-11-13,30.7083311167713,-99.45833333333125,0.0,0.0
2008-11-14,30.7083311167713,-99.45833333333125,0.0,0.0
2008-11-15,30.7083311167713,-99.45833333333125,0.0,0.0
2008-11-16,30.7083311167713,-99.45833333333125,0.0,0.0
2008-11-17,30.7083311167713,-99.45833333333125,0.0,0.0
2008-11-18,30.7083311167713,-99.45833333333125,0.0,0.0
2008-11-19,30.7083311167713,-99.45833333333125,0.0,0.0
2008-11-20,30.7083311167713,-99.45833333333125,0.0,0.0
2008-11-21,30.7083311167713,-99.45833333333125,0.0,0.0
2008-11-22,30.7083311167713,-99.45833333333125,0.0,0.0
2008-11-23,30.7083311167713,-99.45833333333125,0.0,0.0
2008-11-24,30.7083311167713,-99.45833333333125,0.0,0.0
2008-11-25,30.7083311167713,-99.45833333333125,0.0,0.0
2008-11-26,30.7083311167713,-99.45833333333125,0.0,0.0
2008-11-27,30.7083311167713,-99.45833333333125,0.0,0.0
2008-11-28,30.7083311167713,-99.45833333333125,0.0,0.0
2008-11-29,30.7083311167713,-99.45833333333125,0.0,0.0
2008-11-30,30.7083311167713,-99.45833333333125,0.0,0.0
2008-12-01,30.7083311167713,-99.45833333333125,0.0,0.0
2008-12-02,30.7083311167713,-99.45833333333125,0.0,0.0
2008-12-03,30.7083311167713,-99.45833333333125,0.0,0.0
2008-12-04,30.7083311167713,-99.45833333333125,0.0,0.0
2008-12-05,30.7083311167713,-99.45833333333125,0.0,0.0
2008-12-06,30.7083311167713,-99.45833333333125,0.0,0.0
2008-12-07,30.7083311167713,-99.45833333333125,0.0,0.0
2008-12-08,30.7083311167713,-99.45833333333125,0.0,0.0
2008-12-09,30.7083311167713,-99.45833333333125,0.04,0.05
2008-12-10,30.7083311167713,-99.45833333333125,0.0,0.0
2008-12-11,30.7083311167713,-99.45833333333125,0.0,0.0
2008-12-12,30.7083311167713,-99.45833333333125,0.0,0.0
2008-12-13,30.7083311167713,-99.45833333333125,0.0,0.0
2008-12-14,30.7083311167713,-99.45833333333125,0.0,0.0
2008-12-15,30.7083311167713,-99.45833333333125,0.0,0.0
2008-12-16,30.7083311167713,-99.45833333333125,0.0,0.0
2008-12-17,30.7083311167713,-99.45833333333125,0.0,0.0
2008-12-18,30.7083311167713,-99.45833333333125,0.0,0.0
2008-12-19,30.7083311167713,-99.45833333333125,0.0,0.0
2008-12-20,30.7083311167713,-99.45833333333125,0.0,0.0
2008-12-21,30.7083311167713,-99.45833333333125,0.0,0.0
2008-12-22,30.7083311167713,-99.45833333333125,0.0,0.0
2008-12-23,30.7083311167713,-99.45833333333125,0.01,0.0
2008-12-24,30.7083311167713,-99.45833333333125,0.0,0.0
2008-12-25,30.7083311167713,-99.45833333333125,0.0,0.0
2008-12-26,30.7083311167713,-99.45833333333125,0.0,0.0
2008-12-27,30.7083311167713,-99.45833333333125,0.0,0.0
2008-12-28,30.7083311167713,-99.45833333333125,0.0,0.0
2008-12-29,30.7083311167713,-99.45833333333125,0.0,0.0
2008-12-30,30.7083311167713,-99.45833333333125,0.0,0.0
2008-12-31,30.7083311167713,-99.45833333333125,0.0,0.0
2009-01-01,30.7083311167713,-99.45833333333125,0.0,0.0
2009-01-02,30.7083311167713,-99.45833333333125,0.0,0.0
2009-01-03,30.7083311167713,-99.45833333333125,0.0,0.0
2009-01-04,30.7083311167713,-99.45833333333125,0.0,0.0
2009-01-05,30.7083311167713,-99.45833333333125,0.01,0.03
2009-01-06,30.7083311167713,-99.45833333333125,0.01,0.01
2009-01-07,30.7083311167713,-99.45833333333125,0.0,0.0
2009-01-08,30.7083311167713,-99.45833333333125,0.0,0.0
2009-01-09,30.7083311167713,-99.45833333333125,0.0,0.0
2009-01-10,30.7083311167713,-99.45833333333125,0.0,0.0
2009-01-11,30.7083311167713,-99.45833333333125,0.0,0.0
2009-01-12,30.7083311167713,-99.45833333333125,0.0,0.0
2009-01-13,30.7083311167713,-99.45833333333125,0.0,0.0
2009-01-14,30.7083311167713,-99.45833333333125,0.0,0.0
2009-01-15,30.7083311167713,-99.45833333333125,0.0,0.0
2009-01-16,30.7083311167713,-99.45833333333125,0.0,0.0
2009-01-17,30.7083311167713,-99.45833333333125,0.0,0.0
2009-01-18,30.7083311167713,-99.45833333333125,0.0,0.0
2009-01-19,30.7083311167713,-99.45833333333125,0.0,0.0
2009-01-20,30.7083311167713,-99.45833333333125,0.0,0.0
2009-01-21,30.7083311167713,-99.45833333333125,0.0,0.0
2009-01-22,30.7083311167713,-99.45833333333125,0.0,0.0
2009-01-23,30.7083311167713,-99.45833333333125,0.0,0.0
2009-01-24,30.7083311167713,-99.45833333333125,0.0,0.0
2009-01-25,30.7083311167713,-99.45833333333125,0.0,0.0
2009-01-26,30.7083311167713,-99.45833333333125,0.0,0.0
2009-01-27,30.7083311167713,-99.45833333333125,0.06,0.05
2009-01-28,30.7083311167713,-99.45833333333125,0.03,0.03
2009-01-29,30.7083311167713,-99.45833333333125,0.0,0.0
2009-01-30,30.7083311167713,-99.45833333333125,0.0,0.0
2009-01-31,30.7083311167713,-99.45833333333125,0.0,0.0
2009-02-01,30.7083311167713,-99.45833333333125,0.0,0.0
2009-02-02,30.7083311167713,-99.45833333333125,0.0,0.0
2009-02-03,30.7083311167713,-99.45833333333125,0.0,0.0
2009-02-04,30.7083311167713,-99.45833333333125,0.0,0.0
2009-02-05,30.7083311167713,-99.45833333333125,0.0,0.0
2009-02-06,30.7083311167713,-99.45833333333125,0.0,0.0
2009-02-07,30.7083311167713,-99.45833333333125,0.0,0.0
2009-02-08,30.7083311167713,-99.45833333333125,0.0,0.0
2009-02-09,30.7083311167713,-99.45833333333125,0.39,0.3
2009-02-10,30.7083311167713,-99.45833333333125,0.0,0.01
2009-02-11,30.7083311167713,-99.45833333333125,0.0,0.0
2009-02-12,30.7083311167713,-99.45833333333125,0.0,0.0
2009-02-13,30.7083311167713,-99.45833333333125,0.0,0.0
2009-02-14,30.7083311167713,-99.45833333333125,0.0,0.0
2009-02-15,30.7083311167713,-99.45833333333125,0.0,0.0
2009-02-16,30.7083311167713,-99.45833333333125,0.0,0.0
2009-02-17,30.7083311167713,-99.45833333333125,0.0,0.0
2009-02-18,30.7083311167713,-99.45833333333125,0.0,0.0
2009-02-19,30.7083311167713,-99.45833333333125,0.0,0.0
2009-02-20,30.7083311167713,-99.45833333333125,0.0,0.0
2009-02-21,30.7083311167713,-99.45833333333125,0.0,0.0
2009-02-22,30.7083311167713,-99.45833333333125,0.0,0.0
2009-02-23,30.7083311167713,-99.45833333333125,0.0,0.0
2009-02-24,30.7083311167713,-99.45833333333125,0.0,0.0
2009-02-25,30.7083311167713,-99.45833333333125,0.0,0.0
2009-02-26,30.7083311167713,-99.45833333333125,0.0,0.0
2009-02-27,30.7083311167713,-99.45833333333125,0.0,0.0
2009-02-28,30.7083311167713,-99.45833333333125,0.0,0.0
2009-03-01,30.7083311167713,-99.45833333333125,0.0,0.0
2009-03-02,30.7083311167713,-99.45833333333125,0.0,0.0
2009-03-03,30.7083311167713,-99.45833333333125,0.0,0.0
2009-03-04,30.7083311167713,-99.45833333333125,0.0,0.0
2009-03-05,30.7083311167713,-99.45833333333125,0.0,0.0
2009-03-06,30.7083311167713,-99.45833333333125,0.0,0.0
2009-03-07,30.7083311167713,-99.45833333333125,0.0,0.0
2009-03-08,30.7083311167713,-99.45833333333125,0.0,0.0
2009-03-09,30.7083311167713,-99.45833333333125,0.0,0.0
2009-03-10,30.7083311167713,-99.45833333333125,0.0,0.0
2009-03-11,30.7083311167713,-99.45833333333125,1.96,2.45
2009-03-12,30.7083311167713,-99.45833333333125,0.34,0.31
2009-03-13,30.7083311167713,-99.45833333333125,0.68,0.38
2009-03-14,30.7083311167713,-99.45833333333125,0.01,0.0
2009-03-15,30.7083311167713,-99.45833333333125,0.0,0.0
2009-03-16,30.7083311167713,-99.45833333333125,0.0,0.0
2009-03-17,30.7083311167713,-99.45833333333125,0.0,0.0
2009-03-18,30.7083311167713,-99.45833333333125,0.0,0.0
2009-03-19,30.7083311167713,-99.45833333333125,0.0,0.0
2009-03-20,30.7083311167713,-99.45833333333125,0.0,0.0
2009-03-21,30.7083311167713,-99.45833333333125,0.0,0.0
2009-03-22,30.7083311167713,-99.45833333333125,0.0,0.0
2009-03-23,30.7083311167713,-99.45833333333125,0.0,0.0
2009-03-24,30.7083311167713,-99.45833333333125,0.0,0.0
2009-03-25,30.7083311167713,-99.45833333333125,0.4,0.36
2009-03-26,30.7083311167713,-99.45833333333125,0.0,0.0
2009-03-27,30.7083311167713,-99.45833333333125,0.0,0.0
2009-03-28,30.7083311167713,-99.45833333333125,0.0,0.0
2009-03-29,30.7083311167713,-99.45833333333125,0.0,0.0
2009-03-30,30.7083311167713,-99.45833333333125,0.0,0.0
2009-03-31,30.7083311167713,-99.45833333333125,0.0,0.0
2009-04-01,30.7083311167713,-99.45833333333125,0.0,0.0
2009-04-02,30.7083311167713,-99.45833333333125,0.14,0.13
2009-04-03,30.7083311167713,-99.45833333333125,0.0,0.0
2009-04-04,30.7083311167713,-99.45833333333125,0.0,0.0
2009-04-05,30.7083311167713,-99.45833333333125,0.0,0.0
2009-04-06,30.7083311167713,-99.45833333333125,0.0,0.0
2009-04-07,30.7083311167713,-99.45833333333125,0.0,0.0
2009-04-08,30.7083311167713,-99.45833333333125,0.0,0.0
2009-04-09,30.7083311167713,-99.45833333333125,0.0,0.0
2009-04-10,30.7083311167713,-99.45833333333125,0.0,0.0
2009-04-11,30.7083311167713,-99.45833333333125,0.0,0.01
2009-04-12,30.7083311167713,-99.45833333333125,0.33,0.39
2009-04-13,30.7083311167713,-99.45833333333125,0.0,0.0
2009-04-14,30.7083311167713,-99.45833333333125,0.0,0.0
2009-04-15,30.7083311167713,-99.45833333333125,0.0,0.0
2009-04-16,30.7083311167713,-99.45833333333125,0.0,0.0
2009-04-17,30.7083311167713,-99.45833333333125,2.22,1.63
2009-04-18,30.7083311167713,-99.45833333333125,0.01,0.0
2009-04-19,30.7083311167713,-99.45833333333125,0.0,0.0
2009-04-20,30.7083311167713,-99.45833333333125,0.0,0.0
2009-04-21,30.7083311167713,-99.45833333333125,0.0,0.0
2009-04-22,30.7083311167713,-99.45833333333125,0.0,0.0
2009-04-23,30.7083311167713,-99.45833333333125,0.0,0.0
2009-04-24,30.7083311167713,-99.45833333333125,0.0,0.0
2009-04-25,30.7083311167713,-99.45833333333125,0.0,0.0
2009-04-26,30.7083311167713,-99.45833333333125,0.31,0.56
2009-04-27,30.7083311167713,-99.45833333333125,0.74,1.06
2009-04-28,30.7083311167713,-99.45833333333125,0.0,0.0
2009-04-29,30.7083311167713,-99.45833333333125,0.01,0.0
2009-04-30,30.7083311167713,-99.45833333333125,0.0,0.0
2009-05-01,30.7083311167713,-99.45833333333125,0.0,0.0
2009-05-02,30.7083311167713,-99.45833333333125,0.0,0.0
2009-05-03,30.7083311167713,-99.45833333333125,0.0,0.0
2009-05-04,30.7083311167713,-99.45833333333125,0.0,0.0
2009-05-05,30.7083311167713,-99.45833333333125,0.0,0.0
2009-05-06,30.7083311167713,-99.45833333333125,0.0,0.0
2009-05-07,30.7083311167713,-99.45833333333125,0.0,0.0
2009-05-08,30.7083311167713,-99.45833333333125,0.0,0.0
2009-05-09,30.7083311167713,-99.45833333333125,0.0,0.0
2009-05-10,30.7083311167713,-99.45833333333125,0.0,0.0
2009-05-11,30.7083311167713,-99.45833333333125,0.0,0.0
2009-05-12,30.7083311167713,-99.45833333333125,0.0,0.0
2009-05-13,30.7083311167713,-99.45833333333125,0.0,0.0
2009-05-14,30.7083311167713,-99.45833333333125,0.0,0.0
2009-05-15,30.7083311167713,-99.45833333333125,0.0,0.0
2009-05-16,30.7083311167713,-99.45833333333125,0.39,0.38
2009-05-17,30.7083311167713,-99.45833333333125,0.0,0.0
2009-05-18,30.7083311167713,-99.45833333333125,0.0,0.0
2009-05-19,30.7083311167713,-99.45833333333125,0.0,0.0
2009-05-20,30.7083311167713,-99.45833333333125,0.0,0.0
2009-05-21,30.7083311167713,-99.45833333333125,0.0,0.0
2009-05-22,30.7083311167713,-99.45833333333125,0.01,0.0
2009-05-23,30.7083311167713,-99.45833333333125,0.07,0.2
2009-05-24,30.7083311167713,-99.45833333333125,0.09,0.21
2009-05-25,30.7083311167713,-99.45833333333125,0.0,0.0
2009-05-26,30.7083311167713,-99.45833333333125,0.0,0.02
2009-05-27,30.7083311167713,-99.45833333333125,0.0,0.02
2009-05-28,30.7083311167713,-99.45833333333125,0.18,0.06
2009-05-29,30.7083311167713,-99.45833333333125,0.17,0.4
2009-05-30,30.7083311167713,-99.45833333333125,0.0,0.0
2009-05-31,30.7083311167713,-99.45833333333125,0.0,0.0
2009-06-01,30.7083311167713,-99.45833333333125,0.0,0.0
2009-06-02,30.7083311167713,-99.45833333333125,0.26,0.32
2009-06-03,30.7083311167713,-99.45833333333125,0.0,0.0
2009-06-04,30.7083311167713,-99.45833333333125,0.0,0.0
2009-06-05,30.7083311167713,-99.45833333333125,0.0,0.0
2009-06-06,30.7083311167713,-99.45833333333125,0.0,0.0
2009-06-07,30.7083311167713,-99.45833333333125,0.0,0.0
2009-06-08,30.7083311167713,-99.45833333333125,0.0,0.0
2009-06-09,30.7083311167713,-99.45833333333125,0.0,0.0
2009-06-10,30.7083311167713,-99.45833333333125,0.0,0.0
2009-06-11,30.7083311167713,-99.45833333333125,0.0,0.0
2009-06-12,30.7083311167713,-99.45833333333125,0.0,0.08
2009-06-13,30.7083311167713,-99.45833333333125,0.0,0.25
2009-06-14,30.7083311167713,-99.45833333333125,0.0,0.0
2009-06-15,30.7083311167713,-99.45833333333125,0.0,0.0
2009-06-16,30.7083311167713,-99.45833333333125,0.0,0.0
2009-06-17,30.7083311167713,-99.45833333333125,0.0,0.0
2009-06-18,30.7083311167713,-99.45833333333125,0.0,0.0
2009-06-19,30.7083311167713,-99.45833333333125,0.0,0.0
2009-06-20,30.7083311167713,-99.45833333333125,0.0,0.0
2009-06-21,30.7083311167713,-99.45833333333125,0.0,0.0
2009-06-22,30.7083311167713,-99.45833333333125,0.0,0.0
2009-06-23,30.7083311167713,-99.45833333333125,0.0,0.0
2009-06-24,30.7083311167713,-99.45833333333125,0.0,0.0
2009-06-25,30.7083311167713,-99.45833333333125,0.0,0.0
2009-06-26,30.7083311167713,-99.45833333333125,0.0,0.0
2009-06-27,30.7083311167713,-99.45833333333125,0.0,0.0
2009-06-28,30.7083311167713,-99.45833333333125,0.0,0.0
2009-06-29,30.7083311167713,-99.45833333333125,0.0,0.01
2009-06-30,30.7083311167713,-99.45833333333125,1.08,0.87
2009-07-01,30.7083311167713,-99.45833333333125,2.28,1.7
2009-07-02,30.7083311167713,-99.45833333333125,0.0,0.0
2009-07-03,30.7083311167713,-99.45833333333125,0.0,0.0
2009-07-04,30.7083311167713,-99.45833333333125,0.0,0.0
2009-07-05,30.7083311167713,-99.45833333333125,0.0,0.0
2009-07-06,30.7083311167713,-99.45833333333125,0.04,0.03
2009-07-07,30.7083311167713,-99.45833333333125,0.0,0.0
2009-07-08,30.7083311167713,-99.45833333333125,0.0,0.0
2009-07-09,30.7083311167713,-99.45833333333125,0.0,0.0
2009-07-10,30.7083311167713,-99.45833333333125,0.0,0.0
2009-07-11,30.7083311167713,-99.45833333333125,0.0,0.0
2009-07-12,30.7083311167713,-99.45833333333125,0.0,0.0
2009-07-13,30.7083311167713,-99.45833333333125,0.0,0.0
2009-07-14,30.7083311167713,-99.45833333333125,0.0,0.0
2009-07-15,30.7083311167713,-99.45833333333125,0.0,0.0
2009-07-16,30.7083311167713,-99.45833333333125,0.0,0.0
2009-07-17,30.7083311167713,-99.45833333333125,0.0,0.05
2009-07-18,30.7083311167713,-99.45833333333125,0.0,0.0
2009-07-19,30.7083311167713,-99.45833333333125,0.19,0.29
2009-07-20,30.7083311167713,-99.45833333333125,0.71,0.19
2009-07-21,30.7083311167713,-99.45833333333125,0.0,0.0
2009-07-22,30.7083311167713,-99.45833333333125,1.42,0.98
2009-07-23,30.7083311167713,-99.45833333333125,0.01,0.0
2009-07-24,30.7083311167713,-99.45833333333125,0.0,0.0
2009-07-25,30.7083311167713,-99.45833333333125,0.0,0.0
2009-07-26,30.7083311167713,-99.45833333333125,0.0,0.0
2009-07-27,30.7083311167713,-99.45833333333125,0.0,0.0
2009-07-28,30.7083311167713,-99.45833333333125,0.0,0.0
2009-07-29,30.7083311167713,-99.45833333333125,0.06,0.14
2009-07-30,30.7083311167713,-99.45833333333125,1.54,0.95
2009-07-31,30.7083311167713,-99.45833333333125,0.15,0.34
2009-08-01,30.7083311167713,-99.45833333333125,0.0,0.0
2009-08-02,30.7083311167713,-99.45833333333125,0.09,0.06
2009-08-03,30.7083311167713,-99.45833333333125,0.0,0.0
2009-08-04,30.7083311167713,-99.45833333333125,0.0,0.0
2009-08-05,30.7083311167713,-99.45833333333125,0.0,0.0
2009-08-06,30.7083311167713,-99.45833333333125,0.0,0.0
2009-08-07,30.7083311167713,-99.45833333333125,0.0,0.0
2009-08-08,30.7083311167713,-99.45833333333125,0.0,0.0
2009-08-09,30.7083311167713,-99.45833333333125,0.0,0.0
2009-08-10,30.7083311167713,-99.45833333333125,0.0,0.0
2009-08-11,30.7083311167713,-99.45833333333125,0.0,0.0
2009-08-12,30.7083311167713,-99.45833333333125,0.08,0.14
2009-08-13,30.7083311167713,-99.45833333333125,0.0,0.02
2009-08-14,30.7083311167713,-99.45833333333125,0.0,0.0
2009-08-15,30.7083311167713,-99.45833333333125,0.0,0.0
2009-08-16,30.7083311167713,-99.45833333333125,0.0,0.0
2009-08-17,30.7083311167713,-99.45833333333125,0.0,0.0
2009-08-18,30.7083311167713,-99.45833333333125,0.0,0.0
2009-08-19,30.7083311167713,-99.45833333333125,0.0,0.0
2009-08-20,30.7083311167713,-99.45833333333125,0.0,0.0
2009-08-21,30.7083311167713,-99.45833333333125,0.0,0.0
2009-08-22,30.7083311167713,-99.45833333333125,0.0,0.02
2009-08-23,30.7083311167713,-99.45833333333125,0.0,0.0
2009-08-24,30.7083311167713,-99.45833333333125,0.0,0.0
2009-08-25,30.7083311167713,-99.45833333333125,0.0,0.0
2009-08-26,30.7083311167713,-99.45833333333125,0.0,0.0
2009-08-27,30.7083311167713,-99.45833333333125,0.07,0.23
2009-08-28,30.7083311167713,-99.45833333333125,0.0,0.0
2009-08-29,30.7083311167713,-99.45833333333125,0.0,0.0
2009-08-30,30.7083311167713,-99.45833333333125,0.0,0.0
2009-08-31,30.7083311167713,-99.45833333333125,0.0,0.0
2009-09-01,30.7083311167713,-99.45833333333125,0.0,0.0
2009-09-02,30.7083311167713,-99.45833333333125,0.0,0.0
2009-09-03,30.7083311167713,-99.45833333333125,0.0,0.0
2009-09-04,30.7083311167713,-99.45833333333125,0.07,0.21
2009-09-05,30.7083311167713,-99.45833333333125,1.22,0.55
2009-09-06,30.7083311167713,-99.45833333333125,0.0,0.02
2009-09-07,30.7083311167713,-99.45833333333125,0.0,0.0
2009-09-08,30.7083311167713,-99.45833333333125,0.0,0.0
2009-09-09,30.7083311167713,-99.45833333333125,0.1,0.14
2009-09-10,30.7083311167713,-99.45833333333125,0.53,0.64
2009-09-11,30.7083311167713,-99.45833333333125,1.15,1.09
2009-09-12,30.7083311167713,-99.45833333333125,3.05,1.78
2009-09-13,30.7083311167713,-99.45833333333125,0.1,0.16
2009-09-14,30.7083311167713,-99.45833333333125,0.01,0.02
2009-09-15,30.7083311167713,-99.45833333333125,0.0,0.0
2009-09-16,30.7083311167713,-99.45833333333125,0.0,0.0
2009-09-17,30.7083311167713,-99.45833333333125,0.0,0.0
2009-09-18,30.7083311167713,-99.45833333333125,0.0,0.0
2009-09-19,30.7083311167713,-99.45833333333125,0.0,0.0
2009-09-20,30.7083311167713,-99.45833333333125,0.0,0.0
2009-09-21,30.7083311167713,-99.45833333333125,0.0,0.0
2009-09-22,30.7083311167713,-99.45833333333125,0.13,0.51
2009-09-23,30.7083311167713,-99.45833333333125,0.08,0.07
2009-09-24,30.7083311167713,-99.45833333333125,0.0,0.0
2009-09-25,30.7083311167713,-99.45833333333125,0.0,0.0
2009-09-26,30.7083311167713,-99.45833333333125,0.0,0.0
2009-09-27,30.7083311167713,-99.45833333333125,0.0,0.0
2009-09-28,30.7083311167713,-99.45833333333125,0.0,0.0
2009-09-29,30.7083311167713,-99.45833333333125,0.0,0.14
2009-09-30,30.7083311167713,-99.45833333333125,0.0,0.0
2009-10-01,30.7083311167713,-99.45833333333125,0.13,0.31
2009-10-02,30.7083311167713,-99.45833333333125,0.0,0.0
2009-10-03,30.7083311167713,-99.45833333333125,0.1,0.13
2009-10-04,30.7083311167713,-99.45833333333125,0.13,0.76
2009-10-05,30.7083311167713,-99.45833333333125,0.0,0.0
2009-10-06,30.7083311167713,-99.45833333333125,0.0,0.0
2009-10-07,30.7083311167713,-99.45833333333125,0.0,0.0
2009-10-08,30.7083311167713,-99.45833333333125,0.04,0.0
2009-10-09,30.7083311167713,-99.45833333333125,0.64,0.67
2009-10-10,30.7083311167713,-99.45833333333125,0.0,0.0
2009-10-11,30.7083311167713,-99.45833333333125,0.02,0.01
2009-10-12,30.7083311167713,-99.45833333333125,0.02,0.01
2009-10-13,30.7083311167713,-99.45833333333125,0.15,0.13
2009-10-14,30.7083311167713,-99.45833333333125,0.0,0.0
2009-10-15,30.7083311167713,-99.45833333333125,0.0,0.0
2009-10-16,30.7083311167713,-99.45833333333125,0.0,0.0
2009-10-17,30.7083311167713,-99.45833333333125,0.0,0.0
2009-10-18,30.7083311167713,-99.45833333333125,0.0,0.0
2009-10-19,30.7083311167713,-99.45833333333125,0.0,0.0
2009-10-20,30.7083311167713,-99.45833333333125,0.0,0.0
2009-10-21,30.7083311167713,-99.45833333333125,0.56,0.54
2009-10-22,30.7083311167713,-99.45833333333125,0.44,0.49
2009-10-23,30.7083311167713,-99.45833333333125,0.0,0.0
2009-10-24,30.7083311167713,-99.45833333333125,0.0,0.0
2009-10-25,30.7083311167713,-99.45833333333125,0.0,0.02
2009-10-26,30.7083311167713,-99.45833333333125,1.06,1.66
2009-10-27,30.7083311167713,-99.45833333333125,0.0,0.0
2009-10-28,30.7083311167713,-99.45833333333125,0.0,0.0
2009-10-29,30.7083311167713,-99.45833333333125,0.0,0.0
2009-10-30,30.7083311167713,-99.45833333333125,0.01,0.01
2009-10-31,30.7083311167713,-99.45833333333125,0.0,0.0
2009-11-01,30.7083311167713,-99.45833333333125,0.0,0.0
2009-11-02,30.7083311167713,-99.45833333333125,0.0,0.0
2009-11-03,30.7083311167713,-99.45833333333125,0.0,0.0
2009-11-04,30.7083311167713,-99.45833333333125,0.0,0.0
2009-11-05,30.7083311167713,-99.45833333333125,0.0,0.0
2009-11-06,30.7083311167713,-99.45833333333125,0.0,0.0
2009-11-07,30.7083311167713,-99.45833333333125,0.0,0.0
2009-11-08,30.7083311167713,-99.45833333333125,0.0,0.05
2009-11-09,30.7083311167713,-99.45833333333125,0.15,0.14
2009-11-10,30.7083311167713,-99.45833333333125,0.01,0.01
2009-11-11,30.7083311167713,-99.45833333333125,0.0,0.0
2009-11-12,30.7083311167713,-99.45833333333125,0.0,0.0
2009-11-13,30.7083311167713,-99.45833333333125,0.0,0.0
2009-11-14,30.7083311167713,-99.45833333333125,0.0,0.0
2009-11-15,30.7083311167713,-99.45833333333125,0.0,0.0
2009-11-16,30.7083311167713,-99.45833333333125,0.0,0.0
2009-11-17,30.7083311167713,-99.45833333333125,0.0,0.0
2009-11-18,30.7083311167713,-99.45833333333125,0.0,0.0
2009-11-19,30.7083311167713,-99.45833333333125,0.0,0.0
2009-11-20,30.7083311167713,-99.45833333333125,0.36,0.38
2009-11-21,30.7083311167713,-99.45833333333125,0.0,0.0
2009-11-22,30.7083311167713,-99.45833333333125,0.0,0.0
2009-11-23,30.7083311167713,-99.45833333333125,0.0,0.0
2009-11-24,30.7083311167713,-99.45833333333125,0.0,0.01
2009-11-25,30.7083311167713,-99.45833333333125,0.0,0.0
2009-11-26,30.7083311167713,-99.45833333333125,0.0,0.0
2009-11-27,30.7083311167713,-99.45833333333125,0.0,0.0
2009-11-28,30.7083311167713,-99.45833333333125,0.0,0.0
2009-11-29,30.7083311167713,-99.45833333333125,0.02,0.01
2009-11-30,30.7083311167713,-99.45833333333125,0.05,0.08
2009-12-01,30.7083311167713,-99.45833333333125,0.62,0.55
2009-12-02,30.7083311167713,-99.45833333333125,0.0,0.0
2009-12-03,30.7083311167713,-99.45833333333125,0.0,0.0
2009-12-04,30.7083311167713,-99.45833333333125,0.05,0.03
2009-12-05,30.7083311167713,-99.45833333333125,0.01,0.0
2009-12-06,30.7083311167713,-99.45833333333125,0.0,0.0
2009-12-07,30.7083311167713,-99.45833333333125,0.01,0.02
2009-12-08,30.7083311167713,-99.45833333333125,0.02,0.02
2009-12-09,30.7083311167713,-99.45833333333125,0.0,0.0
2009-12-10,30.7083311167713,-99.45833333333125,0.0,0.0
2009-12-11,30.7083311167713,-99.45833333333125,0.02,0.01
2009-12-12,30.7083311167713,-99.45833333333125,0.01,0.02
2009-12-13,30.7083311167713,-99.45833333333125,0.01,0.0
2009-12-14,30.7083311167713,-99.45833333333125,0.0,0.0
2009-12-15,30.7083311167713,-99.45833333333125,0.0,0.0
2009-12-16,30.7083311167713,-99.45833333333125,0.0,0.0
2009-12-17,30.7083311167713,-99.45833333333125,0.0,0.0
2009-12-18,30.7083311167713,-99.45833333333125,0.0,0.0
2009-12-19,30.7083311167713,-99.45833333333125,0.0,0.0
2009-12-20,30.7083311167713,-99.45833333333125,0.0,0.0
2009-12-21,30.7083311167713,-99.45833333333125,0.0,0.0
2009-12-22,30.7083311167713,-99.45833333333125,0.0,0.0
2009-12-23,30.7083311167713,-99.45833333333125,0.02,0.02
2009-12-24,30.7083311167713,-99.45833333333125,0.23,0.25
2009-12-25,30.7083311167713,-99.45833333333125,0.0,0.0
2009-12-26,30.7083311167713,-99.45833333333125,0.0,0.0
2009-12-27,30.7083311167713,-99.45833333333125,0.0,0.0
2009-12-28,30.7083311167713,-99.45833333333125,0.0,0.0
2009-12-29,30.7083311167713,-99.45833333333125,0.2,0.11
2009-12-30,30.7083311167713,-99.45833333333125,0.01,0.06
2009-12-31,30.7083311167713,-99.45833333333125,0.0,0.0
2010-01-01,30.7083311167713,-99.45833333333125,0.0,0.0
2010-01-02,30.7083311167713,-99.45833333333125,0.0,0.0
2010-01-03,30.7083311167713,-99.45833333333125,0.0,0.0
2010-01-04,30.7083311167713,-99.45833333333125,0.0,0.0
2010-01-05,30.7083311167713,-99.45833333333125,0.0,0.0
2010-01-06,30.7083311167713,-99.45833333333125,0.0,0.0
2010-01-07,30.7083311167713,-99.45833333333125,0.0,0.0
2010-01-08,30.7083311167713,-99.45833333333125,0.0,0.0
2010-01-09,30.7083311167713,-99.45833333333125,0.0,0.0
2010-01-10,30.7083311167713,-99.45833333333125,0.0,0.0
2010-01-11,30.7083311167713,-99.45833333333125,0.0,0.0
2010-01-12,30.7083311167713,-99.45833333333125,0.0,0.0
2010-01-13,30.7083311167713,-99.45833333333125,0.0,0.0
2010-01-14,30.7083311167713,-99.45833333333125,0.01,0.02
2010-01-15,30.7083311167713,-99.45833333333125,0.69,0.8
2010-01-16,30.7083311167713,-99.45833333333125,0.1,0.12
2010-01-17,30.7083311167713,-99.45833333333125,0.01,0.0
2010-01-18,30.7083311167713,-99.45833333333125,0.0,0.0
2010-01-19,30.7083311167713,-99.45833333333125,0.0,0.0
2010-01-20,30.7083311167713,-99.45833333333125,0.0,0.0
2010-01-21,30.7083311167713,-99.45833333333125,0.0,0.0
2010-01-22,30.7083311167713,-99.45833333333125,0.0,0.01
2010-01-23,30.7083311167713,-99.45833333333125,0.04,0.03
2010-01-24,30.7083311167713,-99.45833333333125,0.0,0.0
2010-01-25,30.7083311167713,-99.45833333333125,0.0,0.0
2010-01-26,30.7083311167713,-99.45833333333125,0.0,0.0
2010-01-27,30.7083311167713,-99.45833333333125,0.0,0.0
2010-01-28,30.7083311167713,-99.45833333333125,2.21,1.71
2010-01-29,30.7083311167713,-99.45833333333125,0.79,0.64
2010-01-30,30.7083311167713,-99.45833333333125,0.0,0.0
2010-01-31,30.7083311167713,-99.45833333333125,0.0,0.0
2010-02-01,30.7083311167713,-99.45833333333125,0.0,0.0
2010-02-02,30.7083311167713,-99.45833333333125,0.03,0.01
2010-02-03,30.7083311167713,-99.45833333333125,1.23,1.39
2010-02-04,30.7083311167713,-99.45833333333125,0.1,0.07
2010-02-05,30.7083311167713,-99.45833333333125,0.0,0.0
2010-02-06,30.7083311167713,-99.45833333333125,0.0,0.0
2010-02-07,30.7083311167713,-99.45833333333125,0.02,0.01
2010-02-08,30.7083311167713,-99.45833333333125,0.07,0.15
2010-02-09,30.7083311167713,-99.45833333333125,0.0,0.0
2010-02-10,30.7083311167713,-99.45833333333125,0.0,0.0
2010-02-11,30.7083311167713,-99.45833333333125,0.67,0.44
2010-02-12,30.7083311167713,-99.45833333333125,0.0,0.0
2010-02-13,30.7083311167713,-99.45833333333125,0.0,0.01
2010-02-14,30.7083311167713,-99.45833333333125,0.0,0.0
2010-02-15,30.7083311167713,-99.45833333333125,0.0,0.0
2010-02-16,30.7083311167713,-99.45833333333125,0.0,0.0
2010-02-17,30.7083311167713,-99.45833333333125,0.0,0.0
2010-02-18,30.7083311167713,-99.45833333333125,0.0,0.0
2010-02-19,30.7083311167713,-99.45833333333125,0.0,0.0
2010-02-20,30.7083311167713,-99.45833333333125,0.0,0.0
2010-02-21,30.7083311167713,-99.45833333333125,0.0,0.01
2010-02-22,30.7083311167713,-99.45833333333125,0.0,0.0
2010-02-23,30.7083311167713,-99.45833333333125,0.03,0.02
2010-02-24,30.7083311167713,-99.45833333333125,0.05,0.03
2010-02-25,30.7083311167713,-99.45833333333125,0.0,0.01
2010-02-26,30.7083311167713,-99.45833333333125,0.0,0.0
2010-02-27,30.7083311167713,-99.45833333333125,0.0,0.0
2010-02-28,30.7083311167713,-99.45833333333125,0.42,0.42
2010-03-01,30.7083311167713,-99.45833333333125,0.07,0.09
2010-03-02,30.7083311167713,-99.45833333333125,0.0,0.0
2010-03-03,30.7083311167713,-99.45833333333125,0.0,0.0
2010-03-04,30.7083311167713,-99.45833333333125,0.0,0.0
2010-03-05,30.7083311167713,-99.45833333333125,0.0,0.0
2010-03-06,30.7083311167713,-99.45833333333125,0.0,0.0
2010-03-07,30.7083311167713,-99.45833333333125,0.04,0.02
2010-03-08,30.7083311167713,-99.45833333333125,0.08,0.28
2010-03-09,30.7083311167713,-99.45833333333125,0.0,0.0
2010-03-10,30.7083311167713,-99.45833333333125,0.0,0.0
2010-03-11,30.7083311167713,-99.45833333333125,0.0,0.01
2010-03-12,30.7083311167713,-99.45833333333125,0.0,0.0
2010-03-13,30.7083311167713,-99.45833333333125,0.0,0.0
2010-03-14,30.7083311167713,-99.45833333333125,0.0,0.0
2010-03-15,30.7083311167713,-99.45833333333125,0.62,0.58
2010-03-16,30.7083311167713,-99.45833333333125,0.11,0.16
2010-03-17,30.7083311167713,-99.45833333333125,0.0,0.0
2010-03-18,30.7083311167713,-99.45833333333125,0.0,0.0
2010-03-19,30.7083311167713,-99.45833333333125,0.0,0.0
2010-03-20,30.7083311167713,-99.45833333333125,0.58,0.59
2010-03-21,30.7083311167713,-99.45833333333125,0.0,0.0
2010-03-22,30.7083311167713,-99.45833333333125,0.0,0.0
2010-03-23,30.7083311167713,-99.45833333333125,0.0,0.0
2010-03-24,30.7083311167713,-99.45833333333125,0.23,0.31
2010-03-25,30.7083311167713,-99.45833333333125,0.0,0.0
2010-03-26,30.7083311167713,-99.45833333333125,0.0,0.0
2010-03-27,30.7083311167713,-99.45833333333125,0.0,0.0
2010-03-28,30.7083311167713,-99.45833333333125,0.0,0.0
2010-03-29,30.7083311167713,-99.45833333333125,0.0,0.0
2010-03-30,30.7083311167713,-99.45833333333125,0.0,0.0
2010-03-31,30.7083311167713,-99.45833333333125,0.0,0.0
2010-04-01,30.7083311167713,-99.45833333333125,0.0,0.0
2010-04-02,30.7083311167713,-99.45833333333125,0.02,0.02
2010-04-03,30.7083311167713,-99.45833333333125,0.0,0.0
2010-04-04,30.7083311167713,-99.45833333333125,0.0,0.0
2010-04-05,30.7083311167713,-99.45833333333125,0.0,0.0
2010-04-06,30.7083311167713,-99.45833333333125,0.0,0.0
2010-04-07,30.7083311167713,-99.45833333333125,0.0,0.01
2010-04-08,30.7083311167713,-99.45833333333125,0.0,0.0
2010-04-09,30.7083311167713,-99.45833333333125,0.0,0.0
2010-04-10,30.7083311167713,-99.45833333333125,0.0,0.0
2010-04-11,30.7083311167713,-99.45833333333125,0.0,0.0
2010-04-12,30.7083311167713,-99.45833333333125,0.0,0.01
2010-04-13,30.7083311167713,-99.45833333333125,0.05,0.0
2010-04-14,30.7083311167713,-99.45833333333125,0.37,0.3
2010-04-15,30.7083311167713,-99.45833333333125,1.2,1.39
2010-04-16,30.7083311167713,-99.45833333333125,0.54,0.82
2010-04-17,30.7083311167713,-99.45833333333125,0.06,0.23
2010-04-18,30.7083311167713,-99.45833333333125,0.0,0.0
2010-04-19,30.7083311167713,-99.45833333333125,0.0,0.0
2010-04-20,30.7083311167713,-99.45833333333125,0.0,0.0
2010-04-21,30.7083311167713,-99.45833333333125,0.0,0.0
2010-04-22,30.7083311167713,-99.45833333333125,0.0,0.0
2010-04-23,30.7083311167713,-99.45833333333125,0.27,0.38
2010-04-24,30.7083311167713,-99.45833333333125,0.05,0.06
2010-04-25,30.7083311167713,-99.45833333333125,0.0,0.0
2010-04-26,30.7083311167713,-99.45833333333125,0.0,0.0
2010-04-27,30.7083311167713,-99.45833333333125,0.0,0.0
2010-04-28,30.7083311167713,-99.45833333333125,0.0,0.0
2010-04-29,30.7083311167713,-99.45833333333125,0.0,0.0
2010-04-30,30.7083311167713,-99.45833333333125,0.0,0.0
2010-05-01,30.7083311167713,-99.45833333333125,0.07,0.16
2010-05-02,30.7083311167713,-99.45833333333125,0.0,0.0
2010-05-03,30.7083311167713,-99.45833333333125,0.0,0.0
2010-05-04,30.7083311167713,-99.45833333333125,0.0,0.0
2010-05-05,30.7083311167713,-99.45833333333125,0.0,0.0
2010-05-06,30.7083311167713,-99.45833333333125,0.0,0.0
2010-05-07,30.7083311167713,-99.45833333333125,0.0,0.0
2010-05-08,30.7083311167713,-99.45833333333125,0.0,0.0
2010-05-09,30.7083311167713,-99.45833333333125,0.0,0.0
2010-05-10,30.7083311167713,-99.45833333333125,0.0,0.0
2010-05-11,30.7083311167713,-99.45833333333125,0.0,0.0
2010-05-12,30.7083311167713,-99.45833333333125,0.0,0.0
2010-05-13,30.7083311167713,-99.45833333333125,0.0,0.01
2010-05-14,30.7083311167713,-99.45833333333125,0.35,0.41
2010-05-15,30.7083311167713,-99.45833333333125,0.92,0.36
2010-05-16,30.7083311167713,-99.45833333333125,0.0,0.0
2010-05-17,30.7083311167713,-99.45833333333125,1.16,0.99
2010-05-18,30.7083311167713,-99.45833333333125,0.0,0.0
2010-05-19,30.7083311167713,-99.45833333333125,0.0,0.0
2010-05-20,30.7083311167713,-99.45833333333125,0.0,0.0
2010-05-21,30.7083311167713,-99.45833333333125,0.0,0.0
2010-05-22,30.7083311167713,-99.45833333333125,0.0,0.0
2010-05-23,30.7083311167713,-99.45833333333125,0.0,0.0
2010-05-24,30.7083311167713,-99.45833333333125,1.08,2.3
2010-05-25,30.7083311167713,-99.45833333333125,0.12,0.3
2010-05-26,30.7083311167713,-99.45833333333125,0.0,0.0
2010-05-27,30.7083311167713,-99.45833333333125,0.0,0.0
2010-05-28,30.7083311167713,-99.45833333333125,0.0,0.0
2010-05-29,30.7083311167713,-99.45833333333125,0.0,0.0
2010-05-30,30.7083311167713,-99.45833333333125,0.0,0.0
2010-05-31,30.7083311167713,-99.45833333333125,0.0,0.0
2010-06-01,30.7083311167713,-99.45833333333125,0.0,0.0
2010-06-02,30.7083311167713,-99.45833333333125,0.8,0.17
2010-06-03,30.7083311167713,-99.45833333333125,0.01,0.0
2010-06-04,30.7083311167713,-99.45833333333125,0.0,0.0
2010-06-05,30.7083311167713,-99.45833333333125,0.0,0.0
2010-06-06,30.7083311167713,-99.45833333333125,0.0,0.0
2010-06-07,30.7083311167713,-99.45833333333125,0.0,0.0
2010-06-08,30.7083311167713,-99.45833333333125,0.0,0.0
2010-06-09,30.7083311167713,-99.45833333333125,0.0,0.0
2010-06-10,30.7083311167713,-99.45833333333125,0.0,0.0
2010-06-11,30.7083311167713,-99.45833333333125,0.0,0.0
2010-06-12,30.7083311167713,-99.45833333333125,0.0,0.0
2010-06-13,30.7083311167713,-99.45833333333125,0.0,0.0
2010-06-14,30.7083311167713,-99.45833333333125,0.0,0.0
2010-06-15,30.7083311167713,-99.45833333333125,0.0,0.0
2010-06-16,30.7083311167713,-99.45833333333125,0.0,0.0
2010-06-17,30.7083311167713,-99.45833333333125,0.0,0.0
2010-06-18,30.7083311167713,-99.45833333333125,0.0,0.0
2010-06-19,30.7083311167713,-99.45833333333125,0.0,0.0
2010-06-20,30.7083311167713,-99.45833333333125,0.0,0.0
2010-06-21,30.7083311167713,-99.45833333333125,0.0,0.0
2010-06-22,30.7083311167713,-99.45833333333125,0.0,0.0
2010-06-23,30.7083311167713,-99.45833333333125,0.0,0.0
2010-06-24,30.7083311167713,-99.45833333333125,0.01,0.0
2010-06-25,30.7083311167713,-99.45833333333125,0.0,0.0
2010-06-26,30.7083311167713,-99.45833333333125,0.0,0.0
2010-06-27,30.7083311167713,-99.45833333333125,0.0,0.06
2010-06-28,30.7083311167713,-99.45833333333125,0.61,0.68
2010-06-29,30.7083311167713,-99.45833333333125,1.42,0.92
2010-06-30,30.7083311167713,-99.45833333333125,0.48,0.45
2010-07-01,30.7083311167713,-99.45833333333125,1.55,1.92
2010-07-02,30.7083311167713,-99.45833333333125,1.18,1.45
2010-07-03,30.7083311167713,-99.45833333333125,0.09,0.05
2010-07-04,30.7083311167713,-99.45833333333125,0.0,0.0
2010-07-05,30.7083311167713,-99.45833333333125,0.0,0.0
2010-07-06,30.7083311167713,-99.45833333333125,0.0,0.0
2010-07-07,30.7083311167713,-99.45833333333125,0.0,0.24
2010-07-08,30.7083311167713,-99.45833333333125,0.43,0.53
2010-07-09,30.7083311167713,-99.45833333333125,0.04,0.19
2010-07-10,30.7083311167713,-99.45833333333125,0.0,0.01
2010-07-11,30.7083311167713,-99.45833333333125,0.0,0.0
2010-07-12,30.7083311167713,-99.45833333333125,0.0,0.0
2010-07-13,30.7083311167713,-99.45833333333125,0.0,0.0
2010-07-14,30.7083311167713,-99.45833333333125,0.0,0.0
2010-07-15,30.7083311167713,-99.45833333333125,0.0,0.0
2010-07-16,30.7083311167713,-99.45833333333125,0.0,0.0
2010-07-17,30.7083311167713,-99.45833333333125,0.0,0.0
2010-07-18,30.7083311167713,-99.45833333333125,0.0,0.0
2010-07-19,30.7083311167713,-99.45833333333125,0.0,0.0
2010-07-20,30.7083311167713,-99.45833333333125,0.0,0.0
2010-07-21,30.7083311167713,-99.45833333333125,0.0,0.0
2010-07-22,30.7083311167713,-99.45833333333125,0.0,0.0
2010-07-23,30.7083311167713,-99.45833333333125,0.0,0.01
2010-07-24,30.7083311167713,-99.45833333333125,0.0,0.0
2010-07-25,30.7083311167713,-99.45833333333125,0.23,0.0
2010-07-26,30.7083311167713,-99.45833333333125,0.01,0.07
2010-07-27,30.7083311167713,-99.45833333333125,0.01,0.01
2010-07-28,30.7083311167713,-99.45833333333125,0.01,0.0
2010-07-29,30.7083311167713,-99.45833333333125,0.0,0.0
2010-07-30,30.7083311167713,-99.45833333333125,0.0,0.0
2010-07-31,30.7083311167713,-99.45833333333125,0.0,0.0
2010-08-01,30.7083311167713,-99.45833333333125,0.0,0.0
2010-08-02,30.7083311167713,-99.45833333333125,0.0,0.0
2010-08-03,30.7083311167713,-99.45833333333125,0.0,0.0
2010-08-04,30.7083311167713,-99.45833333333125,0.0,0.0
2010-08-05,30.7083311167713,-99.45833333333125,0.0,0.0
2010-08-06,30.7083311167713,-99.45833333333125,0.0,0.0
2010-08-07,30.7083311167713,-99.45833333333125,0.0,0.0
2010-08-08,30.7083311167713,-99.45833333333125,0.0,0.0
2010-08-09,30.7083311167713,-99.45833333333125,0.0,0.0
2010-08-10,30.7083311167713,-99.45833333333125,0.0,0.0
2010-08-11,30.7083311167713,-99.45833333333125,0.0,0.0
2010-08-12,30.7083311167713,-99.45833333333125,0.0,0.0
2010-08-13,30.7083311167713,-99.45833333333125,0.0,0.0
2010-08-14,30.7083311167713,-99.45833333333125,0.0,0.0
2010-08-15,30.7083311167713,-99.45833333333125,0.0,0.0
2010-08-16,30.7083311167713,-99.45833333333125,0.0,0.0
2010-08-17,30.7083311167713,-99.45833333333125,0.0,0.0
2010-08-18,30.7083311167713,-99.45833333333125,0.0,0.27
2010-08-19,30.7083311167713,-99.45833333333125,0.0,0.0
2010-08-20,30.7083311167713,-99.45833333333125,0.0,0.0
2010-08-21,30.7083311167713,-99.45833333333125,0.0,0.0
2010-08-22,30.7083311167713,-99.45833333333125,0.0,0.0
2010-08-23,30.7083311167713,-99.45833333333125,0.0,0.0
2010-08-24,30.7083311167713,-99.45833333333125,0.0,0.04
2010-08-25,30.7083311167713,-99.45833333333125,0.24,0.33
2010-08-26,30.7083311167713,-99.45833333333125,0.0,0.0
2010-08-27,30.7083311167713,-99.45833333333125,0.0,0.0
2010-08-28,30.7083311167713,-99.45833333333125,0.0,0.0
2010-08-29,30.7083311167713,-99.45833333333125,0.0,0.0
2010-08-30,30.7083311167713,-99.45833333333125,0.0,0.0
2010-08-31,30.7083311167713,-99.45833333333125,0.0,0.0
2010-09-01,30.7083311167713,-99.45833333333125,0.0,0.0
2010-09-02,30.7083311167713,-99.45833333333125,0.34,0.06
2010-09-03,30.7083311167713,-99.45833333333125,0.3,0.32
2010-09-04,30.7083311167713,-99.45833333333125,0.0,0.0
2010-09-05,30.7083311167713,-99.45833333333125,0.0,0.0
2010-09-06,30.7083311167713,-99.45833333333125,0.0,0.0
2010-09-07,30.7083311167713,-99.45833333333125,1.63,1.51
2010-09-08,30.7083311167713,-99.45833333333125,0.0,0.0
2010-09-09,30.7083311167713,-99.45833333333125,0.0,0.0
2010-09-10,30.7083311167713,-99.45833333333125,0.0,0.0
2010-09-11,30.7083311167713,-99.45833333333125,0.0,0.0
2010-09-12,30.7083311167713,-99.45833333333125,0.0,0.0
2010-09-13,30.7083311167713,-99.45833333333125,0.0,0.0
2010-09-14,30.7083311167713,-99.45833333333125,0.0,0.0
2010-09-15,30.7083311167713,-99.45833333333125,0.0,0.0
2010-09-16,30.7083311167713,-99.45833333333125,0.0,0.0
2010-09-17,30.7083311167713,-99.45833333333125,0.02,0.03
2010-09-18,30.7083311167713,-99.45833333333125,0.01,0.0
2010-09-19,30.7083311167713,-99.45833333333125,0.1,0.06
2010-09-20,30.7083311167713,-99.45833333333125,0.2,0.01
2010-09-21,30.7083311167713,-99.45833333333125,0.09,0.08
2010-09-22,30.7083311167713,-99.45833333333125,0.27,0.18
2010-09-23,30.7083311167713,-99.45833333333125,0.0,0.01
2010-09-24,30.7083311167713,-99.45833333333125,0.0,0.01
2010-09-25,30.7083311167713,-99.45833333333125,0.24,0.31
2010-09-26,30.7083311167713,-99.45833333333125,0.0,0.0
2010-09-27,30.7083311167713,-99.45833333333125,0.0,0.0
2010-09-28,30.7083311167713,-99.45833333333125,0.0,0.0
2010-09-29,30.7083311167713,-99.45833333333125,0.0,0.0
2010-09-30,30.7083311167713,-99.45833333333125,0.0,0.0
2010-10-01,30.7083311167713,-99.45833333333125,0.0,0.0
2010-10-02,30.7083311167713,-99.45833333333125,0.0,0.0
2010-10-03,30.7083311167713,-99.45833333333125,0.0,0.0
2010-10-04,30.7083311167713,-99.45833333333125,0.0,0.0
2010-10-05,30.7083311167713,-99.45833333333125,0.0,0.0
2010-10-06,30.7083311167713,-99.45833333333125,0.0,0.0
2010-10-07,30.7083311167713,-99.45833333333125,0.0,0.0
2010-10-08,30.7083311167713,-99.45833333333125,0.0,0.0
2010-10-09,30.7083311167713,-99.45833333333125,0.0,0.0
2010-10-10,30.7083311167713,-99.45833333333125,0.0,0.0
2010-10-11,30.7083311167713,-99.45833333333125,0.0,0.0
2010-10-12,30.7083311167713,-99.45833333333125,0.0,0.0
2010-10-13,30.7083311167713,-99.45833333333125,0.0,0.0
2010-10-14,30.7083311167713,-99.45833333333125,0.0,0.0
2010-10-15,30.7083311167713,-99.45833333333125,0.0,0.0
2010-10-16,30.7083311167713,-99.45833333333125,0.0,0.0
2010-10-17,30.7083311167713,-99.45833333333125,0.0,0.0
2010-10-18,30.7083311167713,-99.45833333333125,0.0,0.0
2010-10-19,30.7083311167713,-99.45833333333125,0.0,0.0
2010-10-20,30.7083311167713,-99.45833333333125,0.0,0.0
2010-10-21,30.7083311167713,-99.45833333333125,0.0,0.0
2010-10-22,30.7083311167713,-99.45833333333125,0.0,0.0
2010-10-23,30.7083311167713,-99.45833333333125,0.07,0.06
2010-10-24,30.7083311167713,-99.45833333333125,0.0,0.0
2010-10-25,30.7083311167713,-99.45833333333125,0.0,0.0
2010-10-26,30.7083311167713,-99.45833333333125,0.0,0.0
2010-10-27,30.7083311167713,-99.45833333333125,0.0,0.0
2010-10-28,30.7083311167713,-99.45833333333125,0.0,0.0
2010-10-29,30.7083311167713,-99.45833333333125,0.0,0.0
2010-10-30,30.7083311167713,-99.45833333333125,0.0,0.0
2010-10-31,30.7083311167713,-99.45833333333125,0.0,0.0
2010-11-01,30.7083311167713,-99.45833333333125,0.0,0.0
2010-11-02,30.7083311167713,-99.45833333333125,0.0,0.0
2010-11-03,30.7083311167713,-99.45833333333125,0.0,0.0
2010-11-04,30.7083311167713,-99.45833333333125,0.0,0.0
2010-11-05,30.7083311167713,-99.45833333333125,0.0,0.0
2010-11-06,30.7083311167713,-99.45833333333125,0.0,0.0
2010-11-07,30.7083311167713,-99.45833333333125,0.0,0.0
2010-11-08,30.7083311167713,-99.45833333333125,0.0,0.0
2010-11-09,30.7083311167713,-99.45833333333125,0.0,0.0
2010-11-10,30.7083311167713,-99.45833333333125,0.0,0.0
2010-11-11,30.7083311167713,-99.45833333333125,0.0,0.0
2010-11-12,30.7083311167713,-99.45833333333125,0.0,0.0
2010-11-13,30.7083311167713,-99.45833333333125,0.0,0.0
2010-11-14,30.7083311167713,-99.45833333333125,0.0,0.0
2010-11-15,30.7083311167713,-99.45833333333125,0.0,0.0
2010-11-16,30.7083311167713,-99.45833333333125,0.0,0.0
2010-11-17,30.7083311167713,-99.45833333333125,0.0,0.0
2010-11-18,30.7083311167713,-99.45833333333125,0.0,0.0
2010-11-19,30.7083311167713,-99.45833333333125,0.0,0.0
2010-11-20,30.7083311167713,-99.45833333333125,0.0,0.0
2010-11-21,30.7083311167713,-99.45833333333125,0.0,0.0
2010-11-22,30.7083311167713,-99.45833333333125,0.0,0.0
2010-11-23,30.7083311167713,-99.45833333333125,0.0,0.0
2010-11-24,30.7083311167713,-99.45833333333125,0.01,0.0
2010-11-25,30.7083311167713,-99.45833333333125,0.0,0.0
2010-11-26,30.7083311167713,-99.45833333333125,0.0,0.0
2010-11-27,30.7083311167713,-99.45833333333125,0.0,0.0
2010-11-28,30.7083311167713,-99.45833333333125,0.0,0.0
2010-11-29,30.7083311167713,-99.45833333333125,0.0,0.0
2010-11-30,30.7083311167713,-99.45833333333125,0.0,0.0
2010-12-01,30.7083311167713,-99.45833333333125,0.0,0.0
2010-12-02,30.7083311167713,-99.45833333333125,0.0,0.0
2010-12-03,30.7083311167713,-99.45833333333125,0.0,0.0
2010-12-04,30.7083311167713,-99.45833333333125,0.0,0.0
2010-12-05,30.7083311167713,-99.45833333333125,0.0,0.0
2010-12-06,30.7083311167713,-99.45833333333125,0.0,0.0
2010-12-07,30.7083311167713,-99.45833333333125,0.0,0.0
2010-12-08,30.7083311167713,-99.45833333333125,0.0,0.0
2010-12-09,30.7083311167713,-99.45833333333125,0.0,0.0
2010-12-10,30.7083311167713,-99.45833333333125,0.0,0.0
2010-12-11,30.7083311167713,-99.45833333333125,0.0,0.0
2010-12-12,30.7083311167713,-99.45833333333125,0.0,0.0
2010-12-13,30.7083311167713,-99.45833333333125,0.0,0.0
2010-12-14,30.7083311167713,-99.45833333333125,0.0,0.0
2010-12-15,30.7083311167713,-99.45833333333125,0.0,0.0
2010-12-16,30.7083311167713,-99.45833333333125,0.0,0.0
2010-12-17,30.7083311167713,-99.45833333333125,0.0,0.0
2010-12-18,30.7083311167713,-99.45833333333125,0.0,0.0
2010-12-19,30.7083311167713,-99.45833333333125,0.0,0.0
2010-12-20,30.7083311167713,-99.45833333333125,0.0,0.0
2010-12-21,30.7083311167713,-99.45833333333125,0.0,0.0
2010-12-22,30.7083311167713,-99.45833333333125,0.0,0.0
2010-12-23,30.7083311167713,-99.45833333333125,0.0,0.01
2010-12-24,30.7083311167713,-99.45833333333125,0.47,0.49
2010-12-25,30.7083311167713,-99.45833333333125,0.0,0.0
2010-12-26,30.7083311167713,-99.45833333333125,0.0,0.0
2010-12-27,30.7083311167713,-99.45833333333125,0.0,0.0
2010-12-28,30.7083311167713,-99.45833333333125,0.09,0.1
2010-12-29,30.7083311167713,-99.45833333333125,0.01,0.0
2010-12-30,30.7083311167713,-99.45833333333125,0.0,0.0
2010-12-31,30.7083311167713,-99.45833333333125,0.0,0.0
2011-01-01,30.7083311167713,-99.45833333333125,0.0,0.0
2011-01-02,30.7083311167713,-99.45833333333125,0.0,0.0
2011-01-03,30.7083311167713,-99.45833333333125,0.0,0.0
2011-01-04,30.7083311167713,-99.45833333333125,0.0,0.0
2011-01-05,30.7083311167713,-99.45833333333125,0.0,0.0
2011-01-06,30.7083311167713,-99.45833333333125,0.0,0.0
2011-01-07,30.7083311167713,-99.45833333333125,0.0,0.0
2011-01-08,30.7083311167713,-99.45833333333125,0.26,0.41
2011-01-09,30.7083311167713,-99.45833333333125,0.39,0.4
2011-01-10,30.7083311167713,-99.45833333333125,0.0,0.0
2011-01-11,30.7083311167713,-99.45833333333125,0.0,0.0
2011-01-12,30.7083311167713,-99.45833333333125,0.0,0.0
2011-01-13,30.7083311167713,-99.45833333333125,0.0,0.0
2011-01-14,30.7083311167713,-99.45833333333125,0.0,0.0
2011-01-15,30.7083311167713,-99.45833333333125,0.03,0.04
2011-01-16,30.7083311167713,-99.45833333333125,0.02,0.05
2011-01-17,30.7083311167713,-99.45833333333125,0.0,0.0
2011-01-18,30.7083311167713,-99.45833333333125,0.0,0.0
2011-01-19,30.7083311167713,-99.45833333333125,0.0,0.0
2011-01-20,30.7083311167713,-99.45833333333125,0.0,0.0
2011-01-21,30.7083311167713,-99.45833333333125,0.0,0.0
2011-01-22,30.7083311167713,-99.45833333333125,0.0,0.0
2011-01-23,30.7083311167713,-99.45833333333125,0.0,0.0
2011-01-24,30.7083311167713,-99.45833333333125,0.0,0.0
2011-01-25,30.7083311167713,-99.45833333333125,0.0,0.0
2011-01-26,30.7083311167713,-99.45833333333125,0.0,0.0
2011-01-27,30.7083311167713,-99.45833333333125,0.0,0.0
2011-01-28,30.7083311167713,-99.45833333333125,0.0,0.0
2011-01-29,30.7083311167713,-99.45833333333125,0.0,0.0
2011-01-30,30.7083311167713,-99.45833333333125,0.0,0.0
2011-01-31,30.7083311167713,-99.45833333333125,0.0,0.0
2011-02-01,30.7083311167713,-99.45833333333125,0.72,0.5
2011-02-02,30.7083311167713,-99.45833333333125,0.0,0.0
2011-02-03,30.7083311167713,-99.45833333333125,0.0,0.0
2011-02-04,30.7083311167713,-99.45833333333125,0.0,0.0
2011-02-05,30.7083311167713,-99.45833333333125,0.0,0.01
2011-02-06,30.7083311167713,-99.45833333333125,0.01,0.0
2011-02-07,30.7083311167713,-99.45833333333125,0.0,0.0
2011-02-08,30.7083311167713,-99.45833333333125,0.0,0.0
2011-02-09,30.7083311167713,-99.45833333333125,0.06,0.06
2011-02-10,30.7083311167713,-99.45833333333125,0.01,0.0
2011-02-11,30.7083311167713,-99.45833333333125,0.0,0.0
2011-02-12,30.7083311167713,-99.45833333333125,0.0,0.0
2011-02-13,30.7083311167713,-99.45833333333125,0.0,0.0
2011-02-14,30.7083311167713,-99.45833333333125,0.0,0.0
2011-02-15,30.7083311167713,-99.45833333333125,0.0,0.0
2011-02-16,30.7083311167713,-99.45833333333125,0.0,0.0
2011-02-17,30.7083311167713,-99.45833333333125,0.0,0.0
2011-02-18,30.7083311167713,-99.45833333333125,0.0,0.0
2011-02-19,30.7083311167713,-99.45833333333125,0.0,0.0
2011-02-20,30.7083311167713,-99.45833333333125,0.0,0.0
2011-02-21,30.7083311167713,-99.45833333333125,0.0,0.0
2011-02-22,30.7083311167713,-99.45833333333125,0.0,0.0
2011-02-23,30.7083311167713,-99.45833333333125,0.0,0.0
2011-02-24,30.7083311167713,-99.45833333333125,0.01,0.01
2011-02-25,30.7083311167713,-99.45833333333125,0.0,0.0
2011-02-26,30.7083311167713,-99.45833333333125,0.0,0.0
2011-02-27,30.7083311167713,-99.45833333333125,0.0,0.0
2011-02-28,30.7083311167713,-99.45833333333125,0.0,0.0
2011-03-01,30.7083311167713,-99.45833333333125,0.0,0.0
2011-03-02,30.7083311167713,-99.45833333333125,0.0,0.0
2011-03-03,30.7083311167713,-99.45833333333125,0.0,0.0
2011-03-04,30.7083311167713,-99.45833333333125,0.0,0.0
2011-03-05,30.7083311167713,-99.45833333333125,0.07,0.03
2011-03-06,30.7083311167713,-99.45833333333125,0.0,0.0
2011-03-07,30.7083311167713,-99.45833333333125,0.0,0.0
2011-03-08,30.7083311167713,-99.45833333333125,0.0,0.0
2011-03-09,30.7083311167713,-99.45833333333125,0.0,0.0
2011-03-10,30.7083311167713,-99.45833333333125,0.0,0.0
2011-03-11,30.7083311167713,-99.45833333333125,0.0,0.0
2011-03-12,30.7083311167713,-99.45833333333125,0.0,0.0
2011-03-13,30.7083311167713,-99.45833333333125,0.0,0.0
2011-03-14,30.7083311167713,-99.45833333333125,0.0,0.0
2011-03-15,30.7083311167713,-99.45833333333125,0.0,0.0
2011-03-16,30.7083311167713,-99.45833333333125,0.0,0.0
2011-03-17,30.7083311167713,-99.45833333333125,0.0,0.0
2011-03-18,30.7083311167713,-99.45833333333125,0.0,0.0
2011-03-19,30.7083311167713,-99.45833333333125,0.0,0.0
2011-03-20,30.7083311167713,-99.45833333333125,0.0,0.0
2011-03-21,30.7083311167713,-99.45833333333125,0.0,0.0
2011-03-22,30.7083311167713,-99.45833333333125,0.0,0.0
2011-03-23,30.7083311167713,-99.45833333333125,0.0,0.0
2011-03-24,30.7083311167713,-99.45833333333125,0.0,0.0
2011-03-25,30.7083311167713,-99.45833333333125,0.0,0.0
2011-03-26,30.7083311167713,-99.45833333333125,0.0,0.0
2011-03-27,30.7083311167713,-99.45833333333125,0.0,0.0
2011-03-28,30.7083311167713,-99.45833333333125,0.0,0.0
2011-03-29,30.7083311167713,-99.45833333333125,0.01,0.0
2011-03-30,30.7083311167713,-99.45833333333125,0.0,0.0
2011-03-31,30.7083311167713,-99.45833333333125,0.0,0.0
2011-04-01,30.7083311167713,-99.45833333333125,0.0,0.0
2011-04-02,30.7083311167713,-99.45833333333125,0.0,0.0
2011-04-03,30.7083311167713,-99.45833333333125,0.0,0.0
2011-04-04,30.7083311167713,-99.45833333333125,0.0,0.0
2011-04-05,30.7083311167713,-99.45833333333125,0.0,0.0
2011-04-06,30.7083311167713,-99.45833333333125,0.0,0.0
2011-04-07,30.7083311167713,-99.45833333333125,0.0,0.0
2011-04-08,30.7083311167713,-99.45833333333125,0.0,0.0
2011-04-09,30.7083311167713,-99.45833333333125,0.0,0.0
2011-04-10,30.7083311167713,-99.45833333333125,0.0,0.12
2011-04-11,30.7083311167713,-99.45833333333125,0.58,0.62
2011-04-12,30.7083311167713,-99.45833333333125,0.0,0.0
2011-04-13,30.7083311167713,-99.45833333333125,0.0,0.0
2011-04-14,30.7083311167713,-99.45833333333125,0.0,0.0
2011-04-15,30.7083311167713,-99.45833333333125,0.0,0.0
2011-04-16,30.7083311167713,-99.45833333333125,0.0,0.0
2011-04-17,30.7083311167713,-99.45833333333125,0.0,0.0
2011-04-18,30.7083311167713,-99.45833333333125,0.0,0.0
2011-04-19,30.7083311167713,-99.45833333333125,0.0,0.0
2011-04-20,30.7083311167713,-99.45833333333125,0.0,0.01
2011-04-21,30.7083311167713,-99.45833333333125,0.2,0.12
2011-04-22,30.7083311167713,-99.45833333333125,0.0,0.0
2011-04-23,30.7083311167713,-99.45833333333125,0.0,0.0
2011-04-24,30.7083311167713,-99.45833333333125,0.0,0.0
2011-04-25,30.7083311167713,-99.45833333333125,0.0,0.01
2011-04-26,30.7083311167713,-99.45833333333125,0.0,0.0
2011-04-27,30.7083311167713,-99.45833333333125,0.0,0.0
2011-04-28,30.7083311167713,-99.45833333333125,0.0,0.0
2011-04-29,30.7083311167713,-99.45833333333125,0.0,0.0
2011-04-30,30.7083311167713,-99.45833333333125,0.0,0.0
2011-05-01,30.7083311167713,-99.45833333333125,0.1,0.04
2011-05-02,30.7083311167713,-99.45833333333125,1.28,0.81
2011-05-03,30.7083311167713,-99.45833333333125,0.0,0.0
2011-05-04,30.7083311167713,-99.45833333333125,0.0,0.0
2011-05-05,30.7083311167713,-99.45833333333125,0.0,0.0
2011-05-06,30.7083311167713,-99.45833333333125,0.0,0.0
2011-05-07,30.7083311167713,-99.45833333333125,0.0,0.0
2011-05-08,30.7083311167713,-99.45833333333125,0.0,0.0
2011-05-09,30.7083311167713,-99.45833333333125,0.0,0.0
2011-05-10,30.7083311167713,-99.45833333333125,0.0,0.0
2011-05-11,30.7083311167713,-99.45833333333125,0.11,0.3
2011-05-12,30.7083311167713,-99.45833333333125,0.18,0.23
2011-05-13,30.7083311167713,-99.45833333333125,0.0,0.0
2011-05-14,30.7083311167713,-99.45833333333125,0.0,0.0
2011-05-15,30.7083311167713,-99.45833333333125,0.0,0.0
2011-05-16,30.7083311167713,-99.45833333333125,0.0,0.0
2011-05-17,30.7083311167713,-99.45833333333125,0.0,0.0
2011-05-18,30.7083311167713,-99.45833333333125,0.0,0.0
2011-05-19,30.7083311167713,-99.45833333333125,0.0,0.0
2011-05-20,30.7083311167713,-99.45833333333125,0.0,0.0
2011-05-21,30.7083311167713,-99.45833333333125,0.0,0.0
2011-05-22,30.7083311167713,-99.45833333333125,0.0,0.0
2011-05-23,30.7083311167713,-99.45833333333125,0.0,0.0
2011-05-24,30.7083311167713,-99.45833333333125,0.0,0.0
2011-05-25,30.7083311167713,-99.45833333333125,0.0,0.0
2011-05-26,30.7083311167713,-99.45833333333125,0.0,0.0
2011-05-27,30.7083311167713,-99.45833333333125,0.0,0.0
2011-05-28,30.7083311167713,-99.45833333333125,0.0,0.0
2011-05-29,30.7083311167713,-99.45833333333125,0.0,0.0
2011-05-30,30.7083311167713,-99.45833333333125,0.0,0.0
2011-05-31,30.7083311167713,-99.45833333333125,0.0,0.0
2011-06-01,30.7083311167713,-99.45833333333125,0.0,0.0
2011-06-02,30.7083311167713,-99.45833333333125,0.0,0.0
2011-06-03,30.7083311167713,-99.45833333333125,0.0,0.0
2011-06-04,30.7083311167713,-99.45833333333125,0.0,0.0
2011-06-05,30.7083311167713,-99.45833333333125,0.0,0.0
2011-06-06,30.7083311167713,-99.45833333333125,0.0,0.0
2011-06-07,30.7083311167713,-99.45833333333125,0.0,0.0
2011-06-08,30.7083311167713,-99.45833333333125,0.0,0.0
2011-06-09,30.7083311167713,-99.45833333333125,0.0,0.0
2011-06-10,30.7083311167713,-99.45833333333125,0.0,0.0
2011-06-11,30.7083311167713,-99.45833333333125,0.0,0.0
2011-06-12,30.7083311167713,-99.45833333333125,0.0,0.0
2011-06-13,30.7083311167713,-99.45833333333125,0.0,0.0
2011-06-14,30.7083311167713,-99.45833333333125,0.0,0.0
2011-06-15,30.7083311167713,-99.45833333333125,0.0,0.0
2011-06-16,30.7083311167713,-99.45833333333125,0.0,0.0
2011-06-17,30.7083311167713,-99.45833333333125,0.0,0.0
2011-06-18,30.7083311167713,-99.45833333333125,0.0,0.0
2011-06-19,30.7083311167713,-99.45833333333125,0.0,0.0
2011-06-20,30.7083311167713,-99.45833333333125,0.0,0.0
2011-06-21,30.7083311167713,-99.45833333333125,1.43,0.76
2011-06-22,30.7083311167713,-99.45833333333125,0.0,0.01
2011-06-23,30.7083311167713,-99.45833333333125,0.0,0.0
2011-06-24,30.7083311167713,-99.45833333333125,0.0,0.0
2011-06-25,30.7083311167713,-99.45833333333125,0.0,0.0
2011-06-26,30.7083311167713,-99.45833333333125,0.0,0.0
2011-06-27,30.7083311167713,-99.45833333333125,0.0,0.0
2011-06-28,30.7083311167713,-99.45833333333125,0.0,0.0
2011-06-29,30.7083311167713,-99.45833333333125,0.0,0.0
2011-06-30,30.7083311167713,-99.45833333333125,0.0,0.0
2011-07-01,30.7083311167713,-99.45833333333125,0.0,0.0
2011-07-02,30.7083311167713,-99.45833333333125,0.0,0.03
2011-07-03,30.7083311167713,-99.45833333333125,0.0,0.0
2011-07-04,30.7083311167713,-99.45833333333125,0.0,0.0
2011-07-05,30.7083311167713,-99.45833333333125,0.0,0.0
2011-07-06,30.7083311167713,-99.45833333333125,0.0,0.0
2011-07-07,30.7083311167713,-99.45833333333125,0.0,0.0
2011-07-08,30.7083311167713,-99.45833333333125,0.0,0.0
2011-07-09,30.7083311167713,-99.45833333333125,0.0,0.0
2011-07-10,30.7083311167713,-99.45833333333125,0.0,0.0
2011-07-11,30.7083311167713,-99.45833333333125,0.0,0.0
2011-07-12,30.7083311167713,-99.45833333333125,0.0,0.0
2011-07-13,30.7083311167713,-99.45833333333125,0.0,0.0
2011-07-14,30.7083311167713,-99.45833333333125,0.0,0.0
2011-07-15,30.7083311167713,-99.45833333333125,0.0,0.0
2011-07-16,30.7083311167713,-99.45833333333125,0.0,0.0
2011-07-17,30.7083311167713,-99.45833333333125,0.0,0.0
2011-07-18,30.7083311167713,-99.45833333333125,0.0,0.0
2011-07-19,30.7083311167713,-99.45833333333125,0.02,0.4
2011-07-20,30.7083311167713,-99.45833333333125,0.01,0.0
2011-07-21,30.7083311167713,-99.45833333333125,0.0,0.0
2011-07-22,30.7083311167713,-99.45833333333125,0.0,0.0
2011-07-23,30.7083311167713,-99.45833333333125,0.0,0.0
2011-07-24,30.7083311167713,-99.45833333333125,0.0,0.0
2011-07-25,30.7083311167713,-99.45833333333125,0.0,0.0
2011-07-26,30.7083311167713,-99.45833333333125,0.0,0.0
2011-07-27,30.7083311167713,-99.45833333333125,0.0,0.0
2011-07-28,30.7083311167713,-99.45833333333125,0.0,0.0
2011-07-29,30.7083311167713,-99.45833333333125,0.0,0.0
2011-07-30,30.7083311167713,-99.45833333333125,0.0,0.0
2011-07-31,30.7083311167713,-99.45833333333125,0.0,0.0
2011-08-01,30.7083311167713,-99.45833333333125,0.0,0.0
2011-08-02,30.7083311167713,-99.45833333333125,0.0,0.08
2011-08-03,30.7083311167713,-99.45833333333125,0.0,0.0
2011-08-04,30.7083311167713,-99.45833333333125,0.0,0.0
2011-08-05,30.7083311167713,-99.45833333333125,0.0,0.0
2011-08-06,30.7083311167713,-99.45833333333125,0.0,0.0
2011-08-07,30.7083311167713,-99.45833333333125,0.0,0.0
2011-08-08,30.7083311167713,-99.45833333333125,0.0,0.0
2011-08-09,30.7083311167713,-99.45833333333125,0.0,0.0
2011-08-10,30.7083311167713,-99.45833333333125,0.0,0.0
2011-08-11,30.7083311167713,-99.45833333333125,0.41,0.0
2011-08-12,30.7083311167713,-99.45833333333125,0.09,0.22
2011-08-13,30.7083311167713,-99.45833333333125,0.0,0.0
2011-08-14,30.7083311167713,-99.45833333333125,0.0,0.0
2011-08-15,30.7083311167713,-99.45833333333125,0.0,0.0
2011-08-16,30.7083311167713,-99.45833333333125,0.0,0.0
2011-08-17,30.7083311167713,-99.45833333333125,0.0,0.0
2011-08-18,30.7083311167713,-99.45833333333125,0.0,0.0
2011-08-19,30.7083311167713,-99.45833333333125,0.0,0.0
2011-08-20,30.7083311167713,-99.45833333333125,0.0,0.0
2011-08-21,30.7083311167713,-99.45833333333125,0.0,0.0
2011-08-22,30.7083311167713,-99.45833333333125,0.0,0.0
2011-08-23,30.7083311167713,-99.45833333333125,0.0,0.0
2011-08-24,30.7083311167713,-99.45833333333125,0.0,0.0
2011-08-25,30.7083311167713,-99.45833333333125,0.0,0.0
2011-08-26,30.7083311167713,-99.45833333333125,0.0,0.0
2011-08-27,30.7083311167713,-99.45833333333125,0.0,0.0
2011-08-28,30.7083311167713,-99.45833333333125,0.0,0.0
2011-08-29,30.7083311167713,-99.45833333333125,0.0,0.0
2011-08-30,30.7083311167713,-99.45833333333125,0.0,0.0
2011-08-31,30.7083311167713,-99.45833333333125,0.0,0.0
2011-09-01,30.7083311167713,-99.45833333333125,0.0,0.0
2011-09-02,30.7083311167713,-99.45833333333125,0.0,0.0
2011-09-03,30.7083311167713,-99.45833333333125,0.0,0.0
2011-09-04,30.7083311167713,-99.45833333333125,0.0,0.0
2011-09-05,30.7083311167713,-99.45833333333125,0.0,0.0
2011-09-06,30.7083311167713,-99.45833333333125,0.0,0.0
2011-09-07,30.7083311167713,-99.45833333333125,0.0,0.0
2011-09-08,30.7083311167713,-99.45833333333125,0.0,0.0
2011-09-09,30.7083311167713,-99.45833333333125,0.0,0.0
2011-09-10,30.7083311167713,-99.45833333333125,0.0,0.0
2011-09-11,30.7083311167713,-99.45833333333125,0.0,0.0
2011-09-12,30.7083311167713,-99.45833333333125,0.0,0.0
2011-09-13,30.7083311167713,-99.45833333333125,0.0,0.0
2011-09-14,30.7083311167713,-99.45833333333125,0.0,0.0
2011-09-15,30.7083311167713,-99.45833333333125,0.0,0.0
2011-09-16,30.7083311167713,-99.45833333333125,0.0,0.0
2011-09-17,30.7083311167713,-99.45833333333125,0.0,0.0
2011-09-18,30.7083311167713,-99.45833333333125,0.28,0.35
2011-09-19,30.7083311167713,-99.45833333333125,0.0,0.0
2011-09-20,30.7083311167713,-99.45833333333125,0.0,0.0
2011-09-21,30.7083311167713,-99.45833333333125,0.03,0.03
2011-09-22,30.7083311167713,-99.45833333333125,0.0,0.0
2011-09-23,30.7083311167713,-99.45833333333125,0.0,0.0
2011-09-24,30.7083311167713,-99.45833333333125,0.0,0.0
2011-09-25,30.7083311167713,-99.45833333333125,0.0,0.0
2011-09-26,30.7083311167713,-99.45833333333125,0.0,0.0
2011-09-27,30.7083311167713,-99.45833333333125,0.0,0.23
2011-09-28,30.7083311167713,-99.45833333333125,0.0,0.0
2011-09-29,30.7083311167713,-99.45833333333125,0.08,0.04
2011-09-30,30.7083311167713,-99.45833333333125,0.16,0.08
2011-10-01,30.7083311167713,-99.45833333333125,0.0,0.0
2011-10-02,30.7083311167713,-99.45833333333125,0.0,0.0
2011-10-03,30.7083311167713,-99.45833333333125,0.0,0.0
2011-10-04,30.7083311167713,-99.45833333333125,0.0,0.0
2011-10-05,30.7083311167713,-99.45833333333125,0.0,0.0
2011-10-06,30.7083311167713,-99.45833333333125,0.0,0.0
2011-10-07,30.7083311167713,-99.45833333333125,0.0,0.0
2011-10-08,30.7083311167713,-99.45833333333125,1.07,1.42
2011-10-09,30.7083311167713,-99.45833333333125,1.08,1.0
2011-10-10,30.7083311167713,-99.45833333333125,0.0,0.0
2011-10-11,30.7083311167713,-99.45833333333125,0.0,0.0
2011-10-12,30.7083311167713,-99.45833333333125,0.1,0.01
2011-10-13,30.7083311167713,-99.45833333333125,0.0,0.0
2011-10-14,30.7083311167713,-99.45833333333125,0.0,0.0
2011-10-15,30.7083311167713,-99.45833333333125,0.0,0.0
2011-10-16,30.7083311167713,-99.45833333333125,0.0,0.0
2011-10-17,30.7083311167713,-99.45833333333125,0.0,0.0
2011-10-18,30.7083311167713,-99.45833333333125,0.0,0.0
2011-10-19,30.7083311167713,-99.45833333333125,0.0,0.0
2011-10-20,30.7083311167713,-99.45833333333125,0.0,0.0
2011-10-21,30.7083311167713,-99.45833333333125,0.0,0.0
2011-10-22,30.7083311167713,-99.45833333333125,0.0,0.0
2011-10-23,30.7083311167713,-99.45833333333125,0.0,0.0
2011-10-24,30.7083311167713,-99.45833333333125,0.0,0.0
2011-10-25,30.7083311167713,-99.45833333333125,0.0,0.0
2011-10-26,30.7083311167713,-99.45833333333125,0.0,0.0
2011-10-27,30.7083311167713,-99.45833333333125,0.01,0.0
2011-10-28,30.7083311167713,-99.45833333333125,0.0,0.0
2011-10-29,30.7083311167713,-99.45833333333125,0.0,0.0
2011-10-30,30.7083311167713,-99.45833333333125,0.0,0.0
2011-10-31,30.7083311167713,-99.45833333333125,0.0,0.0
2011-11-01,30.7083311167713,-99.45833333333125,0.0,0.0
2011-11-02,30.7083311167713,-99.45833333333125,0.0,0.0
2011-11-03,30.7083311167713,-99.45833333333125,0.0,0.0
2011-11-04,30.7083311167713,-99.45833333333125,0.0,0.0
2011-11-05,30.7083311167713,-99.45833333333125,0.0,0.0
2011-11-06,30.7083311167713,-99.45833333333125,0.0,0.0
2011-11-07,30.7083311167713,-99.45833333333125,0.0,0.01
2011-11-08,30.7083311167713,-99.45833333333125,0.14,0.13
2011-11-09,30.7083311167713,-99.45833333333125,0.0,0.0
2011-11-10,30.7083311167713,-99.45833333333125,0.0,0.0
2011-11-11,30.7083311167713,-99.45833333333125,0.0,0.0
2011-11-12,30.7083311167713,-99.45833333333125,0.0,0.0
2011-11-13,30.7083311167713,-99.45833333333125,0.0,0.0
2011-11-14,30.7083311167713,-99.45833333333125,0.0,0.0
2011-11-15,30.7083311167713,-99.45833333333125,0.59,0.56
2011-11-16,30.7083311167713,-99.45833333333125,0.0,0.0
2011-11-17,30.7083311167713,-99.45833333333125,0.0,0.0
2011-11-18,30.7083311167713,-99.45833333333125,0.0,0.0
2011-11-19,30.7083311167713,-99.45833333333125,0.0,0.0
2011-11-20,30.7083311167713,-99.45833333333125,0.01,0.01
2011-11-21,30.7083311167713,-99.45833333333125,0.03,0.07
2011-11-22,30.7083311167713,-99.45833333333125,0.0,0.07
2011-11-23,30.7083311167713,-99.45833333333125,0.0,0.0
2011-11-24,30.7083311167713,-99.45833333333125,0.0,0.0
2011-11-25,30.7083311167713,-99.45833333333125,0.05,0.04
2011-11-26,30.7083311167713,-99.45833333333125,0.01,0.03
2011-11-27,30.7083311167713,-99.45833333333125,0.0,0.0
2011-11-28,30.7083311167713,-99.45833333333125,0.0,0.0
2011-11-29,30.7083311167713,-99.45833333333125,0.0,0.0
2011-11-30,30.7083311167713,-99.45833333333125,0.0,0.0
2011-12-01,30.7083311167713,-99.45833333333125,0.0,0.0
2011-12-02,30.7083311167713,-99.45833333333125,0.05,0.05
2011-12-03,30.7083311167713,-99.45833333333125,0.25,0.3
2011-12-04,30.7083311167713,-99.45833333333125,1.09,0.97
2011-12-05,30.7083311167713,-99.45833333333125,0.1,0.15
2011-12-06,30.7083311167713,-99.45833333333125,0.0,0.0
2011-12-07,30.7083311167713,-99.45833333333125,0.0,0.0
2011-12-08,30.7083311167713,-99.45833333333125,0.0,0.0
2011-12-09,30.7083311167713,-99.45833333333125,0.0,0.0
2011-12-10,30.7083311167713,-99.45833333333125,0.53,0.5
2011-12-11,30.7083311167713,-99.45833333333125,0.12,0.13
2011-12-12,30.7083311167713,-99.45833333333125,0.07,0.06
2011-12-13,30.7083311167713,-99.45833333333125,0.03,0.04
2011-12-14,30.7083311167713,-99.45833333333125,0.01,0.01
2011-12-15,30.7083311167713,-99.45833333333125,0.05,0.1
2011-12-16,30.7083311167713,-99.45833333333125,0.0,0.0
2011-12-17,30.7083311167713,-99.45833333333125,0.0,0.0
2011-12-18,30.7083311167713,-99.45833333333125,0.0,0.0
2011-12-19,30.7083311167713,-99.45833333333125,0.2,0.12
2011-12-20,30.7083311167713,-99.45833333333125,0.0,0.0
2011-12-21,30.7083311167713,-99.45833333333125,0.01,0.03
2011-12-22,30.7083311167713,-99.45833333333125,0.0,0.01
2011-12-23,30.7083311167713,-99.45833333333125,0.0,0.0
2011-12-24,30.7083311167713,-99.45833333333125,0.04,0.03
2011-12-25,30.7083311167713,-99.45833333333125,0.0,0.01
2011-12-26,30.7083311167713,-99.45833333333125,0.0,0.0
2011-12-27,30.7083311167713,-99.45833333333125,0.0,0.0
2011-12-28,30.7083311167713,-99.45833333333125,0.0,0.0
2011-12-29,30.7083311167713,-99.45833333333125,0.0,0.0
2011-12-30,30.7083311167713,-99.45833333333125,0.0,0.0
2011-12-31,30.7083311167713,-99.45833333333125,0.0,0.0
2012-01-01,30.7083311167713,-99.45833333333125,0.0,0.0
2012-01-02,30.7083311167713,-99.45833333333125,0.0,0.0
2012-01-03,30.7083311167713,-99.45833333333125,0.0,0.0
2012-01-04,30.7083311167713,-99.45833333333125,0.0,0.0
2012-01-05,30.7083311167713,-99.45833333333125,0.0,0.0
2012-01-06,30.7083311167713,-99.45833333333125,0.0,0.0
2012-01-07,30.7083311167713,-99.45833333333125,0.0,0.0
2012-01-08,30.7083311167713,-99.45833333333125,0.0,0.06
2012-01-09,30.7083311167713,-99.45833333333125,0.63,0.64
2012-01-10,30.7083311167713,-99.45833333333125,0.0,0.01
2012-01-11,30.7083311167713,-99.45833333333125,0.0,0.0
2012-01-12,30.7083311167713,-99.45833333333125,0.0,0.0
2012-01-13,30.7083311167713,-99.45833333333125,0.0,0.0
2012-01-14,30.7083311167713,-99.45833333333125,0.0,0.0
2012-01-15,30.7083311167713,-99.45833333333125,0.0,0.0
2012-01-16,30.7083311167713,-99.45833333333125,0.0,0.0
2012-01-17,30.7083311167713,-99.45833333333125,0.0,0.0
2012-01-18,30.7083311167713,-99.45833333333125,0.0,0.0
2012-01-19,30.7083311167713,-99.45833333333125,0.0,0.0
2012-01-20,30.7083311167713,-99.45833333333125,0.0,0.0
2012-01-21,30.7083311167713,-99.45833333333125,0.0,0.0
2012-01-22,30.7083311167713,-99.45833333333125,0.0,0.0
2012-01-23,30.7083311167713,-99.45833333333125,0.0,0.0
2012-01-24,30.7083311167713,-99.45833333333125,0.02,0.05
2012-01-25,30.7083311167713,-99.45833333333125,1.07,1.06
2012-01-26,30.7083311167713,-99.45833333333125,0.02,0.05
2012-01-27,30.7083311167713,-99.45833333333125,0.0,0.0
2012-01-28,30.7083311167713,-99.45833333333125,0.0,0.0
2012-01-29,30.7083311167713,-99.45833333333125,0.0,0.0
2012-01-30,30.7083311167713,-99.45833333333125,0.0,0.0
2012-01-31,30.7083311167713,-99.45833333333125,0.0,0.0
2012-02-01,30.7083311167713,-99.45833333333125,0.0,0.0
2012-02-02,30.7083311167713,-99.45833333333125,0.0,0.0
2012-02-03,30.7083311167713,-99.45833333333125,0.0,0.0
2012-02-04,30.7083311167713,-99.45833333333125,0.0,0.0
2012-02-05,30.7083311167713,-99.45833333333125,0.0,0.0
2012-02-06,30.7083311167713,-99.45833333333125,0.0,0.0
2012-02-07,30.7083311167713,-99.45833333333125,0.0,0.0
2012-02-08,30.7083311167713,-99.45833333333125,0.0,0.0
2012-02-09,30.7083311167713,-99.45833333333125,0.0,0.0
2012-02-10,30.7083311167713,-99.45833333333125,0.16,0.17
2012-02-11,30.7083311167713,-99.45833333333125,0.0,0.0
2012-02-12,30.7083311167713,-99.45833333333125,0.0,0.06
2012-02-13,30.7083311167713,-99.45833333333125,0.54,0.49
2012-02-14,30.7083311167713,-99.45833333333125,0.0,0.0
2012-02-15,30.7083311167713,-99.45833333333125,0.0,0.0
2012-02-16,30.7083311167713,-99.45833333333125,0.04,0.02
2012-02-17,30.7083311167713,-99.45833333333125,1.69,1.14
2012-02-18,30.7083311167713,-99.45833333333125,1.22,1.3
2012-02-19,30.7083311167713,-99.45833333333125,0.0,0.0
2012-02-20,30.7083311167713,-99.45833333333125,0.0,0.0
2012-02-21,30.7083311167713,-99.45833333333125,0.0,0.0
2012-02-22,30.7083311167713,-99.45833333333125,0.0,0.0
2012-02-23,30.7083311167713,-99.45833333333125,0.0,0.0
2012-02-24,30.7083311167713,-99.45833333333125,0.0,0.0
2012-02-25,30.7083311167713,-99.45833333333125,0.0,0.0
2012-02-26,30.7083311167713,-99.45833333333125,0.0,0.0
2012-02-27,30.7083311167713,-99.45833333333125,0.06,0.05
2012-02-28,30.7083311167713,-99.45833333333125,0.02,0.0
2012-02-29,30.7083311167713,-99.45833333333125,0.0,0.0
2012-03-01,30.7083311167713,-99.45833333333125,0.0,0.0
2012-03-02,30.7083311167713,-99.45833333333125,0.0,0.0
2012-03-03,30.7083311167713,-99.45833333333125,0.0,0.0
2012-03-04,30.7083311167713,-99.45833333333125,0.0,0.0
2012-03-05,30.7083311167713,-99.45833333333125,0.0,0.0
2012-03-06,30.7083311167713,-99.45833333333125,0.0,0.0
2012-03-07,30.7083311167713,-99.45833333333125,0.0,0.0
2012-03-08,30.7083311167713,-99.45833333333125,0.0,0.0
2012-03-09,30.7083311167713,-99.45833333333125,2.08,1.76
2012-03-10,30.7083311167713,-99.45833333333125,0.38,0.39
2012-03-11,30.7083311167713,-99.45833333333125,0.05,0.04
2012-03-12,30.7083311167713,-99.45833333333125,0.0,0.0
2012-03-13,30.7083311167713,-99.45833333333125,0.0,0.0
2012-03-14,30.7083311167713,-99.45833333333125,0.0,0.0
2012-03-15,30.7083311167713,-99.45833333333125,0.0,0.0
2012-03-16,30.7083311167713,-99.45833333333125,0.0,0.02
2012-03-17,30.7083311167713,-99.45833333333125,0.01,0.02
2012-03-18,30.7083311167713,-99.45833333333125,0.0,0.01
2012-03-19,30.7083311167713,-99.45833333333125,0.92,0.92
2012-03-20,30.7083311167713,-99.45833333333125,0.15,0.15
2012-03-21,30.7083311167713,-99.45833333333125,0.0,0.0
2012-03-22,30.7083311167713,-99.45833333333125,0.0,0.0
2012-03-23,30.7083311167713,-99.45833333333125,0.0,0.0
2012-03-24,30.7083311167713,-99.45833333333125,0.0,0.0
2012-03-25,30.7083311167713,-99.45833333333125,0.0,0.0
2012-03-26,30.7083311167713,-99.45833333333125,0.0,0.0
2012-03-27,30.7083311167713,-99.45833333333125,0.0,0.0
2012-03-28,30.7083311167713,-99.45833333333125,0.05,0.07
2012-03-29,30.7083311167713,-99.45833333333125,0.0,0.0
2012-03-30,30.7083311167713,-99.45833333333125,0.0,0.0
2012-03-31,30.7083311167713,-99.45833333333125,0.0,0.0
2012-04-01,30.7083311167713,-99.45833333333125,0.0,0.0
2012-04-02,30.7083311167713,-99.45833333333125,0.0,0.0
2012-04-03,30.7083311167713,-99.45833333333125,0.0,0.0
2012-04-04,30.7083311167713,-99.45833333333125,0.0,0.0
2012-04-05,30.7083311167713,-99.45833333333125,0.0,0.0
2012-04-06,30.7083311167713,-99.45833333333125,0.0,0.0
2012-04-07,30.7083311167713,-99.45833333333125,0.0,0.0
2012-04-08,30.7083311167713,-99.45833333333125,0.0,0.03
2012-04-09,30.7083311167713,-99.45833333333125,0.0,0.0
2012-04-10,30.7083311167713,-99.45833333333125,0.0,0.0
2012-04-11,30.7083311167713,-99.45833333333125,0.0,0.0
2012-04-12,30.7083311167713,-99.45833333333125,0.0,0.0
2012-04-13,30.7083311167713,-99.45833333333125,0.0,0.0
2012-04-14,30.7083311167713,-99.45833333333125,0.0,0.0
2012-04-15,30.7083311167713,-99.45833333333125,0.0,0.01
2012-04-16,30.7083311167713,-99.45833333333125,0.0,0.0
2012-04-17,30.7083311167713,-99.45833333333125,0.0,0.0
2012-04-18,30.7083311167713,-99.45833333333125,0.0,0.0
2012-04-19,30.7083311167713,-99.45833333333125,0.0,0.0
2012-04-20,30.7083311167713,-99.45833333333125,0.04,0.07
2012-04-21,30.7083311167713,-99.45833333333125,0.0,0.0
2012-04-22,30.7083311167713,-99.45833333333125,0.0,0.0
2012-04-23,30.7083311167713,-99.45833333333125,0.0,0.0
2012-04-24,30.7083311167713,-99.45833333333125,0.0,0.0
2012-04-25,30.7083311167713,-99.45833333333125,0.0,0.0
2012-04-26,30.7083311167713,-99.45833333333125,0.0,0.0
2012-04-27,30.7083311167713,-99.45833333333125,0.0,0.0
2012-04-28,30.7083311167713,-99.45833333333125,0.0,0.0
2012-04-29,30.7083311167713,-99.45833333333125,0.0,0.0
2012-04-30,30.7083311167713,-99.45833333333125,0.0,0.0
2012-05-01,30.7083311167713,-99.45833333333125,0.0,0.02
2012-05-02,30.7083311167713,-99.45833333333125,0.0,0.0
2012-05-03,30.7083311167713,-99.45833333333125,0.0,0.0
2012-05-04,30.7083311167713,-99.45833333333125,0.0,0.0
2012-05-05,30.7083311167713,-99.45833333333125,0.02,0.52
2012-05-06,30.7083311167713,-99.45833333333125,0.07,0.33
2012-05-07,30.7083311167713,-99.45833333333125,0.42,0.74
2012-05-08,30.7083311167713,-99.45833333333125,0.61,0.6
2012-05-09,30.7083311167713,-99.45833333333125,0.01,0.01
2012-05-10,30.7083311167713,-99.45833333333125,0.96,0.83
2012-05-11,30.7083311167713,-99.45833333333125,0.01,0.01
2012-05-12,30.7083311167713,-99.45833333333125,0.0,0.0
2012-05-13,30.7083311167713,-99.45833333333125,0.0,0.0
2012-05-14,30.7083311167713,-99.45833333333125,0.16,0.62
2012-05-15,30.7083311167713,-99.45833333333125,0.6,0.56
2012-05-16,30.7083311167713,-99.45833333333125,0.0,0.0
2012-05-17,30.7083311167713,-99.45833333333125,0.0,0.0
2012-05-18,30.7083311167713,-99.45833333333125,0.0,0.0
2012-05-19,30.7083311167713,-99.45833333333125,0.0,0.0
2012-05-20,30.7083311167713,-99.45833333333125,0.0,0.0
2012-05-21,30.7083311167713,-99.45833333333125,0.0,0.0
2012-05-22,30.7083311167713,-99.45833333333125,0.0,0.0
2012-05-23,30.7083311167713,-99.45833333333125,0.0,0.0
2012-05-24,30.7083311167713,-99.45833333333125,0.0,0.0
2012-05-25,30.7083311167713,-99.45833333333125,0.0,0.0
2012-05-26,30.7083311167713,-99.45833333333125,0.0,0.0
2012-05-27,30.7083311167713,-99.45833333333125,0.0,0.0
2012-05-28,30.7083311167713,-99.45833333333125,0.0,0.0
2012-05-29,30.7083311167713,-99.45833333333125,0.0,0.0
2012-05-30,30.7083311167713,-99.45833333333125,0.0,0.25
2012-05-31,30.7083311167713,-99.45833333333125,0.0,0.0
2012-06-01,30.7083311167713,-99.45833333333125,0.0,0.0
2012-06-02,30.7083311167713,-99.45833333333125,0.0,0.0
2012-06-03,30.7083311167713,-99.45833333333125,0.0,0.0
2012-06-04,30.7083311167713,-99.45833333333125,0.0,0.0
2012-06-05,30.7083311167713,-99.45833333333125,0.0,0.28
2012-06-06,30.7083311167713,-99.45833333333125,0.0,0.0
2012-06-07,30.7083311167713,-99.45833333333125,0.09,0.06
2012-06-08,30.7083311167713,-99.45833333333125,0.0,0.0
2012-06-09,30.7083311167713,-99.45833333333125,0.0,0.0
2012-06-10,30.7083311167713,-99.45833333333125,0.0,0.0
2012-06-11,30.7083311167713,-99.45833333333125,0.0,0.0
2012-06-12,30.7083311167713,-99.45833333333125,0.0,0.0
2012-06-13,30.7083311167713,-99.45833333333125,0.0,0.03
2012-06-14,30.7083311167713,-99.45833333333125,0.0,0.0
2012-06-15,30.7083311167713,-99.45833333333125,0.0,0.0
2012-06-16,30.7083311167713,-99.45833333333125,0.0,0.0
2012-06-17,30.7083311167713,-99.45833333333125,1.49,1.17
2012-06-18,30.7083311167713,-99.45833333333125,0.0,0.0
2012-06-19,30.7083311167713,-99.45833333333125,0.0,0.0
2012-06-20,30.7083311167713,-99.45833333333125,0.0,0.0
2012-06-21,30.7083311167713,-99.45833333333125,0.0,0.04
2012-06-22,30.7083311167713,-99.45833333333125,0.0,0.0
2012-06-23,30.7083311167713,-99.45833333333125,0.0,0.0
2012-06-24,30.7083311167713,-99.45833333333125,0.0,0.0
2012-06-25,30.7083311167713,-99.45833333333125,0.0,0.0
2012-06-26,30.7083311167713,-99.45833333333125,0.0,0.0
2012-06-27,30.7083311167713,-99.45833333333125,0.0,0.0
2012-06-28,30.7083311167713,-99.45833333333125,0.0,0.0
2012-06-29,30.7083311167713,-99.45833333333125,0.0,0.0
2012-06-30,30.7083311167713,-99.45833333333125,0.0,0.0
2012-07-01,30.7083311167713,-99.45833333333125,0.28,0.34
2012-07-02,30.7083311167713,-99.45833333333125,0.0,0.0
2012-07-03,30.7083311167713,-99.45833333333125,0.0,0.0
2012-07-04,30.7083311167713,-99.45833333333125,0.0,0.0
2012-07-05,30.7083311167713,-99.45833333333125,0.0,0.0
2012-07-06,30.7083311167713,-99.45833333333125,0.0,0.0
2012-07-07,30.7083311167713,-99.45833333333125,0.04,0.11
2012-07-08,30.7083311167713,-99.45833333333125,0.01,0.04
2012-07-09,30.7083311167713,-99.45833333333125,1.43,0.77
2012-07-10,30.7083311167713,-99.45833333333125,0.23,0.71
2012-07-11,30.7083311167713,-99.45833333333125,0.01,0.03
2012-07-12,30.7083311167713,-99.45833333333125,0.0,0.0
2012-07-13,30.7083311167713,-99.45833333333125,0.0,0.01
2012-07-14,30.7083311167713,-99.45833333333125,0.0,0.02
2012-07-15,30.7083311167713,-99.45833333333125,0.08,0.03
2012-07-16,30.7083311167713,-99.45833333333125,0.0,0.0
2012-07-17,30.7083311167713,-99.45833333333125,0.0,0.0
2012-07-18,30.7083311167713,-99.45833333333125,0.0,0.0
2012-07-19,30.7083311167713,-99.45833333333125,0.0,0.0
2012-07-20,30.7083311167713,-99.45833333333125,0.0,0.0
2012-07-21,30.7083311167713,-99.45833333333125,0.0,0.0
2012-07-22,30.7083311167713,-99.45833333333125,0.0,0.0
2012-07-23,30.7083311167713,-99.45833333333125,0.0,0.0
2012-07-24,30.7083311167713,-99.45833333333125,0.0,0.0
2012-07-25,30.7083311167713,-99.45833333333125,0.0,0.0
2012-07-26,30.7083311167713,-99.45833333333125,0.0,0.0
2012-07-27,30.7083311167713,-99.45833333333125,0.0,0.0
2012-07-28,30.7083311167713,-99.45833333333125,0.0,0.0
2012-07-29,30.7083311167713,-99.45833333333125,0.0,0.0
2012-07-30,30.7083311167713,-99.45833333333125,0.0,0.0
2012-07-31,30.7083311167713,-99.45833333333125,0.0,0.0
2012-08-01,30.7083311167713,-99.45833333333125,0.0,0.0
2012-08-02,30.7083311167713,-99.45833333333125,0.0,0.0
2012-08-03,30.7083311167713,-99.45833333333125,0.0,0.0
2012-08-04,30.7083311167713,-99.45833333333125,0.0,0.0
2012-08-05,30.7083311167713,-99.45833333333125,0.0,0.0
2012-08-06,30.7083311167713,-99.45833333333125,0.0,0.0
2012-08-07,30.7083311167713,-99.45833333333125,0.0,0.0
2012-08-08,30.7083311167713,-99.45833333333125,0.36,0.18
2012-08-09,30.7083311167713,-99.45833333333125,0.6,0.41
2012-08-10,30.7083311167713,-99.45833333333125,0.0,0.0
2012-08-11,30.7083311167713,-99.45833333333125,0.0,0.0
2012-08-12,30.7083311167713,-99.45833333333125,0.0,0.0
2012-08-13,30.7083311167713,-99.45833333333125,1.2,0.13
2012-08-14,30.7083311167713,-99.45833333333125,0.0,0.0
2012-08-15,30.7083311167713,-99.45833333333125,0.0,0.0
2012-08-16,30.7083311167713,-99.45833333333125,0.0,0.0
2012-08-17,30.7083311167713,-99.45833333333125,0.27,0.33
2012-08-18,30.7083311167713,-99.45833333333125,0.26,0.14
2012-08-19,30.7083311167713,-99.45833333333125,0.01,0.0
2012-08-20,30.7083311167713,-99.45833333333125,0.0,0.0
2012-08-21,30.7083311167713,-99.45833333333125,0.0,0.0
2012-08-22,30.7083311167713,-99.45833333333125,0.0,0.0
2012-08-23,30.7083311167713,-99.45833333333125,0.0,0.0
2012-08-24,30.7083311167713,-99.45833333333125,0.0,0.14
2012-08-25,30.7083311167713,-99.45833333333125,0.0,0.04
2012-08-26,30.7083311167713,-99.45833333333125,0.0,0.01
2012-08-27,30.7083311167713,-99.45833333333125,0.11,0.1
2012-08-28,30.7083311167713,-99.45833333333125,0.01,0.01
2012-08-29,30.7083311167713,-99.45833333333125,0.0,0.0
2012-08-30,30.7083311167713,-99.45833333333125,0.0,0.0
2012-08-31,30.7083311167713,-99.45833333333125,0.0,0.0
2012-09-01,30.7083311167713,-99.45833333333125,0.0,0.0
2012-09-02,30.7083311167713,-99.45833333333125,0.0,0.0
2012-09-03,30.7083311167713,-99.45833333333125,0.0,0.0
2012-09-04,30.7083311167713,-99.45833333333125,0.0,0.0
2012-09-05,30.7083311167713,-99.45833333333125,0.0,0.0
2012-09-06,30.7083311167713,-99.45833333333125,0.0,0.0
2012-09-07,30.7083311167713,-99.45833333333125,0.0,0.0
2012-09-08,30.7083311167713,-99.45833333333125,0.0,0.0
2012-09-09,30.7083311167713,-99.45833333333125,0.0,0.0
2012-09-10,30.7083311167713,-99.45833333333125,0.0,0.0
2012-09-11,30.7083311167713,-99.45833333333125,0.0,0.0
2012-09-12,30.7083311167713,-99.45833333333125,0.0,0.0
2012-09-13,30.7083311167713,-99.45833333333125,0.93,0.9
2012-09-14,30.7083311167713,-99.45833333333125,0.0,0.01
2012-09-15,30.7083311167713,-99.45833333333125,0.16,0.17
2012-09-16,30.7083311167713,-99.45833333333125,0.95,0.92
2012-09-17,30.7083311167713,-99.45833333333125,0.0,0.0
2012-09-18,30.7083311167713,-99.45833333333125,0.0,0.03
2012-09-19,30.7083311167713,-99.45833333333125,0.0,0.0
2012-09-20,30.7083311167713,-99.45833333333125,0.0,0.0
2012-09-21,30.7083311167713,-99.45833333333125,0.0,0.0
2012-09-22,30.7083311167713,-99.45833333333125,0.0,0.0
2012-09-23,30.7083311167713,-99.45833333333125,0.0,0.0
2012-09-24,30.7083311167713,-99.45833333333125,0.0,0.0
2012-09-25,30.7083311167713,-99.45833333333125,0.0,0.0
2012-09-26,30.7083311167713,-99.45833333333125,0.0,0.0
2012-09-27,30.7083311167713,-99.45833333333125,0.06,0.02
2012-09-28,30.7083311167713,-99.45833333333125,0.09,0.1
2012-09-29,30.7083311167713,-99.45833333333125,0.77,0.71
2012-09-30,30.7083311167713,-99.45833333333125,0.02,0.0
2012-10-01,30.7083311167713,-99.45833333333125,0.0,0.01
2012-10-02,30.7083311167713,-99.45833333333125,0.0,0.0
2012-10-03,30.7083311167713,-99.45833333333125,0.0,0.0
2012-10-04,30.7083311167713,-99.45833333333125,0.0,0.0
2012-10-05,30.7083311167713,-99.45833333333125,0.0,0.0
2012-10-06,30.7083311167713,-99.45833333333125,0.0,0.0
2012-10-07,30.7083311167713,-99.45833333333125,0.01,0.01
2012-10-08,30.7083311167713,-99.45833333333125,0.0,0.0
2012-10-09,30.7083311167713,-99.45833333333125,0.0,0.0
2012-10-10,30.7083311167713,-99.45833333333125,0.0,0.0
2012-10-11,30.7083311167713,-99.45833333333125,0.0,0.0
2012-10-12,30.7083311167713,-99.45833333333125,0.0,0.0
2012-10-13,30.7083311167713,-99.45833333333125,0.01,0.01
2012-10-14,30.7083311167713,-99.45833333333125,0.7,1.17
2012-10-15,30.7083311167713,-99.45833333333125,0.0,0.0
2012-10-16,30.7083311167713,-99.45833333333125,0.01,0.01
2012-10-17,30.7083311167713,-99.45833333333125,0.0,0.0
2012-10-18,30.7083311167713,-99.45833333333125,0.0,0.0
2012-10-19,30.7083311167713,-99.45833333333125,0.0,0.0
2012-10-20,30.7083311167713,-99.45833333333125,0.0,0.0
2012-10-21,30.7083311167713,-99.45833333333125,0.0,0.0
2012-10-22,30.7083311167713,-99.45833333333125,0.0,0.0
2012-10-23,30.7083311167713,-99.45833333333125,0.0,0.0
2012-10-24,30.7083311167713,-99.45833333333125,0.0,0.0
2012-10-25,30.7083311167713,-99.45833333333125,0.0,0.0
2012-10-26,30.7083311167713,-99.45833333333125,0.03,0.23
2012-10-27,30.7083311167713,-99.45833333333125,0.0,0.0
2012-10-28,30.7083311167713,-99.45833333333125,0.0,0.0
2012-10-29,30.7083311167713,-99.45833333333125,0.0,0.0
2012-10-30,30.7083311167713,-99.45833333333125,0.0,0.0
2012-10-31,30.7083311167713,-99.45833333333125,0.0,0.0
2012-11-01,30.7083311167713,-99.45833333333125,0.0,0.0
2012-11-02,30.7083311167713,-99.45833333333125,0.0,0.0
2012-11-03,30.7083311167713,-99.45833333333125,0.04,0.03
2012-11-04,30.7083311167713,-99.45833333333125,0.0,0.0
2012-11-05,30.7083311167713,-99.45833333333125,0.0,0.0
2012-11-06,30.7083311167713,-99.45833333333125,0.0,0.0
2012-11-07,30.7083311167713,-99.45833333333125,0.0,0.0
2012-11-08,30.7083311167713,-99.45833333333125,0.0,0.0
2012-11-09,30.7083311167713,-99.45833333333125,0.0,0.0
2012-11-10,30.7083311167713,-99.45833333333125,0.0,0.0
2012-11-11,30.7083311167713,-99.45833333333125,0.0,0.0
2012-11-12,30.7083311167713,-99.45833333333125,0.0,0.0
2012-11-13,30.7083311167713,-99.45833333333125,0.0,0.0
2012-11-14,30.7083311167713,-99.45833333333125,0.0,0.0
2012-11-15,30.7083311167713,-99.45833333333125,0.0,0.0
2012-11-16,30.7083311167713,-99.45833333333125,0.0,0.0
2012-11-17,30.7083311167713,-99.45833333333125,0.0,0.0
2012-11-18,30.7083311167713,-99.45833333333125,0.0,0.0
2012-11-19,30.7083311167713,-99.45833333333125,0.0,0.0
2012-11-20,30.7083311167713,-99.45833333333125,0.0,0.0
2012-11-21,30.7083311167713,-99.45833333333125,0.0,0.0
2012-11-22,30.7083311167713,-99.45833333333125,0.0,0.0
2012-11-23,30.7083311167713,-99.45833333333125,0.0,0.0
2012-11-24,30.7083311167713,-99.45833333333125,0.0,0.0
2012-11-25,30.7083311167713,-99.45833333333125,0.0,0.0
2012-11-26,30.7083311167713,-99.45833333333125,0.0,0.0
2012-11-27,30.7083311167713,-99.45833333333125,0.0,0.0
2012-11-28,30.7083311167713,-99.45833333333125,0.0,0.0
2012-11-29,30.7083311167713,-99.45833333333125,0.0,0.0
2012-11-30,30.7083311167713,-99.45833333333125,0.0,0.0
2012-12-01,30.7083311167713,-99.45833333333125,0.0,0.0
2012-12-02,30.7083311167713,-99.45833333333125,0.0,0.0
2012-12-03,30.7083311167713,-99.45833333333125,0.0,0.0
2012-12-04,30.7083311167713,-99.45833333333125,0.0,0.0
2012-12-05,30.7083311167713,-99.45833333333125,0.0,0.0
2012-12-06,30.7083311167713,-99.45833333333125,0.0,0.0
2012-12-07,30.7083311167713,-99.45833333333125,0.0,0.0
2012-12-08,30.7083311167713,-99.45833333333125,0.0,0.0
2012-12-09,30.7083311167713,-99.45833333333125,0.0,0.0
2012-12-10,30.7083311167713,-99.45833333333125,0.0,0.0
2012-12-11,30.7083311167713,-99.45833333333125,0.0,0.0
2012-12-12,30.7083311167713,-99.45833333333125,0.0,0.0
2012-12-13,30.7083311167713,-99.45833333333125,0.0,0.0
2012-12-14,30.7083311167713,-99.45833333333125,0.01,0.02
2012-12-15,30.7083311167713,-99.45833333333125,0.0,0.0
2012-12-16,30.7083311167713,-99.45833333333125,0.0,0.0
2012-12-17,30.7083311167713,-99.45833333333125,0.0,0.0
2012-12-18,30.7083311167713,-99.45833333333125,0.0,0.0
2012-12-19,30.7083311167713,-99.45833333333125,0.0,0.0
2012-12-20,30.7083311167713,-99.45833333333125,0.0,0.0
2012-12-21,30.7083311167713,-99.45833333333125,0.0,0.0
2012-12-22,30.7083311167713,-99.45833333333125,0.0,0.0
2012-12-23,30.7083311167713,-99.45833333333125,0.0,0.0
2012-12-24,30.7083311167713,-99.45833333333125,0.0,0.0
2012-12-25,30.7083311167713,-99.45833333333125,0.0,0.0
2012-12-26,30.7083311167713,-99.45833333333125,0.0,0.0
2012-12-27,30.7083311167713,-99.45833333333125,0.0,0.0
2012-12-28,30.7083311167713,-99.45833333333125,0.0,0.0
2012-12-29,30.7083311167713,-99.45833333333125,0.0,0.0
2012-12-30,30.7083311167713,-99.45833333333125,0.0,0.0
2012-12-31,30.7083311167713,-99.45833333333125,0.0,0.0
2013-01-01,30.7083311167713,-99.45833333333125,0.0,0.0
2013-01-02,30.7083311167713,-99.45833333333125,0.0,0.0
2013-01-03,30.7083311167713,-99.45833333333125,0.0,0.0
2013-01-04,30.7083311167713,-99.45833333333125,0.1,0.1
2013-01-05,30.7083311167713,-99.45833333333125,0.0,0.0
2013-01-06,30.7083311167713,-99.45833333333125,0.0,0.0
2013-01-07,30.7083311167713,-99.45833333333125,0.0,0.0
2013-01-08,30.7083311167713,-99.45833333333125,0.78,0.94
2013-01-09,30.7083311167713,-99.45833333333125,0.92,0.93
2013-01-10,30.7083311167713,-99.45833333333125,0.0,0.0
2013-01-11,30.7083311167713,-99.45833333333125,0.0,0.0
2013-01-12,30.7083311167713,-99.45833333333125,0.0,0.0
2013-01-13,30.7083311167713,-99.45833333333125,0.0,0.0
2013-01-14,30.7083311167713,-99.45833333333125,0.0,0.0
2013-01-15,30.7083311167713,-99.45833333333125,0.0,0.0
2013-01-16,30.7083311167713,-99.45833333333125,0.0,0.0
2013-01-17,30.7083311167713,-99.45833333333125,0.0,0.0
2013-01-18,30.7083311167713,-99.45833333333125,0.0,0.0
2013-01-19,30.7083311167713,-99.45833333333125,0.0,0.0
2013-01-20,30.7083311167713,-99.45833333333125,0.0,0.0
2013-01-21,30.7083311167713,-99.45833333333125,0.0,0.0
2013-01-22,30.7083311167713,-99.45833333333125,0.0,0.0
2013-01-23,30.7083311167713,-99.45833333333125,0.0,0.0
2013-01-24,30.7083311167713,-99.45833333333125,0.0,0.0
2013-01-25,30.7083311167713,-99.45833333333125,0.0,0.0
2013-01-26,30.7083311167713,-99.45833333333125,0.0,0.0
2013-01-27,30.7083311167713,-99.45833333333125,0.0,0.0
2013-01-28,30.7083311167713,-99.45833333333125,0.0,0.0
2013-01-29,30.7083311167713,-99.45833333333125,0.06,0.1
2013-01-30,30.7083311167713,-99.45833333333125,0.0,0.0
2013-01-31,30.7083311167713,-99.45833333333125,0.0,0.0
2013-02-01,30.7083311167713,-99.45833333333125,0.0,0.0
2013-02-02,30.7083311167713,-99.45833333333125,0.0,0.0
2013-02-03,30.7083311167713,-99.45833333333125,0.0,0.0
2013-02-04,30.7083311167713,-99.45833333333125,0.0,0.0
2013-02-05,30.7083311167713,-99.45833333333125,0.0,0.0
2013-02-06,30.7083311167713,-99.45833333333125,0.0,0.0
2013-02-07,30.7083311167713,-99.45833333333125,0.0,0.0
2013-02-08,30.7083311167713,-99.45833333333125,0.0,0.0
2013-02-09,30.7083311167713,-99.45833333333125,0.0,0.0
2013-02-10,30.7083311167713,-99.45833333333125,0.19,0.09
2013-02-11,30.7083311167713,-99.45833333333125,0.04,0.0
2013-02-12,30.7083311167713,-99.45833333333125,0.01,0.01
2013-02-13,30.7083311167713,-99.45833333333125,0.0,0.0
2013-02-14,30.7083311167713,-99.45833333333125,0.0,0.0
2013-02-15,30.7083311167713,-99.45833333333125,0.0,0.0
2013-02-16,30.7083311167713,-99.45833333333125,0.0,0.0
2013-02-17,30.7083311167713,-99.45833333333125,0.0,0.0
2013-02-18,30.7083311167713,-99.45833333333125,0.0,0.0
2013-02-19,30.7083311167713,-99.45833333333125,0.0,0.0
2013-02-20,30.7083311167713,-99.45833333333125,0.02,0.02
2013-02-21,30.7083311167713,-99.45833333333125,0.01,0.01
2013-02-22,30.7083311167713,-99.45833333333125,0.0,0.0
2013-02-23,30.7083311167713,-99.45833333333125,0.0,0.0
2013-02-24,30.7083311167713,-99.45833333333125,0.0,0.0
2013-02-25,30.7083311167713,-99.45833333333125,0.04,0.07
2013-02-26,30.7083311167713,-99.45833333333125,0.0,0.0
2013-02-27,30.7083311167713,-99.45833333333125,0.0,0.0
2013-02-28,30.7083311167713,-99.45833333333125,0.0,0.0
2013-03-01,30.7083311167713,-99.45833333333125,0.0,0.0
2013-03-02,30.7083311167713,-99.45833333333125,0.0,0.0
2013-03-03,30.7083311167713,-99.45833333333125,0.0,0.0
2013-03-04,30.7083311167713,-99.45833333333125,0.0,0.0
2013-03-05,30.7083311167713,-99.45833333333125,0.0,0.0
2013-03-06,30.7083311167713,-99.45833333333125,0.0,0.0
2013-03-07,30.7083311167713,-99.45833333333125,0.0,0.0
2013-03-08,30.7083311167713,-99.45833333333125,0.0,0.0
2013-03-09,30.7083311167713,-99.45833333333125,1.14,1.58
2013-03-10,30.7083311167713,-99.45833333333125,0.01,0.02
2013-03-11,30.7083311167713,-99.45833333333125,0.0,0.0
2013-03-12,30.7083311167713,-99.45833333333125,0.0,0.0
2013-03-13,30.7083311167713,-99.45833333333125,0.0,0.0
2013-03-14,30.7083311167713,-99.45833333333125,0.0,0.0
2013-03-15,30.7083311167713,-99.45833333333125,0.0,0.0
2013-03-16,30.7083311167713,-99.45833333333125,0.0,0.0
2013-03-17,30.7083311167713,-99.45833333333125,0.0,0.0
2013-03-18,30.7083311167713,-99.45833333333125,0.0,0.0
2013-03-19,30.7083311167713,-99.45833333333125,0.0,0.0
2013-03-20,30.7083311167713,-99.45833333333125,0.05,0.04
2013-03-21,30.7083311167713,-99.45833333333125,0.0,0.0
2013-03-22,30.7083311167713,-99.45833333333125,0.0,0.0
2013-03-23,30.7083311167713,-99.45833333333125,0.0,0.0
2013-03-24,30.7083311167713,-99.45833333333125,0.02,0.0
2013-03-25,30.7083311167713,-99.45833333333125,0.0,0.0
2013-03-26,30.7083311167713,-99.45833333333125,0.0,0.0
2013-03-27,30.7083311167713,-99.45833333333125,0.0,0.0
2013-03-28,30.7083311167713,-99.45833333333125,0.0,0.0
2013-03-29,30.7083311167713,-99.45833333333125,0.0,0.0
2013-03-30,30.7083311167713,-99.45833333333125,0.0,0.0
2013-03-31,30.7083311167713,-99.45833333333125,0.03,0.02
2013-04-01,30.7083311167713,-99.45833333333125,0.0,0.0
2013-04-02,30.7083311167713,-99.45833333333125,0.79,0.93
2013-04-03,30.7083311167713,-99.45833333333125,0.28,0.19
2013-04-04,30.7083311167713,-99.45833333333125,0.0,0.0
2013-04-05,30.7083311167713,-99.45833333333125,0.0,0.0
2013-04-06,30.7083311167713,-99.45833333333125,0.0,0.0
2013-04-07,30.7083311167713,-99.45833333333125,0.0,0.0
2013-04-08,30.7083311167713,-99.45833333333125,0.0,0.0
2013-04-09,30.7083311167713,-99.45833333333125,0.0,0.0
2013-04-10,30.7083311167713,-99.45833333333125,0.01,0.03
2013-04-11,30.7083311167713,-99.45833333333125,0.0,0.0
2013-04-12,30.7083311167713,-99.45833333333125,0.0,0.0
2013-04-13,30.7083311167713,-99.45833333333125,0.0,0.0
2013-04-14,30.7083311167713,-99.45833333333125,0.0,0.0
2013-04-15,30.7083311167713,-99.45833333333125,0.0,0.0
2013-04-16,30.7083311167713,-99.45833333333125,0.0,0.0
2013-04-17,30.7083311167713,-99.45833333333125,0.0,0.0
2013-04-18,30.7083311167713,-99.45833333333125,0.36,0.15
2013-04-19,30.7083311167713,-99.45833333333125,0.0,0.0
2013-04-20,30.7083311167713,-99.45833333333125,0.0,0.0
2013-04-21,30.7083311167713,-99.45833333333125,0.0,0.0
2013-04-22,30.7083311167713,-99.45833333333125,0.0,0.0
2013-04-23,30.7083311167713,-99.45833333333125,0.0,0.0
2013-04-24,30.7083311167713,-99.45833333333125,0.0,0.0
2013-04-25,30.7083311167713,-99.45833333333125,0.0,0.0
2013-04-26,30.7083311167713,-99.45833333333125,0.0,0.0
2013-04-27,30.7083311167713,-99.45833333333125,0.0,0.0
2013-04-28,30.7083311167713,-99.45833333333125,0.0,0.01
2013-04-29,30.7083311167713,-99.45833333333125,0.0,0.04
2013-04-30,30.7083311167713,-99.45833333333125,0.0,0.0
2013-05-01,30.7083311167713,-99.45833333333125,0.02,0.02
2013-05-02,30.7083311167713,-99.45833333333125,0.03,0.08
2013-05-03,30.7083311167713,-99.45833333333125,0.0,0.0
2013-05-04,30.7083311167713,-99.45833333333125,0.0,0.0
2013-05-05,30.7083311167713,-99.45833333333125,0.0,0.0
2013-05-06,30.7083311167713,-99.45833333333125,0.0,0.0
2013-05-07,30.7083311167713,-99.45833333333125,0.0,0.0
2013-05-08,30.7083311167713,-99.45833333333125,0.0,0.0
2013-05-09,30.7083311167713,-99.45833333333125,1.02,0.5
2013-05-10,30.7083311167713,-99.45833333333125,0.24,0.25
2013-05-11,30.7083311167713,-99.45833333333125,0.0,0.0
2013-05-12,30.7083311167713,-99.45833333333125,0.0,0.0
2013-05-13,30.7083311167713,-99.45833333333125,0.0,0.0
2013-05-14,30.7083311167713,-99.45833333333125,0.0,0.0
2013-05-15,30.7083311167713,-99.45833333333125,0.08,0.08
2013-05-16,30.7083311167713,-99.45833333333125,0.0,0.0
2013-05-17,30.7083311167713,-99.45833333333125,0.0,0.0
2013-05-18,30.7083311167713,-99.45833333333125,0.0,0.0
2013-05-19,30.7083311167713,-99.45833333333125,0.0,0.0
2013-05-20,30.7083311167713,-99.45833333333125,0.0,0.0
2013-05-21,30.7083311167713,-99.45833333333125,0.0,0.0
2013-05-22,30.7083311167713,-99.45833333333125,0.0,0.0
2013-05-23,30.7083311167713,-99.45833333333125,0.0,0.0
2013-05-24,30.7083311167713,-99.45833333333125,1.17,1.21
2013-05-25,30.7083311167713,-99.45833333333125,0.01,0.0
2013-05-26,30.7083311167713,-99.45833333333125,0.06,0.05
2013-05-27,30.7083311167713,-99.45833333333125,0.0,0.0
2013-05-28,30.7083311167713,-99.45833333333125,0.0,0.0
2013-05-29,30.7083311167713,-99.45833333333125,0.0,0.0
2013-05-30,30.7083311167713,-99.45833333333125,0.0,0.01
2013-05-31,30.7083311167713,-99.45833333333125,0.0,0.0
2013-06-01,30.7083311167713,-99.45833333333125,0.3,0.28
2013-06-02,30.7083311167713,-99.45833333333125,0.0,0.0
2013-06-03,30.7083311167713,-99.45833333333125,0.0,0.0
2013-06-04,30.7083311167713,-99.45833333333125,0.0,0.0
2013-06-05,30.7083311167713,-99.45833333333125,0.0,0.0
2013-06-06,30.7083311167713,-99.45833333333125,0.0,0.0
2013-06-07,30.7083311167713,-99.45833333333125,0.19,0.25
2013-06-08,30.7083311167713,-99.45833333333125,0.0,0.0
2013-06-09,30.7083311167713,-99.45833333333125,0.23,0.31
2013-06-10,30.7083311167713,-99.45833333333125,0.0,0.0
2013-06-11,30.7083311167713,-99.45833333333125,0.0,0.0
2013-06-12,30.7083311167713,-99.45833333333125,0.0,0.0
2013-06-13,30.7083311167713,-99.45833333333125,0.02,0.06
2013-06-14,30.7083311167713,-99.45833333333125,0.11,0.08
2013-06-15,30.7083311167713,-99.45833333333125,0.26,0.18
2013-06-16,30.7083311167713,-99.45833333333125,0.0,0.0
2013-06-17,30.7083311167713,-99.45833333333125,0.0,0.0
2013-06-18,30.7083311167713,-99.45833333333125,0.46,0.39
2013-06-19,30.7083311167713,-99.45833333333125,0.0,0.0
2013-06-20,30.7083311167713,-99.45833333333125,0.0,0.0
2013-06-21,30.7083311167713,-99.45833333333125,0.0,0.0
2013-06-22,30.7083311167713,-99.45833333333125,0.0,0.0
2013-06-23,30.7083311167713,-99.45833333333125,0.0,0.0
2013-06-24,30.7083311167713,-99.45833333333125,0.0,0.0
2013-06-25,30.7083311167713,-99.45833333333125,0.0,0.0
2013-06-26,30.7083311167713,-99.45833333333125,0.0,0.0
2013-06-27,30.7083311167713,-99.45833333333125,0.0,0.0
2013-06-28,30.7083311167713,-99.45833333333125,0.0,0.0
2013-06-29,30.7083311167713,-99.45833333333125,0.0,0.0
2013-06-30,30.7083311167713,-99.45833333333125,0.09,0.14
2013-07-01,30.7083311167713,-99.45833333333125,0.0,0.0
2013-07-02,30.7083311167713,-99.45833333333125,0.0,0.0
2013-07-03,30.7083311167713,-99.45833333333125,0.0,0.0
2013-07-04,30.7083311167713,-99.45833333333125,0.0,0.0
2013-07-05,30.7083311167713,-99.45833333333125,0.0,0.0
2013-07-06,30.7083311167713,-99.45833333333125,0.0,0.0
2013-07-07,30.7083311167713,-99.45833333333125,0.0,0.0
2013-07-08,30.7083311167713,-99.45833333333125,0.0,0.0
2013-07-09,30.7083311167713,-99.45833333333125,0.0,0.0
2013-07-10,30.7083311167713,-99.45833333333125,0.0,0.0
2013-07-11,30.7083311167713,-99.45833333333125,0.0,0.0
2013-07-12,30.7083311167713,-99.45833333333125,0.0,0.0
2013-07-13,30.7083311167713,-99.45833333333125,0.0,0.0
2013-07-14,30.7083311167713,-99.45833333333125,0.0,0.0
2013-07-15,30.7083311167713,-99.45833333333125,1.12,0.91
2013-07-16,30.7083311167713,-99.45833333333125,0.35,0.36
2013-07-17,30.7083311167713,-99.45833333333125,0.04,0.15
2013-07-18,30.7083311167713,-99.45833333333125,0.0,0.16
2013-07-19,30.7083311167713,-99.45833333333125,0.0,0.02
2013-07-20,30.7083311167713,-99.45833333333125,0.0,0.0
2013-07-21,30.7083311167713,-99.45833333333125,0.85,0.61
2013-07-22,30.7083311167713,-99.45833333333125,0.0,0.0
2013-07-23,30.7083311167713,-99.45833333333125,0.0,0.0
2013-07-24,30.7083311167713,-99.45833333333125,0.0,0.0
2013-07-25,30.7083311167713,-99.45833333333125,0.0,0.0
2013-07-26,30.7083311167713,-99.45833333333125,0.0,0.0
2013-07-27,30.7083311167713,-99.45833333333125,0.0,0.0
2013-07-28,30.7083311167713,-99.45833333333125,0.0,0.01
2013-07-29,30.7083311167713,-99.45833333333125,0.0,0.0
2013-07-30,30.7083311167713,-99.45833333333125,0.0,0.0
2013-07-31,30.7083311167713,-99.45833333333125,0.0,0.0
2013-08-01,30.7083311167713,-99.45833333333125,0.0,0.0
2013-08-02,30.7083311167713,-99.45833333333125,0.0,0.0
2013-08-03,30.7083311167713,-99.45833333333125,0.0,0.0
2013-08-04,30.7083311167713,-99.45833333333125,0.0,0.0
2013-08-05,30.7083311167713,-99.45833333333125,0.0,0.0
2013-08-06,30.7083311167713,-99.45833333333125,0.0,0.0
2013-08-07,30.7083311167713,-99.45833333333125,0.0,0.0
2013-08-08,30.7083311167713,-99.45833333333125,0.0,0.0
2013-08-09,30.7083311167713,-99.45833333333125,0.0,0.0
2013-08-10,30.7083311167713,-99.45833333333125,0.0,0.06
2013-08-11,30.7083311167713,-99.45833333333125,0.0,0.0
2013-08-12,30.7083311167713,-99.45833333333125,0.0,0.0
2013-08-13,30.7083311167713,-99.45833333333125,0.0,0.0
2013-08-14,30.7083311167713,-99.45833333333125,0.0,0.18
2013-08-15,30.7083311167713,-99.45833333333125,0.1,0.12
2013-08-16,30.7083311167713,-99.45833333333125,0.01,0.0
2013-08-17,30.7083311167713,-99.45833333333125,0.0,0.0
2013-08-18,30.7083311167713,-99.45833333333125,0.0,0.0
2013-08-19,30.7083311167713,-99.45833333333125,0.0,0.0
2013-08-20,30.7083311167713,-99.45833333333125,0.0,0.0
2013-08-21,30.7083311167713,-99.45833333333125,0.0,0.0
2013-08-22,30.7083311167713,-99.45833333333125,0.0,0.0
2013-08-23,30.7083311167713,-99.45833333333125,0.08,0.0
2013-08-24,30.7083311167713,-99.45833333333125,0.02,0.0
2013-08-25,30.7083311167713,-99.45833333333125,0.0,0.0
2013-08-26,30.7083311167713,-99.45833333333125,0.0,0.0
2013-08-27,30.7083311167713,-99.45833333333125,3.69,2.1
2013-08-28,30.7083311167713,-99.45833333333125,0.0,0.0
2013-08-29,30.7083311167713,-99.45833333333125,0.0,0.0
2013-08-30,30.7083311167713,-99.45833333333125,0.0,0.0
2013-08-31,30.7083311167713,-99.45833333333125,0.0,0.0
2013-09-01,30.7083311167713,-99.45833333333125,0.0,0.0
2013-09-02,30.7083311167713,-99.45833333333125,0.47,0.66
2013-09-03,30.7083311167713,-99.45833333333125,0.0,0.37
2013-09-04,30.7083311167713,-99.45833333333125,0.0,0.02
2013-09-05,30.7083311167713,-99.45833333333125,0.0,0.0
2013-09-06,30.7083311167713,-99.45833333333125,0.0,0.0
2013-09-07,30.7083311167713,-99.45833333333125,0.0,0.0
2013-09-08,30.7083311167713,-99.45833333333125,0.02,0.17
2013-09-09,30.7083311167713,-99.45833333333125,0.0,0.0
2013-09-10,30.7083311167713,-99.45833333333125,0.07,0.37
2013-09-11,30.7083311167713,-99.45833333333125,0.22,0.14
2013-09-12,30.7083311167713,-99.45833333333125,0.0,0.0
2013-09-13,30.7083311167713,-99.45833333333125,0.0,0.0
2013-09-14,30.7083311167713,-99.45833333333125,0.0,0.0
2013-09-15,30.7083311167713,-99.45833333333125,0.0,0.0
2013-09-16,30.7083311167713,-99.45833333333125,0.01,0.01
2013-09-17,30.7083311167713,-99.45833333333125,0.01,0.01
2013-09-18,30.7083311167713,-99.45833333333125,0.0,0.0
2013-09-19,30.7083311167713,-99.45833333333125,1.34,1.21
2013-09-20,30.7083311167713,-99.45833333333125,1.54,1.83
2013-09-21,30.7083311167713,-99.45833333333125,0.01,0.0
2013-09-22,30.7083311167713,-99.45833333333125,0.0,0.0
2013-09-23,30.7083311167713,-99.45833333333125,0.0,0.0
2013-09-24,30.7083311167713,-99.45833333333125,0.0,0.0
2013-09-25,30.7083311167713,-99.45833333333125,0.0,0.0
2013-09-26,30.7083311167713,-99.45833333333125,0.0,0.0
2013-09-27,30.7083311167713,-99.45833333333125,0.0,0.0
2013-09-28,30.7083311167713,-99.45833333333125,0.11,0.03
2013-09-29,30.7083311167713,-99.45833333333125,0.02,0.0
2013-09-30,30.7083311167713,-99.45833333333125,0.0,0.0
2013-10-01,30.7083311167713,-99.45833333333125,0.0,0.0
2013-10-02,30.7083311167713,-99.45833333333125,0.0,0.0
2013-10-03,30.7083311167713,-99.45833333333125,0.0,0.0
2013-10-04,30.7083311167713,-99.45833333333125,0.0,0.0
2013-10-05,30.7083311167713,-99.45833333333125,0.0,0.0
2013-10-06,30.7083311167713,-99.45833333333125,0.0,0.0
2013-10-07,30.7083311167713,-99.45833333333125,0.0,0.0
2013-10-08,30.7083311167713,-99.45833333333125,0.0,0.0
2013-10-09,30.7083311167713,-99.45833333333125,0.0,0.0
2013-10-10,30.7083311167713,-99.45833333333125,0.0,0.0
2013-10-11,30.7083311167713,-99.45833333333125,0.0,0.0
2013-10-12,30.7083311167713,-99.45833333333125,0.0,0.43
2013-10-13,30.7083311167713,-99.45833333333125,0.97,0.85
2013-10-14,30.7083311167713,-99.45833333333125,0.02,0.01
2013-10-15,30.7083311167713,-99.45833333333125,1.23,1.1
2013-10-16,30.7083311167713,-99.45833333333125,1.33,1.37
2013-10-17,30.7083311167713,-99.45833333333125,0.0,0.0
2013-10-18,30.7083311167713,-99.45833333333125,0.0,0.08
2013-10-19,30.7083311167713,-99.45833333333125,0.0,0.0
2013-10-20,30.7083311167713,-99.45833333333125,0.0,0.0
2013-10-21,30.7083311167713,-99.45833333333125,0.0,0.0
2013-10-22,30.7083311167713,-99.45833333333125,0.0,0.0
2013-10-23,30.7083311167713,-99.45833333333125,0.0,0.0
2013-10-24,30.7083311167713,-99.45833333333125,0.0,0.0
2013-10-25,30.7083311167713,-99.45833333333125,0.0,0.0
2013-10-26,30.7083311167713,-99.45833333333125,0.03,0.02
2013-10-27,30.7083311167713,-99.45833333333125,0.07,0.23
2013-10-28,30.7083311167713,-99.45833333333125,0.0,0.0
2013-10-29,30.7083311167713,-99.45833333333125,0.1,0.09
2013-10-30,30.7083311167713,-99.45833333333125,0.01,0.08
2013-10-31,30.7083311167713,-99.45833333333125,0.0,0.0
2013-11-01,30.7083311167713,-99.45833333333125,0.0,0.0
2013-11-02,30.7083311167713,-99.45833333333125,0.0,0.0
2013-11-03,30.7083311167713,-99.45833333333125,0.0,0.0
2013-11-04,30.7083311167713,-99.45833333333125,0.14,0.1
2013-11-05,30.7083311167713,-99.45833333333125,0.22,0.19
2013-11-06,30.7083311167713,-99.45833333333125,0.31,0.49
2013-11-07,30.7083311167713,-99.45833333333125,0.0,0.0
2013-11-08,30.7083311167713,-99.45833333333125,0.01,0.0
2013-11-09,30.7083311167713,-99.45833333333125,0.0,0.0
2013-11-10,30.7083311167713,-99.45833333333125,0.0,0.0
2013-11-11,30.7083311167713,-99.45833333333125,0.0,0.0
2013-11-12,30.7083311167713,-99.45833333333125,0.0,0.0
2013-11-13,30.7083311167713,-99.45833333333125,0.0,0.0
2013-11-14,30.7083311167713,-99.45833333333125,0.0,0.0
2013-11-15,30.7083311167713,-99.45833333333125,0.0,0.0
2013-11-16,30.7083311167713,-99.45833333333125,0.0,0.0
2013-11-17,30.7083311167713,-99.45833333333125,0.0,0.0
2013-11-18,30.7083311167713,-99.45833333333125,0.0,0.0
2013-11-19,30.7083311167713,-99.45833333333125,0.0,0.0
2013-11-20,30.7083311167713,-99.45833333333125,0.0,0.0
2013-11-21,30.7083311167713,-99.45833333333125,0.0,0.0
2013-11-22,30.7083311167713,-99.45833333333125,0.34,0.5
2013-11-23,30.7083311167713,-99.45833333333125,0.1,0.15
2013-11-24,30.7083311167713,-99.45833333333125,0.1,0.12
2013-11-25,30.7083311167713,-99.45833333333125,0.37,0.4
2013-11-26,30.7083311167713,-99.45833333333125,0.03,0.02
2013-11-27,30.7083311167713,-99.45833333333125,0.0,0.0
2013-11-28,30.7083311167713,-99.45833333333125,0.0,0.0
2013-11-29,30.7083311167713,-99.45833333333125,0.0,0.0
2013-11-30,30.7083311167713,-99.45833333333125,0.0,0.0
2013-12-01,30.7083311167713,-99.45833333333125,0.0,0.0
2013-12-02,30.7083311167713,-99.45833333333125,0.0,0.0
2013-12-03,30.7083311167713,-99.45833333333125,0.0,0.0
2013-12-04,30.7083311167713,-99.45833333333125,0.0,0.0
2013-12-05,30.7083311167713,-99.45833333333125,0.0,0.0
2013-12-06,30.7083311167713,-99.45833333333125,0.01,0.0
2013-12-07,30.7083311167713,-99.45833333333125,0.0,0.0
2013-12-08,30.7083311167713,-99.45833333333125,0.04,0.08
2013-12-09,30.7083311167713,-99.45833333333125,0.01,0.0
2013-12-10,30.7083311167713,-99.45833333333125,0.0,0.0
2013-12-11,30.7083311167713,-99.45833333333125,0.0,0.0
2013-12-12,30.7083311167713,-99.45833333333125,0.0,0.0
2013-12-13,30.7083311167713,-99.45833333333125,0.0,0.0
2013-12-14,30.7083311167713,-99.45833333333125,0.0,0.0
2013-12-15,30.7083311167713,-99.45833333333125,0.0,0.0
2013-12-16,30.7083311167713,-99.45833333333125,0.0,0.0
2013-12-17,30.7083311167713,-99.45833333333125,0.0,0.0
2013-12-18,30.7083311167713,-99.45833333333125,0.0,0.0
2013-12-19,30.7083311167713,-99.45833333333125,0.0,0.0
2013-12-20,30.7083311167713,-99.45833333333125,0.08,0.09
2013-12-21,30.7083311167713,-99.45833333333125,0.46,0.6
2013-12-22,30.7083311167713,-99.45833333333125,0.0,0.0
2013-12-23,30.7083311167713,-99.45833333333125,0.0,0.0
2013-12-24,30.7083311167713,-99.45833333333125,0.0,0.0
2013-12-25,30.7083311167713,-99.45833333333125,0.0,0.0
2013-12-26,30.7083311167713,-99.45833333333125,0.0,0.0
2013-12-27,30.7083311167713,-99.45833333333125,0.01,0.0
2013-12-28,30.7083311167713,-99.45833333333125,0.01,0.0
2013-12-29,30.7083311167713,-99.45833333333125,0.0,0.0
2013-12-30,30.7083311167713,-99.45833333333125,0.0,0.0
2013-12-31,30.7083311167713,-99.45833333333125,0.0,0.0
2014-01-01,30.7083311167713,-99.45833333333125,0.0,0.0
2014-01-02,30.7083311167713,-99.45833333333125,0.0,0.0
2014-01-03,30.7083311167713,-99.45833333333125,0.0,0.0
2014-01-04,30.7083311167713,-99.45833333333125,0.0,0.0
2014-01-05,30.7083311167713,-99.45833333333125,0.0,0.0
2014-01-06,30.7083311167713,-99.45833333333125,0.0,0.0
2014-01-07,30.7083311167713,-99.45833333333125,0.0,0.0
2014-01-08,30.7083311167713,-99.45833333333125,0.0,0.0
2014-01-09,30.7083311167713,-99.45833333333125,0.0,0.0
2014-01-10,30.7083311167713,-99.45833333333125,0.0,0.0
2014-01-11,30.7083311167713,-99.45833333333125,0.0,0.0
2014-01-12,30.7083311167713,-99.45833333333125,0.0,0.0
2014-01-13,30.7083311167713,-99.45833333333125,0.0,0.0
2014-01-14,30.7083311167713,-99.45833333333125,0.0,0.0
2014-01-15,30.7083311167713,-99.45833333333125,0.0,0.0
2014-01-16,30.7083311167713,-99.45833333333125,0.0,0.0
2014-01-17,30.7083311167713,-99.45833333333125,0.0,0.0
2014-01-18,30.7083311167713,-99.45833333333125,0.0,0.0
2014-01-19,30.7083311167713,-99.45833333333125,0.0,0.0
2014-01-20,30.7083311167713,-99.45833333333125,0.0,0.0
2014-01-21,30.7083311167713,-99.45833333333125,0.0,0.0
2014-01-22,30.7083311167713,-99.45833333333125,0.0,0.0
2014-01-23,30.7083311167713,-99.45833333333125,0.0,0.0
2014-01-24,30.7083311167713,-99.45833333333125,0.0,0.0
2014-01-25,30.7083311167713,-99.45833333333125,0.0,0.0
2014-01-26,30.7083311167713,-99.45833333333125,0.0,0.0
2014-01-27,30.7083311167713,-99.45833333333125,0.0,0.0
2014-01-28,30.7083311167713,-99.45833333333125,0.0,0.0
2014-01-29,30.7083311167713,-99.45833333333125,0.0,0.0
2014-01-30,30.7083311167713,-99.45833333333125,0.0,0.0
2014-01-31,30.7083311167713,-99.45833333333125,0.0,0.0
2014-02-01,30.7083311167713,-99.45833333333125,0.0,0.0
2014-02-02,30.7083311167713,-99.45833333333125,0.0,0.05
2014-02-03,30.7083311167713,-99.45833333333125,0.0,0.0
2014-02-04,30.7083311167713,-99.45833333333125,0.03,0.02
2014-02-05,30.7083311167713,-99.45833333333125,0.0,0.0
2014-02-06,30.7083311167713,-99.45833333333125,0.0,0.0
2014-02-07,30.7083311167713,-99.45833333333125,0.0,0.0
2014-02-08,30.7083311167713,-99.45833333333125,0.01,0.0
2014-02-09,30.7083311167713,-99.45833333333125,0.0,0.0
2014-02-10,30.7083311167713,-99.45833333333125,0.0,0.0
2014-02-11,30.7083311167713,-99.45833333333125,0.0,0.0
2014-02-12,30.7083311167713,-99.45833333333125,0.01,0.02
2014-02-13,30.7083311167713,-99.45833333333125,0.0,0.0
2014-02-14,30.7083311167713,-99.45833333333125,0.0,0.0
2014-02-15,30.7083311167713,-99.45833333333125,0.0,0.0
2014-02-16,30.7083311167713,-99.45833333333125,0.0,0.0
2014-02-17,30.7083311167713,-99.45833333333125,0.0,0.0
2014-02-18,30.7083311167713,-99.45833333333125,0.0,0.0
2014-02-19,30.7083311167713,-99.45833333333125,0.0,0.0
2014-02-20,30.7083311167713,-99.45833333333125,0.0,0.0
2014-02-21,30.7083311167713,-99.45833333333125,0.0,0.0
2014-02-22,30.7083311167713,-99.45833333333125,0.0,0.0
2014-02-23,30.7083311167713,-99.45833333333125,0.0,0.0
2014-02-24,30.7083311167713,-99.45833333333125,0.0,0.0
2014-02-25,30.7083311167713,-99.45833333333125,0.02,0.02
2014-02-26,30.7083311167713,-99.45833333333125,0.0,0.01
2014-02-27,30.7083311167713,-99.45833333333125,0.0,0.0
2014-02-28,30.7083311167713,-99.45833333333125,0.0,0.0
2014-03-01,30.7083311167713,-99.45833333333125,0.0,0.0
2014-03-02,30.7083311167713,-99.45833333333125,0.0,0.0
2014-03-03,30.7083311167713,-99.45833333333125,0.0,0.0
2014-03-04,30.7083311167713,-99.45833333333125,0.0,0.01
2014-03-05,30.7083311167713,-99.45833333333125,0.0,0.0
2014-03-06,30.7083311167713,-99.45833333333125,0.0,0.0
2014-03-07,30.7083311167713,-99.45833333333125,0.0,0.0
2014-03-08,30.7083311167713,-99.45833333333125,0.0,0.0
2014-03-09,30.7083311167713,-99.45833333333125,0.0,0.0
2014-03-10,30.7083311167713,-99.45833333333125,0.0,0.0
2014-03-11,30.7083311167713,-99.45833333333125,0.0,0.0
2014-03-12,30.7083311167713,-99.45833333333125,0.0,0.0
2014-03-13,30.7083311167713,-99.45833333333125,0.0,0.0
2014-03-14,30.7083311167713,-99.45833333333125,0.0,0.0
2014-03-15,30.7083311167713,-99.45833333333125,0.0,0.0
2014-03-16,30.7083311167713,-99.45833333333125,0.0,0.0
2014-03-17,30.7083311167713,-99.45833333333125,0.0,0.0
2014-03-18,30.7083311167713,-99.45833333333125,0.0,0.0
2014-03-19,30.7083311167713,-99.45833333333125,0.0,0.0
2014-03-20,30.7083311167713,-99.45833333333125,0.0,0.0
2014-03-21,30.7083311167713,-99.45833333333125,0.0,0.0
2014-03-22,30.7083311167713,-99.45833333333125,0.0,0.0
2014-03-23,30.7083311167713,-99.45833333333125,0.06,0.16
2014-03-24,30.7083311167713,-99.45833333333125,0.0,0.0
2014-03-25,30.7083311167713,-99.45833333333125,0.0,0.0
2014-03-26,30.7083311167713,-99.45833333333125,0.0,0.0
2014-03-27,30.7083311167713,-99.45833333333125,0.0,0.0
2014-03-28,30.7083311167713,-99.45833333333125,0.0,0.0
2014-03-29,30.7083311167713,-99.45833333333125,0.0,0.0
2014-03-30,30.7083311167713,-99.45833333333125,0.0,0.0
2014-03-31,30.7083311167713,-99.45833333333125,0.0,0.0
2014-04-01,30.7083311167713,-99.45833333333125,0.0,0.0
2014-04-02,30.7083311167713,-99.45833333333125,0.0,0.0
2014-04-03,30.7083311167713,-99.45833333333125,0.02,0.01
2014-04-04,30.7083311167713,-99.45833333333125,0.0,0.0
2014-04-05,30.7083311167713,-99.45833333333125,0.0,0.0
2014-04-06,30.7083311167713,-99.45833333333125,0.02,0.0
2014-04-07,30.7083311167713,-99.45833333333125,0.01,0.1
2014-04-08,30.7083311167713,-99.45833333333125,0.0,0.0
2014-04-09,30.7083311167713,-99.45833333333125,0.0,0.0
2014-04-10,30.7083311167713,-99.45833333333125,0.0,0.0
2014-04-11,30.7083311167713,-99.45833333333125,0.0,0.0
2014-04-12,30.7083311167713,-99.45833333333125,0.0,0.0
2014-04-13,30.7083311167713,-99.45833333333125,0.07,0.04
2014-04-14,30.7083311167713,-99.45833333333125,0.0,0.0
2014-04-15,30.7083311167713,-99.45833333333125,0.0,0.0
2014-04-16,30.7083311167713,-99.45833333333125,0.0,0.0
2014-04-17,30.7083311167713,-99.45833333333125,0.0,0.0
2014-04-18,30.7083311167713,-99.45833333333125,0.0,0.0
2014-04-19,30.7083311167713,-99.45833333333125,0.0,0.0
2014-04-20,30.7083311167713,-99.45833333333125,0.05,0.04
2014-04-21,30.7083311167713,-99.45833333333125,1.16,0.57
2014-04-22,30.7083311167713,-99.45833333333125,0.01,0.0
2014-04-23,30.7083311167713,-99.45833333333125,0.0,0.0
2014-04-24,30.7083311167713,-99.45833333333125,0.0,0.0
2014-04-25,30.7083311167713,-99.45833333333125,0.0,0.0
2014-04-26,30.7083311167713,-99.45833333333125,0.0,0.0
2014-04-27,30.7083311167713,-99.45833333333125,0.0,0.0
2014-04-28,30.7083311167713,-99.45833333333125,0.0,0.0
2014-04-29,30.7083311167713,-99.45833333333125,0.0,0.0
2014-04-30,30.7083311167713,-99.45833333333125,0.0,0.0
2014-05-01,30.7083311167713,-99.45833333333125,0.0,0.0
2014-05-02,30.7083311167713,-99.45833333333125,0.0,0.0
2014-05-03,30.7083311167713,-99.45833333333125,0.0,0.0
2014-05-04,30.7083311167713,-99.45833333333125,0.0,0.0
2014-05-05,30.7083311167713,-99.45833333333125,0.0,0.0
2014-05-06,30.7083311167713,-99.45833333333125,0.0,0.0
2014-05-07,30.7083311167713,-99.45833333333125,0.0,0.0
2014-05-08,30.7083311167713,-99.45833333333125,0.0,0.11
2014-05-09,30.7083311167713,-99.45833333333125,0.13,0.21
2014-05-10,30.7083311167713,-99.45833333333125,0.0,0.0
2014-05-11,30.7083311167713,-99.45833333333125,0.0,0.0
2014-05-12,30.7083311167713,-99.45833333333125,0.84,0.4
2014-05-13,30.7083311167713,-99.45833333333125,0.18,0.22
2014-05-14,30.7083311167713,-99.45833333333125,0.0,0.0
2014-05-15,30.7083311167713,-99.45833333333125,0.0,0.0
2014-05-16,30.7083311167713,-99.45833333333125,0.0,0.0
2014-05-17,30.7083311167713,-99.45833333333125,0.0,0.0
2014-05-18,30.7083311167713,-99.45833333333125,0.0,0.0
2014-05-19,30.7083311167713,-99.45833333333125,0.0,0.0
2014-05-20,30.7083311167713,-99.45833333333125,0.0,0.0
2014-05-21,30.7083311167713,-99.45833333333125,0.0,0.0
2014-05-22,30.7083311167713,-99.45833333333125,0.0,0.0
2014-05-23,30.7083311167713,-99.45833333333125,1.16,2.24
2014-05-24,30.7083311167713,-99.45833333333125,0.01,0.0
2014-05-25,30.7083311167713,-99.45833333333125,3.23,2.18
2014-05-26,30.7083311167713,-99.45833333333125,0.84,0.91
2014-05-27,30.7083311167713,-99.45833333333125,0.64,0.61
2014-05-28,30.7083311167713,-99.45833333333125,0.0,0.0
2014-05-29,30.7083311167713,-99.45833333333125,0.0,0.0
2014-05-30,30.7083311167713,-99.45833333333125,0.0,0.0
2014-05-31,30.7083311167713,-99.45833333333125,0.0,0.0
2014-06-01,30.7083311167713,-99.45833333333125,0.0,0.0
2014-06-02,30.7083311167713,-99.45833333333125,0.0,0.0
2014-06-03,30.7083311167713,-99.45833333333125,0.0,0.0
2014-06-04,30.7083311167713,-99.45833333333125,0.0,0.0
2014-06-05,30.7083311167713,-99.45833333333125,0.0,0.0
2014-06-06,30.7083311167713,-99.45833333333125,0.0,0.0
2014-06-07,30.7083311167713,-99.45833333333125,0.0,0.0
2014-06-08,30.7083311167713,-99.45833333333125,0.14,0.33
2014-06-09,30.7083311167713,-99.45833333333125,0.79,0.79
2014-06-10,30.7083311167713,-99.45833333333125,0.0,0.0
2014-06-11,30.7083311167713,-99.45833333333125,0.0,0.0
2014-06-12,30.7083311167713,-99.45833333333125,0.6,0.78
2014-06-13,30.7083311167713,-99.45833333333125,0.0,0.0
2014-06-14,30.7083311167713,-99.45833333333125,0.65,0.54
2014-06-15,30.7083311167713,-99.45833333333125,0.0,0.0
2014-06-16,30.7083311167713,-99.45833333333125,0.0,0.0
2014-06-17,30.7083311167713,-99.45833333333125,0.0,0.0
2014-06-18,30.7083311167713,-99.45833333333125,0.0,0.0
2014-06-19,30.7083311167713,-99.45833333333125,0.0,0.0
2014-06-20,30.7083311167713,-99.45833333333125,0.05,0.05
2014-06-21,30.7083311167713,-99.45833333333125,0.13,0.13
2014-06-22,30.7083311167713,-99.45833333333125,0.0,0.0
2014-06-23,30.7083311167713,-99.45833333333125,0.0,0.0
2014-06-24,30.7083311167713,-99.45833333333125,0.0,0.01
2014-06-25,30.7083311167713,-99.45833333333125,0.18,0.18
2014-06-26,30.7083311167713,-99.45833333333125,0.0,0.0
2014-06-27,30.7083311167713,-99.45833333333125,0.0,0.0
2014-06-28,30.7083311167713,-99.45833333333125,0.0,0.0
2014-06-29,30.7083311167713,-99.45833333333125,0.0,0.0
2014-06-30,30.7083311167713,-99.45833333333125,0.0,0.0
2014-07-01,30.7083311167713,-99.45833333333125,0.0,0.0
2014-07-02,30.7083311167713,-99.45833333333125,0.0,0.0
2014-07-03,30.7083311167713,-99.45833333333125,0.0,0.0
2014-07-04,30.7083311167713,-99.45833333333125,0.0,0.0
2014-07-05,30.7083311167713,-99.45833333333125,0.0,0.0
2014-07-06,30.7083311167713,-99.45833333333125,0.0,0.0
2014-07-07,30.7083311167713,-99.45833333333125,0.0,0.0
2014-07-08,30.7083311167713,-99.45833333333125,0.0,0.0
2014-07-09,30.7083311167713,-99.45833333333125,0.0,0.0
2014-07-10,30.7083311167713,-99.45833333333125,0.0,0.0
2014-07-11,30.7083311167713,-99.45833333333125,0.0,0.0
2014-07-12,30.7083311167713,-99.45833333333125,0.0,0.0
2014-07-13,30.7083311167713,-99.45833333333125,0.0,0.0
2014-07-14,30.7083311167713,-99.45833333333125,0.0,0.0
2014-07-15,30.7083311167713,-99.45833333333125,0.34,1.31
2014-07-16,30.7083311167713,-99.45833333333125,0.12,0.09
2014-07-17,30.7083311167713,-99.45833333333125,0.29,0.37
2014-07-18,30.7083311167713,-99.45833333333125,0.0,0.0
2014-07-19,30.7083311167713,-99.45833333333125,0.0,0.0
2014-07-20,30.7083311167713,-99.45833333333125,0.0,0.0
2014-07-21,30.7083311167713,-99.45833333333125,0.0,0.0
2014-07-22,30.7083311167713,-99.45833333333125,0.0,0.0
2014-07-23,30.7083311167713,-99.45833333333125,0.0,0.0
2014-07-24,30.7083311167713,-99.45833333333125,0.0,0.0
2014-07-25,30.7083311167713,-99.45833333333125,0.0,0.0
2014-07-26,30.7083311167713,-99.45833333333125,0.0,0.0
2014-07-27,30.7083311167713,-99.45833333333125,0.0,0.0
2014-07-28,30.7083311167713,-99.45833333333125,0.0,0.0
2014-07-29,30.7083311167713,-99.45833333333125,0.0,0.0
2014-07-30,30.7083311167713,-99.45833333333125,0.0,0.0
2014-07-31,30.7083311167713,-99.45833333333125,0.0,0.0
2014-08-01,30.7083311167713,-99.45833333333125,0.0,0.0
2014-08-02,30.7083311167713,-99.45833333333125,0.0,0.0
2014-08-03,30.7083311167713,-99.45833333333125,0.0,0.0
2014-08-04,30.7083311167713,-99.45833333333125,0.0,0.0
2014-08-05,30.7083311167713,-99.45833333333125,0.0,0.0
2014-08-06,30.7083311167713,-99.45833333333125,0.0,0.0
2014-08-07,30.7083311167713,-99.45833333333125,0.0,0.0
2014-08-08,30.7083311167713,-99.45833333333125,0.0,0.0
2014-08-09,30.7083311167713,-99.45833333333125,0.0,0.0
2014-08-10,30.7083311167713,-99.45833333333125,0.0,0.0
2014-08-11,30.7083311167713,-99.45833333333125,0.1,0.13
2014-08-12,30.7083311167713,-99.45833333333125,0.0,0.0
2014-08-13,30.7083311167713,-99.45833333333125,0.0,0.0
2014-08-14,30.7083311167713,-99.45833333333125,0.0,0.0
2014-08-15,30.7083311167713,-99.45833333333125,0.0,0.0
2014-08-16,30.7083311167713,-99.45833333333125,0.0,0.0
2014-08-17,30.7083311167713,-99.45833333333125,0.53,0.65
2014-08-18,30.7083311167713,-99.45833333333125,1.22,1.58
2014-08-19,30.7083311167713,-99.45833333333125,0.01,0.02
2014-08-20,30.7083311167713,-99.45833333333125,0.0,0.0
2014-08-21,30.7083311167713,-99.45833333333125,0.0,0.0
2014-08-22,30.7083311167713,-99.45833333333125,0.0,0.0
2014-08-23,30.7083311167713,-99.45833333333125,0.0,0.0
2014-08-24,30.7083311167713,-99.45833333333125,0.0,0.0
2014-08-25,30.7083311167713,-99.45833333333125,0.0,0.0
2014-08-26,30.7083311167713,-99.45833333333125,0.0,0.0
2014-08-27,30.7083311167713,-99.45833333333125,0.0,0.0
2014-08-28,30.7083311167713,-99.45833333333125,0.0,0.0
2014-08-29,30.7083311167713,-99.45833333333125,0.0,0.0
2014-08-30,30.7083311167713,-99.45833333333125,0.0,0.1
2014-08-31,30.7083311167713,-99.45833333333125,0.0,0.0
2014-09-01,30.7083311167713,-99.45833333333125,0.0,0.0
2014-09-02,30.7083311167713,-99.45833333333125,0.0,0.0
2014-09-03,30.7083311167713,-99.45833333333125,0.07,0.03
2014-09-04,30.7083311167713,-99.45833333333125,0.0,0.0
2014-09-05,30.7083311167713,-99.45833333333125,0.0,0.0
2014-09-06,30.7083311167713,-99.45833333333125,0.0,0.14
2014-09-07,30.7083311167713,-99.45833333333125,0.02,0.0
2014-09-08,30.7083311167713,-99.45833333333125,0.01,0.21
2014-09-09,30.7083311167713,-99.45833333333125,0.0,0.0
2014-09-10,30.7083311167713,-99.45833333333125,0.0,0.0
2014-09-11,30.7083311167713,-99.45833333333125,0.35,0.38
2014-09-12,30.7083311167713,-99.45833333333125,0.0,0.01
2014-09-13,30.7083311167713,-99.45833333333125,0.01,0.02
2014-09-14,30.7083311167713,-99.45833333333125,0.0,0.0
2014-09-15,30.7083311167713,-99.45833333333125,0.0,0.0
2014-09-16,30.7083311167713,-99.45833333333125,0.0,0.0
2014-09-17,30.7083311167713,-99.45833333333125,0.25,0.11
2014-09-18,30.7083311167713,-99.45833333333125,0.02,0.28
2014-09-19,30.7083311167713,-99.45833333333125,0.06,0.06
2014-09-20,30.7083311167713,-99.45833333333125,0.0,0.0
2014-09-21,30.7083311167713,-99.45833333333125,0.0,0.0
2014-09-22,30.7083311167713,-99.45833333333125,0.0,0.05
2014-09-23,30.7083311167713,-99.45833333333125,0.0,0.0
2014-09-24,30.7083311167713,-99.45833333333125,0.0,0.0
2014-09-25,30.7083311167713,-99.45833333333125,0.0,0.0
2014-09-26,30.7083311167713,-99.45833333333125,0.01,0.06
2014-09-27,30.7083311167713,-99.45833333333125,0.04,0.05
2014-09-28,30.7083311167713,-99.45833333333125,0.0,0.0
2014-09-29,30.7083311167713,-99.45833333333125,0.0,0.0
2014-09-30,30.7083311167713,-99.45833333333125,0.0,0.0
2014-10-01,30.7083311167713,-99.45833333333125,0.0,0.0
2014-10-02,30.7083311167713,-99.45833333333125,0.0,0.0
2014-10-03,30.7083311167713,-99.45833333333125,0.0,0.0
2014-10-04,30.7083311167713,-99.45833333333125,0.0,0.0
2014-10-05,30.7083311167713,-99.45833333333125,0.0,0.0
2014-10-06,30.7083311167713,-99.45833333333125,0.0,0.0
2014-10-07,30.7083311167713,-99.45833333333125,0.0,0.0
2014-10-08,30.7083311167713,-99.45833333333125,0.0,0.0
2014-10-09,30.7083311167713,-99.45833333333125,0.0,0.0
2014-10-10,30.7083311167713,-99.45833333333125,0.0,0.0
2014-10-11,30.7083311167713,-99.45833333333125,0.69,0.8
2014-10-12,30.7083311167713,-99.45833333333125,0.0,0.0
2014-10-13,30.7083311167713,-99.45833333333125,0.2,0.22
2014-10-14,30.7083311167713,-99.45833333333125,0.0,0.0
2014-10-15,30.7083311167713,-99.45833333333125,0.0,0.0
2014-10-16,30.7083311167713,-99.45833333333125,0.0,0.0
2014-10-17,30.7083311167713,-99.45833333333125,0.0,0.0
2014-10-18,30.7083311167713,-99.45833333333125,0.0,0.0
2014-10-19,30.7083311167713,-99.45833333333125,0.0,0.0
2014-10-20,30.7083311167713,-99.45833333333125,0.0,0.0
2014-10-21,30.7083311167713,-99.45833333333125,0.0,0.0
2014-10-22,30.7083311167713,-99.45833333333125,0.0,0.0
2014-10-23,30.7083311167713,-99.45833333333125,0.0,0.0
2014-10-24,30.7083311167713,-99.45833333333125,0.0,0.0
2014-10-25,30.7083311167713,-99.45833333333125,0.0,0.0
2014-10-26,30.7083311167713,-99.45833333333125,0.0,0.0
2014-10-27,30.7083311167713,-99.45833333333125,0.0,0.0
2014-10-28,30.7083311167713,-99.45833333333125,0.0,0.0
2014-10-29,30.7083311167713,-99.45833333333125,0.0,0.0
2014-10-30,30.7083311167713,-99.45833333333125,0.0,0.0
2014-10-31,30.7083311167713,-99.45833333333125,0.0,0.02
2014-11-01,30.7083311167713,-99.45833333333125,0.0,0.0
2014-11-02,30.7083311167713,-99.45833333333125,0.0,0.0
2014-11-03,30.7083311167713,-99.45833333333125,0.0,0.0
2014-11-04,30.7083311167713,-99.45833333333125,0.57,0.7
2014-11-05,30.7083311167713,-99.45833333333125,0.89,0.94
2014-11-06,30.7083311167713,-99.45833333333125,0.0,0.0
2014-11-07,30.7083311167713,-99.45833333333125,0.0,0.0
2014-11-08,30.7083311167713,-99.45833333333125,0.0,0.0
2014-11-09,30.7083311167713,-99.45833333333125,0.0,0.0
2014-11-10,30.7083311167713,-99.45833333333125,0.0,0.0
2014-11-11,30.7083311167713,-99.45833333333125,0.0,0.0
2014-11-12,30.7083311167713,-99.45833333333125,0.0,0.0
2014-11-13,30.7083311167713,-99.45833333333125,0.0,0.0
2014-11-14,30.7083311167713,-99.45833333333125,0.0,0.0
2014-11-15,30.7083311167713,-99.45833333333125,0.0,0.0
2014-11-16,30.7083311167713,-99.45833333333125,0.0,0.0
2014-11-17,30.7083311167713,-99.45833333333125,0.0,0.0
2014-11-18,30.7083311167713,-99.45833333333125,0.0,0.0
2014-11-19,30.7083311167713,-99.45833333333125,0.0,0.0
2014-11-20,30.7083311167713,-99.45833333333125,0.0,0.0
2014-11-21,30.7083311167713,-99.45833333333125,0.0,0.0
2014-11-22,30.7083311167713,-99.45833333333125,0.53,0.3
2014-11-23,30.7083311167713,-99.45833333333125,0.01,0.01
2014-11-24,30.7083311167713,-99.45833333333125,0.0,0.0
2014-11-25,30.7083311167713,-99.45833333333125,0.0,0.0
2014-11-26,30.7083311167713,-99.45833333333125,0.0,0.0
2014-11-27,30.7083311167713,-99.45833333333125,0.0,0.0
2014-11-28,30.7083311167713,-99.45833333333125,0.0,0.0
2014-11-29,30.7083311167713,-99.45833333333125,0.0,0.0
2014-11-30,30.7083311167713,-99.45833333333125,0.0,0.0
2014-12-01,30.7083311167713,-99.45833333333125,0.0,0.0
2014-12-02,30.7083311167713,-99.45833333333125,0.0,0.0
2014-12-03,30.7083311167713,-99.45833333333125,0.0,0.0
2014-12-04,30.7083311167713,-99.45833333333125,0.0,0.0
2014-12-05,30.7083311167713,-99.45833333333125,0.0,0.0
2014-12-06,30.7083311167713,-99.45833333333125,0.0,0.0
2014-12-07,30.7083311167713,-99.45833333333125,0.0,0.0
2014-12-08,30.7083311167713,-99.45833333333125,0.0,0.0
2014-12-09,30.7083311167713,-99.45833333333125,0.0,0.0
2014-12-10,30.7083311167713,-99.45833333333125,0.0,0.0
2014-12-11,30.7083311167713,-99.45833333333125,0.05,0.03
2014-12-12,30.7083311167713,-99.45833333333125,0.0,0.01
2014-12-13,30.7083311167713,-99.45833333333125,0.0,0.0
2014-12-14,30.7083311167713,-99.45833333333125,0.03,0.01
2014-12-15,30.7083311167713,-99.45833333333125,0.01,0.0
2014-12-16,30.7083311167713,-99.45833333333125,0.0,0.0
2014-12-17,30.7083311167713,-99.45833333333125,0.01,0.01
2014-12-18,30.7083311167713,-99.45833333333125,0.0,0.01
2014-12-19,30.7083311167713,-99.45833333333125,0.23,0.42
2014-12-20,30.7083311167713,-99.45833333333125,0.0,0.0
2014-12-21,30.7083311167713,-99.45833333333125,0.0,0.0
2014-12-22,30.7083311167713,-99.45833333333125,0.0,0.0
2014-12-23,30.7083311167713,-99.45833333333125,0.29,0.2
2014-12-24,30.7083311167713,-99.45833333333125,0.0,0.0
2014-12-25,30.7083311167713,-99.45833333333125,0.0,0.0
2014-12-26,30.7083311167713,-99.45833333333125,0.0,0.0
2014-12-27,30.7083311167713,-99.45833333333125,0.0,0.0
2014-12-28,30.7083311167713,-99.45833333333125,0.06,0.06
2014-12-29,30.7083311167713,-99.45833333333125,0.0,0.0
2014-12-30,30.7083311167713,-99.45833333333125,0.02,0.03
2014-12-31,30.7083311167713,-99.45833333333125,0.0,0.0
2015-01-01,30.7083311167713,-99.45833333333125,0.12,0.03
2015-01-02,30.7083311167713,-99.45833333333125,0.42,0.35
2015-01-03,30.7083311167713,-99.45833333333125,0.0,0.01
2015-01-04,30.7083311167713,-99.45833333333125,0.0,0.0
2015-01-05,30.7083311167713,-99.45833333333125,0.0,0.0
2015-01-06,30.7083311167713,-99.45833333333125,0.0,0.0
2015-01-07,30.7083311167713,-99.45833333333125,0.0,0.0
2015-01-08,30.7083311167713,-99.45833333333125,0.0,0.0
2015-01-09,30.7083311167713,-99.45833333333125,0.11,0.05
2015-01-10,30.7083311167713,-99.45833333333125,0.19,0.21
2015-01-11,30.7083311167713,-99.45833333333125,0.05,0.03
2015-01-12,30.7083311167713,-99.45833333333125,0.0,0.0
2015-01-13,30.7083311167713,-99.45833333333125,0.0,0.0
2015-01-14,30.7083311167713,-99.45833333333125,0.01,0.01
2015-01-15,30.7083311167713,-99.45833333333125,0.0,0.0
2015-01-16,30.7083311167713,-99.45833333333125,0.0,0.0
2015-01-17,30.7083311167713,-99.45833333333125,0.0,0.0
2015-01-18,30.7083311167713,-99.45833333333125,0.0,0.0
2015-01-19,30.7083311167713,-99.45833333333125,0.0,0.0
2015-01-20,30.7083311167713,-99.45833333333125,0.0,0.0
2015-01-21,30.7083311167713,-99.45833333333125,0.13,0.18
2015-01-22,30.7083311167713,-99.45833333333125,0.4,0.57
2015-01-23,30.7083311167713,-99.45833333333125,0.16,0.17
2015-01-24,30.7083311167713,-99.45833333333125,0.01,0.0
2015-01-25,30.7083311167713,-99.45833333333125,0.0,0.0
2015-01-26,30.7083311167713,-99.45833333333125,0.0,0.0
2015-01-27,30.7083311167713,-99.45833333333125,0.0,0.0
2015-01-28,30.7083311167713,-99.45833333333125,0.0,0.0
2015-01-29,30.7083311167713,-99.45833333333125,0.0,0.0
2015-01-30,30.7083311167713,-99.45833333333125,0.0,0.0
2015-01-31,30.7083311167713,-99.45833333333125,0.19,0.11
2015-02-01,30.7083311167713,-99.45833333333125,0.01,0.01
2015-02-02,30.7083311167713,-99.45833333333125,0.0,0.0
2015-02-03,30.7083311167713,-99.45833333333125,0.0,0.0
2015-02-04,30.7083311167713,-99.45833333333125,0.0,0.0
2015-02-05,30.7083311167713,-99.45833333333125,0.0,0.0
2015-02-06,30.7083311167713,-99.45833333333125,0.0,0.0
2015-02-07,30.7083311167713,-99.45833333333125,0.0,0.0
2015-02-08,30.7083311167713,-99.45833333333125,0.0,0.0
2015-02-09,30.7083311167713,-99.45833333333125,0.0,0.0
2015-02-10,30.7083311167713,-99.45833333333125,0.0,0.0
2015-02-11,30.7083311167713,-99.45833333333125,0.0,0.0
2015-02-12,30.7083311167713,-99.45833333333125,0.0,0.0
2015-02-13,30.7083311167713,-99.45833333333125,0.0,0.0
2015-02-14,30.7083311167713,-99.45833333333125,0.0,0.0
2015-02-15,30.7083311167713,-99.45833333333125,0.0,0.0
2015-02-16,30.7083311167713,-99.45833333333125,0.0,0.0
2015-02-17,30.7083311167713,-99.45833333333125,0.03,0.0
2015-02-18,30.7083311167713,-99.45833333333125,0.0,0.0
2015-02-19,30.7083311167713,-99.45833333333125,0.0,0.0
2015-02-20,30.7083311167713,-99.45833333333125,0.0,0.0
2015-02-21,30.7083311167713,-99.45833333333125,0.0,0.0
2015-02-22,30.7083311167713,-99.45833333333125,0.0,0.0
2015-02-23,30.7083311167713,-99.45833333333125,0.0,0.0
2015-02-24,30.7083311167713,-99.45833333333125,0.01,0.01
2015-02-25,30.7083311167713,-99.45833333333125,0.0,0.0
2015-02-26,30.7083311167713,-99.45833333333125,0.0,0.0
2015-02-27,30.7083311167713,-99.45833333333125,0.0,0.0
2015-02-28,30.7083311167713,-99.45833333333125,0.05,0.01
2015-03-01,30.7083311167713,-99.45833333333125,0.05,0.07
2015-03-02,30.7083311167713,-99.45833333333125,0.03,0.03
2015-03-03,30.7083311167713,-99.45833333333125,0.02,0.02
2015-03-04,30.7083311167713,-99.45833333333125,0.11,0.22
2015-03-05,30.7083311167713,-99.45833333333125,0.28,0.13
2015-03-06,30.7083311167713,-99.45833333333125,0.0,0.0
2015-03-07,30.7083311167713,-99.45833333333125,0.0,0.0
2015-03-08,30.7083311167713,-99.45833333333125,0.04,0.06
2015-03-09,30.7083311167713,-99.45833333333125,0.19,0.18
2015-03-10,30.7083311167713,-99.45833333333125,0.0,0.01
2015-03-11,30.7083311167713,-99.45833333333125,0.0,0.0
2015-03-12,30.7083311167713,-99.45833333333125,0.0,0.0
2015-03-13,30.7083311167713,-99.45833333333125,0.0,0.0
2015-03-14,30.7083311167713,-99.45833333333125,0.0,0.0
2015-03-15,30.7083311167713,-99.45833333333125,0.0,0.0
2015-03-16,30.7083311167713,-99.45833333333125,0.0,0.0
2015-03-17,30.7083311167713,-99.45833333333125,0.1,0.06
2015-03-18,30.7083311167713,-99.45833333333125,0.28,0.5
2015-03-19,30.7083311167713,-99.45833333333125,0.0,0.0
2015-03-20,30.7083311167713,-99.45833333333125,1.48,1.22
2015-03-21,30.7083311167713,-99.45833333333125,0.65,0.47
2015-03-22,30.7083311167713,-99.45833333333125,0.0,0.0
2015-03-23,30.7083311167713,-99.45833333333125,0.0,0.0
2015-03-24,30.7083311167713,-99.45833333333125,0.0,0.0
2015-03-25,30.7083311167713,-99.45833333333125,0.0,0.0
2015-03-26,30.7083311167713,-99.45833333333125,0.0,0.0
2015-03-27,30.7083311167713,-99.45833333333125,0.0,0.0
2015-03-28,30.7083311167713,-99.45833333333125,0.0,0.0
2015-03-29,30.7083311167713,-99.45833333333125,0.0,0.0
2015-03-30,30.7083311167713,-99.45833333333125,0.0,0.0
2015-03-31,30.7083311167713,-99.45833333333125,0.0,0.0
2015-04-01,30.7083311167713,-99.45833333333125,0.81,0.05
2015-04-02,30.7083311167713,-99.45833333333125,0.0,0.0
2015-04-03,30.7083311167713,-99.45833333333125,0.0,0.0
2015-04-04,30.7083311167713,-99.45833333333125,0.0,0.0
2015-04-05,30.7083311167713,-99.45833333333125,0.0,0.0
2015-04-06,30.7083311167713,-99.45833333333125,0.01,0.01
2015-04-07,30.7083311167713,-99.45833333333125,0.0,0.0
2015-04-08,30.7083311167713,-99.45833333333125,0.0,0.0
2015-04-09,30.7083311167713,-99.45833333333125,0.0,0.01
2015-04-10,30.7083311167713,-99.45833333333125,0.0,0.0
2015-04-11,30.7083311167713,-99.45833333333125,0.01,0.0
2015-04-12,30.7083311167713,-99.45833333333125,0.05,0.05
2015-04-13,30.7083311167713,-99.45833333333125,0.01,0.01
2015-04-14,30.7083311167713,-99.45833333333125,0.0,0.0
2015-04-15,30.7083311167713,-99.45833333333125,0.0,0.0
2015-04-16,30.7083311167713,-99.45833333333125,0.32,0.47
2015-04-17,30.7083311167713,-99.45833333333125,0.24,0.44
2015-04-18,30.7083311167713,-99.45833333333125,0.26,0.16
2015-04-19,30.7083311167713,-99.45833333333125,0.0,0.0
2015-04-20,30.7083311167713,-99.45833333333125,0.0,0.0
2015-04-21,30.7083311167713,-99.45833333333125,0.0,0.0
2015-04-22,30.7083311167713,-99.45833333333125,0.0,0.0
2015-04-23,30.7083311167713,-99.45833333333125,0.0,0.0
2015-04-24,30.7083311167713,-99.45833333333125,0.01,0.04
2015-04-25,30.7083311167713,-99.45833333333125,0.0,0.0
2015-04-26,30.7083311167713,-99.45833333333125,0.21,0.46
2015-04-27,30.7083311167713,-99.45833333333125,0.0,0.0
2015-04-28,30.7083311167713,-99.45833333333125,0.0,0.0
2015-04-29,30.7083311167713,-99.45833333333125,0.0,0.0
2015-04-30,30.7083311167713,-99.45833333333125,0.0,0.0
2015-05-01,30.7083311167713,-99.45833333333125,0.0,0.0
2015-05-02,30.7083311167713,-99.45833333333125,0.0,0.0
2015-05-03,30.7083311167713,-99.45833333333125,0.0,0.0
2015-05-04,30.7083311167713,-99.45833333333125,0.0,0.0
2015-05-05,30.7083311167713,-99.45833333333125,0.02,0.02
2015-05-06,30.7083311167713,-99.45833333333125,0.0,0.0
2015-05-07,30.7083311167713,-99.45833333333125,0.0,0.0
2015-05-08,30.7083311167713,-99.45833333333125,0.02,0.0
2015-05-09,30.7083311167713,-99.45833333333125,0.0,0.0
2015-05-10,30.7083311167713,-99.45833333333125,0.02,0.12
2015-05-11,30.7083311167713,-99.45833333333125,0.03,0.28
2015-05-12,30.7083311167713,-99.45833333333125,0.06,0.07
2015-05-13,30.7083311167713,-99.45833333333125,1.39,1.43
2015-05-14,30.7083311167713,-99.45833333333125,0.0,0.0
2015-05-15,30.7083311167713,-99.45833333333125,0.14,0.21
2015-05-16,30.7083311167713,-99.45833333333125,0.0,0.0
2015-05-17,30.7083311167713,-99.45833333333125,0.99,1.02
2015-05-18,30.7083311167713,-99.45833333333125,0.0,0.05
2015-05-19,30.7083311167713,-99.45833333333125,0.0,0.01
2015-05-20,30.7083311167713,-99.45833333333125,0.0,0.1
2015-05-21,30.7083311167713,-99.45833333333125,0.26,0.28
2015-05-22,30.7083311167713,-99.45833333333125,0.01,0.0
2015-05-23,30.7083311167713,-99.45833333333125,2.3,1.19
2015-05-24,30.7083311167713,-99.45833333333125,2.19,0.3
2015-05-25,30.7083311167713,-99.45833333333125,0.0,0.25
2015-05-26,30.7083311167713,-99.45833333333125,0.0,0.0
2015-05-27,30.7083311167713,-99.45833333333125,0.07,0.06
2015-05-28,30.7083311167713,-99.45833333333125,1.44,1.64
2015-05-29,30.7083311167713,-99.45833333333125,0.54,0.54
2015-05-30,30.7083311167713,-99.45833333333125,0.09,0.08
2015-05-31,30.7083311167713,-99.45833333333125,0.0,0.0
2015-06-01,30.7083311167713,-99.45833333333125,0.0,0.0
2015-06-02,30.7083311167713,-99.45833333333125,0.0,0.0
2015-06-03,30.7083311167713,-99.45833333333125,0.0,0.0
2015-06-04,30.7083311167713,-99.45833333333125,0.0,0.0
2015-06-05,30.7083311167713,-99.45833333333125,0.0,0.0
2015-06-06,30.7083311167713,-99.45833333333125,0.0,0.0
2015-06-07,30.7083311167713,-99.45833333333125,0.0,0.0
2015-06-08,30.7083311167713,-99.45833333333125,0.0,0.0
2015-06-09,30.7083311167713,-99.45833333333125,0.0,0.0
2015-06-10,30.7083311167713,-99.45833333333125,0.0,0.0
2015-06-11,30.7083311167713,-99.45833333333125,0.0,0.0
2015-06-12,30.7083311167713,-99.45833333333125,0.0,0.0
2015-06-13,30.7083311167713,-99.45833333333125,0.0,0.0
2015-06-14,30.7083311167713,-99.45833333333125,0.0,0.0
2015-06-15,30.7083311167713,-99.45833333333125,0.19,0.41
2015-06-16,30.7083311167713,-99.45833333333125,0.15,0.89
2015-06-17,30.7083311167713,-99.45833333333125,0.13,0.07
2015-06-18,30.7083311167713,-99.45833333333125,0.19,0.06
2015-06-19,30.7083311167713,-99.45833333333125,0.0,0.01
2015-06-20,30.7083311167713,-99.45833333333125,0.0,0.0
2015-06-21,30.7083311167713,-99.45833333333125,0.09,0.02
2015-06-22,30.7083311167713,-99.45833333333125,0.0,0.0
2015-06-23,30.7083311167713,-99.45833333333125,0.0,0.01
2015-06-24,30.7083311167713,-99.45833333333125,0.0,0.0
2015-06-25,30.7083311167713,-99.45833333333125,0.0,0.0
2015-06-26,30.7083311167713,-99.45833333333125,0.0,0.0
2015-06-27,30.7083311167713,-99.45833333333125,0.1,0.72
2015-06-28,30.7083311167713,-99.45833333333125,0.49,0.47
2015-06-29,30.7083311167713,-99.45833333333125,0.01,0.0
2015-06-30,30.7083311167713,-99.45833333333125,0.0,0.0
2015-07-01,30.7083311167713,-99.45833333333125,0.0,0.0
2015-07-02,30.7083311167713,-99.45833333333125,0.0,0.0
2015-07-03,30.7083311167713,-99.45833333333125,0.0,0.0
2015-07-04,30.7083311167713,-99.45833333333125,0.0,0.0
2015-07-05,30.7083311167713,-99.45833333333125,0.0,0.0
2015-07-06,30.7083311167713,-99.45833333333125,0.0,0.0
2015-07-07,30.7083311167713,-99.45833333333125,0.0,0.0
2015-07-08,30.7083311167713,-99.45833333333125,0.05,0.46
2015-07-09,30.7083311167713,-99.45833333333125,0.0,0.0
2015-07-10,30.7083311167713,-99.45833333333125,0.0,0.0
2015-07-11,30.7083311167713,-99.45833333333125,0.0,0.0
2015-07-12,30.7083311167713,-99.45833333333125,0.0,0.0
2015-07-13,30.7083311167713,-99.45833333333125,0.0,0.0
2015-07-14,30.7083311167713,-99.45833333333125,0.0,0.0
2015-07-15,30.7083311167713,-99.45833333333125,0.0,0.0
2015-07-16,30.7083311167713,-99.45833333333125,0.0,0.0
2015-07-17,30.7083311167713,-99.45833333333125,0.0,0.0
2015-07-18,30.7083311167713,-99.45833333333125,0.0,0.0
2015-07-19,30.7083311167713,-99.45833333333125,0.0,0.0
2015-07-20,30.7083311167713,-99.45833333333125,0.0,0.0
2015-07-21,30.7083311167713,-99.45833333333125,0.0,0.0
2015-07-22,30.7083311167713,-99.45833333333125,0.0,0.0
2015-07-23,30.7083311167713,-99.45833333333125,0.0,0.0
2015-07-24,30.7083311167713,-99.45833333333125,0.0,0.0
2015-07-25,30.7083311167713,-99.45833333333125,0.0,0.0
2015-07-26,30.7083311167713,-99.45833333333125,0.0,0.03
2015-07-27,30.7083311167713,-99.45833333333125,0.0,0.0
2015-07-28,30.7083311167713,-99.45833333333125,0.0,0.0
2015-07-29,30.7083311167713,-99.45833333333125,0.0,0.0
2015-07-30,30.7083311167713,-99.45833333333125,0.0,0.0
2015-07-31,30.7083311167713,-99.45833333333125,0.0,0.07
2015-08-01,30.7083311167713,-99.45833333333125,0.0,0.0
2015-08-02,30.7083311167713,-99.45833333333125,0.0,0.0
2015-08-03,30.7083311167713,-99.45833333333125,0.0,0.0
2015-08-04,30.7083311167713,-99.45833333333125,0.0,0.0
2015-08-05,30.7083311167713,-99.45833333333125,0.0,0.0
2015-08-06,30.7083311167713,-99.45833333333125,0.0,0.0
2015-08-07,30.7083311167713,-99.45833333333125,0.0,0.0
2015-08-08,30.7083311167713,-99.45833333333125,0.0,0.0
2015-08-09,30.7083311167713,-99.45833333333125,0.0,0.0
2015-08-10,30.7083311167713,-99.45833333333125,0.0,0.0
2015-08-11,30.7083311167713,-99.45833333333125,0.0,0.0
2015-08-12,30.7083311167713,-99.45833333333125,0.0,0.0
2015-08-13,30.7083311167713,-99.45833333333125,0.0,0.0
2015-08-14,30.7083311167713,-99.45833333333125,0.0,0.01
2015-08-15,30.7083311167713,-99.45833333333125,0.37,0.2
2015-08-16,30.7083311167713,-99.45833333333125,0.0,0.0
2015-08-17,30.7083311167713,-99.45833333333125,0.0,0.0
2015-08-18,30.7083311167713,-99.45833333333125,0.0,0.0
2015-08-19,30.7083311167713,-99.45833333333125,0.02,0.3
2015-08-20,30.7083311167713,-99.45833333333125,0.0,0.0
2015-08-21,30.7083311167713,-99.45833333333125,0.0,0.0
2015-08-22,30.7083311167713,-99.45833333333125,0.0,0.0
2015-08-23,30.7083311167713,-99.45833333333125,0.0,0.0
2015-08-24,30.7083311167713,-99.45833333333125,0.0,0.0
2015-08-25,30.7083311167713,-99.45833333333125,1.44,0.13
2015-08-26,30.7083311167713,-99.45833333333125,0.0,0.0
2015-08-27,30.7083311167713,-99.45833333333125,0.0,0.0
2015-08-28,30.7083311167713,-99.45833333333125,0.0,0.0
2015-08-29,30.7083311167713,-99.45833333333125,0.0,0.0
2015-08-30,30.7083311167713,-99.45833333333125,0.0,0.0
2015-08-31,30.7083311167713,-99.45833333333125,0.0,0.0
2015-09-01,30.7083311167713,-99.45833333333125,0.0,0.0
2015-09-02,30.7083311167713,-99.45833333333125,0.0,0.0
2015-09-03,30.7083311167713,-99.45833333333125,0.0,0.0
2015-09-04,30.7083311167713,-99.45833333333125,0.0,0.0
2015-09-05,30.7083311167713,-99.45833333333125,0.0,0.0
2015-09-06,30.7083311167713,-99.45833333333125,0.0,0.0
2015-09-07,30.7083311167713,-99.45833333333125,0.0,0.0
2015-09-08,30.7083311167713,-99.45833333333125,0.0,0.0
2015-09-09,30.7083311167713,-99.45833333333125,0.03,0.06
2015-09-10,30.7083311167713,-99.45833333333125,0.0,0.04
2015-09-11,30.7083311167713,-99.45833333333125,0.0,0.0
2015-09-12,30.7083311167713,-99.45833333333125,0.0,0.0
2015-09-13,30.7083311167713,-99.45833333333125,0.0,0.0
2015-09-14,30.7083311167713,-99.45833333333125,0.0,0.0
2015-09-15,30.7083311167713,-99.45833333333125,0.0,0.0
2015-09-16,30.7083311167713,-99.45833333333125,0.0,0.0
2015-09-17,30.7083311167713,-99.45833333333125,0.0,0.0
2015-09-18,30.7083311167713,-99.45833333333125,0.0,0.0
2015-09-19,30.7083311167713,-99.45833333333125,0.23,0.07
2015-09-20,30.7083311167713,-99.45833333333125,0.0,0.0
2015-09-21,30.7083311167713,-99.45833333333125,0.0,0.0
2015-09-22,30.7083311167713,-99.45833333333125,0.0,0.0
2015-09-23,30.7083311167713,-99.45833333333125,0.0,0.0
2015-09-24,30.7083311167713,-99.45833333333125,0.0,0.0
2015-09-25,30.7083311167713,-99.45833333333125,0.0,0.0
2015-09-26,30.7083311167713,-99.45833333333125,0.0,0.0
2015-09-27,30.7083311167713,-99.45833333333125,0.0,0.0
2015-09-28,30.7083311167713,-99.45833333333125,0.0,0.0
2015-09-29,30.7083311167713,-99.45833333333125,0.0,0.0
2015-09-30,30.7083311167713,-99.45833333333125,0.0,0.0
2015-10-01,30.7083311167713,-99.45833333333125,0.0,0.0
2015-10-02,30.7083311167713,-99.45833333333125,0.0,0.0
2015-10-03,30.7083311167713,-99.45833333333125,0.0,0.0
2015-10-04,30.7083311167713,-99.45833333333125,0.0,0.0
2015-10-05,30.7083311167713,-99.45833333333125,0.0,0.0
2015-10-06,30.7083311167713,-99.45833333333125,0.0,0.0
2015-10-07,30.7083311167713,-99.45833333333125,0.0,0.0
2015-10-08,30.7083311167713,-99.45833333333125,0.0,0.0
2015-10-09,30.7083311167713,-99.45833333333125,0.24,0.27
2015-10-10,30.7083311167713,-99.45833333333125,0.0,0.0
2015-10-11,30.7083311167713,-99.45833333333125,0.0,0.0
2015-10-12,30.7083311167713,-99.45833333333125,0.0,0.0
2015-10-13,30.7083311167713,-99.45833333333125,0.0,0.0
2015-10-14,30.7083311167713,-99.45833333333125,0.0,0.0
2015-10-15,30.7083311167713,-99.45833333333125,0.0,0.0
2015-10-16,30.7083311167713,-99.45833333333125,0.0,0.0
2015-10-17,30.7083311167713,-99.45833333333125,0.0,0.0
2015-10-18,30.7083311167713,-99.45833333333125,0.0,0.0
2015-10-19,30.7083311167713,-99.45833333333125,0.0,0.0
2015-10-20,30.7083311167713,-99.45833333333125,0.0,0.0
2015-10-21,30.7083311167713,-99.45833333333125,0.31,0.25
2015-10-22,30.7083311167713,-99.45833333333125,0.1,0.11
2015-10-23,30.7083311167713,-99.45833333333125,0.82,0.59
2015-10-24,30.7083311167713,-99.45833333333125,3.34,2.37
2015-10-25,30.7083311167713,-99.45833333333125,0.0,0.0
2015-10-26,30.7083311167713,-99.45833333333125,0.0,0.0
2015-10-27,30.7083311167713,-99.45833333333125,0.0,0.0
2015-10-28,30.7083311167713,-99.45833333333125,0.0,0.0
2015-10-29,30.7083311167713,-99.45833333333125,0.0,0.0
2015-10-30,30.7083311167713,-99.45833333333125,0.01,0.0
2015-10-31,30.7083311167713,-99.45833333333125,1.03,0.47
2015-11-01,30.7083311167713,-99.45833333333125,0.0,0.0
2015-11-02,30.7083311167713,-99.45833333333125,0.0,0.0
2015-11-03,30.7083311167713,-99.45833333333125,0.0,0.0
2015-11-04,30.7083311167713,-99.45833333333125,0.01,0.03
2015-11-05,30.7083311167713,-99.45833333333125,0.0,0.0
2015-11-06,30.7083311167713,-99.45833333333125,0.0,0.0
2015-11-07,30.7083311167713,-99.45833333333125,0.53,0.32
2015-11-08,30.7083311167713,-99.45833333333125,0.0,0.0
2015-11-09,30.7083311167713,-99.45833333333125,0.0,0.0
2015-11-10,30.7083311167713,-99.45833333333125,0.0,0.0
2015-11-11,30.7083311167713,-99.45833333333125,0.0,0.0
2015-11-12,30.7083311167713,-99.45833333333125,0.0,0.0
2015-11-13,30.7083311167713,-99.45833333333125,0.0,0.0
2015-11-14,30.7083311167713,-99.45833333333125,0.2,0.25
2015-11-15,30.7083311167713,-99.45833333333125,0.01,0.01
2015-11-16,30.7083311167713,-99.45833333333125,0.0,0.01
2015-11-17,30.7083311167713,-99.45833333333125,0.25,0.18
2015-11-18,30.7083311167713,-99.45833333333125,0.0,0.0
2015-11-19,30.7083311167713,-99.45833333333125,0.0,0.0
2015-11-20,30.7083311167713,-99.45833333333125,0.0,0.0
2015-11-21,30.7083311167713,-99.45833333333125,0.0,0.0
2015-11-22,30.7083311167713,-99.45833333333125,0.0,0.0
2015-11-23,30.7083311167713,-99.45833333333125,0.0,0.0
2015-11-24,30.7083311167713,-99.45833333333125,0.0,0.0
2015-11-25,30.7083311167713,-99.45833333333125,0.0,0.0
2015-11-26,30.7083311167713,-99.45833333333125,0.09,0.13
2015-11-27,30.7083311167713,-99.45833333333125,1.54,1.46
2015-11-28,30.7083311167713,-99.45833333333125,0.08,0.05
2015-11-29,30.7083311167713,-99.45833333333125,0.22,0.15
2015-11-30,30.7083311167713,-99.45833333333125,0.0,0.0
2015-12-01,30.7083311167713,-99.45833333333125,0.0,0.0
2015-12-02,30.7083311167713,-99.45833333333125,0.0,0.0
2015-12-03,30.7083311167713,-99.45833333333125,0.0,0.0
2015-12-04,30.7083311167713,-99.45833333333125,0.0,0.0
2015-12-05,30.7083311167713,-99.45833333333125,0.0,0.0
2015-12-06,30.7083311167713,-99.45833333333125,0.0,0.0
2015-12-07,30.7083311167713,-99.45833333333125,0.0,0.0
2015-12-08,30.7083311167713,-99.45833333333125,0.0,0.0
2015-12-09,30.7083311167713,-99.45833333333125,0.0,0.0
2015-12-10,30.7083311167713,-99.45833333333125,0.0,0.0
2015-12-11,30.7083311167713,-99.45833333333125,0.0,0.0
2015-12-12,30.7083311167713,-99.45833333333125,0.45,0.38
2015-12-13,30.7083311167713,-99.45833333333125,0.47,0.43
2015-12-14,30.7083311167713,-99.45833333333125,0.0,0.0
2015-12-15,30.7083311167713,-99.45833333333125,0.0,0.0
2015-12-16,30.7083311167713,-99.45833333333125,0.0,0.0
2015-12-17,30.7083311167713,-99.45833333333125,0.0,0.0
2015-12-18,30.7083311167713,-99.45833333333125,0.0,0.0
2015-12-19,30.7083311167713,-99.45833333333125,0.0,0.0
2015-12-20,30.7083311167713,-99.45833333333125,0.0,0.0
2015-12-21,30.7083311167713,-99.45833333333125,0.0,0.0
2015-12-22,30.7083311167713,-99.45833333333125,0.0,0.0
2015-12-23,30.7083311167713,-99.45833333333125,0.0,0.0
2015-12-24,30.7083311167713,-99.45833333333125,0.0,0.0
2015-12-25,30.7083311167713,-99.45833333333125,0.0,0.0
2015-12-26,30.7083311167713,-99.45833333333125,0.0,0.0
2015-12-27,30.7083311167713,-99.45833333333125,0.91,0.83
2015-12-28,30.7083311167713,-99.45833333333125,0.02,0.02
2015-12-29,30.7083311167713,-99.45833333333125,0.0,0.0
2015-12-30,30.7083311167713,-99.45833333333125,0.0,0.0
2015-12-31,30.7083311167713,-99.45833333333125,0.0,0.0
2016-01-01,30.7083311167713,-99.45833333333125,0.0,0.0
2016-01-02,30.7083311167713,-99.45833333333125,0.01,0.0
2016-01-03,30.7083311167713,-99.45833333333125,0.0,0.0
2016-01-04,30.7083311167713,-99.45833333333125,0.0,0.0
2016-01-05,30.7083311167713,-99.45833333333125,0.0,0.0
2016-01-06,30.7083311167713,-99.45833333333125,0.05,0.04
2016-01-07,30.7083311167713,-99.45833333333125,0.01,0.0
2016-01-08,30.7083311167713,-99.45833333333125,0.0,0.0
2016-01-09,30.7083311167713,-99.45833333333125,0.0,0.0
2016-01-10,30.7083311167713,-99.45833333333125,0.0,0.0
2016-01-11,30.7083311167713,-99.45833333333125,0.0,0.0
2016-01-12,30.7083311167713,-99.45833333333125,0.0,0.0
2016-01-13,30.7083311167713,-99.45833333333125,0.0,0.0
2016-01-14,30.7083311167713,-99.45833333333125,0.0,0.0
2016-01-15,30.7083311167713,-99.45833333333125,0.0,0.0
2016-01-16,30.7083311167713,-99.45833333333125,0.0,0.0
2016-01-17,30.7083311167713,-99.45833333333125,0.0,0.0
2016-01-18,30.7083311167713,-99.45833333333125,0.0,0.0
2016-01-19,30.7083311167713,-99.45833333333125,0.0,0.0
2016-01-20,30.7083311167713,-99.45833333333125,0.0,0.0
2016-01-21,30.7083311167713,-99.45833333333125,0.0,0.0
2016-01-22,30.7083311167713,-99.45833333333125,0.0,0.0
2016-01-23,30.7083311167713,-99.45833333333125,0.0,0.0
2016-01-24,30.7083311167713,-99.45833333333125,0.0,0.0
2016-01-25,30.7083311167713,-99.45833333333125,0.0,0.0
2016-01-26,30.7083311167713,-99.45833333333125,0.08,0.08
2016-01-27,30.7083311167713,-99.45833333333125,0.0,0.01
2016-01-28,30.7083311167713,-99.45833333333125,0.0,0.0
2016-01-29,30.7083311167713,-99.45833333333125,0.0,0.0
2016-01-30,30.7083311167713,-99.45833333333125,0.0,0.0
2016-01-31,30.7083311167713,-99.45833333333125,0.0,0.0
2016-02-01,30.7083311167713,-99.45833333333125,0.0,0.01
2016-02-02,30.7083311167713,-99.45833333333125,0.0,0.0
2016-02-03,30.7083311167713,-99.45833333333125,0.0,0.0
2016-02-04,30.7083311167713,-99.45833333333125,0.0,0.0
2016-02-05,30.7083311167713,-99.45833333333125,0.0,0.0
2016-02-06,30.7083311167713,-99.45833333333125,0.0,0.0
2016-02-07,30.7083311167713,-99.45833333333125,0.0,0.0
2016-02-08,30.7083311167713,-99.45833333333125,0.0,0.0
2016-02-09,30.7083311167713,-99.45833333333125,0.0,0.0
2016-02-10,30.7083311167713,-99.45833333333125,0.0,0.0
2016-02-11,30.7083311167713,-99.45833333333125,0.0,0.0
2016-02-12,30.7083311167713,-99.45833333333125,0.0,0.0
2016-02-13,30.7083311167713,-99.45833333333125,0.0,0.0
2016-02-14,30.7083311167713,-99.45833333333125,0.0,0.0
2016-02-15,30.7083311167713,-99.45833333333125,0.0,0.0
2016-02-16,30.7083311167713,-99.45833333333125,0.0,0.0
2016-02-17,30.7083311167713,-99.45833333333125,0.0,0.0
2016-02-18,30.7083311167713,-99.45833333333125,0.0,0.0
2016-02-19,30.7083311167713,-99.45833333333125,0.0,0.0
2016-02-20,30.7083311167713,-99.45833333333125,0.0,0.0
2016-02-21,30.7083311167713,-99.45833333333125,0.04,0.05
2016-02-22,30.7083311167713,-99.45833333333125,0.16,0.25
2016-02-23,30.7083311167713,-99.45833333333125,0.36,0.36
2016-02-24,30.7083311167713,-99.45833333333125,0.0,0.0
2016-02-25,30.7083311167713,-99.45833333333125,0.0,0.0
2016-02-26,30.7083311167713,-99.45833333333125,0.0,0.0
2016-02-27,30.7083311167713,-99.45833333333125,0.0,0.0
2016-02-28,30.7083311167713,-99.45833333333125,0.0,0.0
2016-02-29,30.7083311167713,-99.45833333333125,0.0,0.0
2016-03-01,30.7083311167713,-99.45833333333125,0.0,0.0
2016-03-02,30.7083311167713,-99.45833333333125,0.0,0.0
2016-03-03,30.7083311167713,-99.45833333333125,0.0,0.0
2016-03-04,30.7083311167713,-99.45833333333125,0.0,0.0
2016-03-05,30.7083311167713,-99.45833333333125,0.0,0.0
2016-03-06,30.7083311167713,-99.45833333333125,0.0,0.0
2016-03-07,30.7083311167713,-99.45833333333125,0.17,0.13
2016-03-08,30.7083311167713,-99.45833333333125,1.64,0.87
2016-03-09,30.7083311167713,-99.45833333333125,0.43,0.39
2016-03-10,30.7083311167713,-99.45833333333125,0.67,0.7
2016-03-11,30.7083311167713,-99.45833333333125,1.67,1.6
2016-03-12,30.7083311167713,-99.45833333333125,0.0,0.0
2016-03-13,30.7083311167713,-99.45833333333125,0.0,0.0
2016-03-14,30.7083311167713,-99.45833333333125,0.0,0.0
2016-03-15,30.7083311167713,-99.45833333333125,0.0,0.0
2016-03-16,30.7083311167713,-99.45833333333125,0.0,0.0
2016-03-17,30.7083311167713,-99.45833333333125,0.0,0.0
2016-03-18,30.7083311167713,-99.45833333333125,0.0,0.0
2016-03-19,30.7083311167713,-99.45833333333125,0.0,0.0
2016-03-20,30.7083311167713,-99.45833333333125,0.0,0.0
2016-03-21,30.7083311167713,-99.45833333333125,0.0,0.0
2016-03-22,30.7083311167713,-99.45833333333125,0.0,0.0
2016-03-23,30.7083311167713,-99.45833333333125,0.0,0.0
2016-03-24,30.7083311167713,-99.45833333333125,0.0,0.0
2016-03-25,30.7083311167713,-99.45833333333125,0.0,0.0
2016-03-26,30.7083311167713,-99.45833333333125,0.0,0.0
2016-03-27,30.7083311167713,-99.45833333333125,0.0,0.0
2016-03-28,30.7083311167713,-99.45833333333125,0.0,0.0
2016-03-29,30.7083311167713,-99.45833333333125,0.0,0.0
2016-03-30,30.7083311167713,-99.45833333333125,0.01,0.0
2016-03-31,30.7083311167713,-99.45833333333125,0.0,0.0
2016-04-01,30.7083311167713,-99.45833333333125,0.23,0.26
2016-04-02,30.7083311167713,-99.45833333333125,0.0,0.0
2016-04-03,30.7083311167713,-99.45833333333125,0.0,0.0
2016-04-04,30.7083311167713,-99.45833333333125,0.0,0.0
2016-04-05,30.7083311167713,-99.45833333333125,0.0,0.0
2016-04-06,30.7083311167713,-99.45833333333125,0.0,0.0
2016-04-07,30.7083311167713,-99.45833333333125,0.0,0.0
2016-04-08,30.7083311167713,-99.45833333333125,0.0,0.0
2016-04-09,30.7083311167713,-99.45833333333125,0.0,0.0
2016-04-10,30.7083311167713,-99.45833333333125,0.0,0.01
2016-04-11,30.7083311167713,-99.45833333333125,0.0,0.0
2016-04-12,30.7083311167713,-99.45833333333125,0.72,0.76
2016-04-13,30.7083311167713,-99.45833333333125,0.0,0.0
2016-04-14,30.7083311167713,-99.45833333333125,0.0,0.0
2016-04-15,30.7083311167713,-99.45833333333125,0.0,0.0
2016-04-16,30.7083311167713,-99.45833333333125,0.02,0.0
2016-04-17,30.7083311167713,-99.45833333333125,1.09,0.89
2016-04-18,30.7083311167713,-99.45833333333125,0.91,0.37
2016-04-19,30.7083311167713,-99.45833333333125,0.1,0.2
2016-04-20,30.7083311167713,-99.45833333333125,0.34,0.27
2016-04-21,30.7083311167713,-99.45833333333125,1.02,1.22
2016-04-22,30.7083311167713,-99.45833333333125,0.0,0.0
2016-04-23,30.7083311167713,-99.45833333333125,0.0,0.0
2016-04-24,30.7083311167713,-99.45833333333125,0.0,0.0
2016-04-25,30.7083311167713,-99.45833333333125,0.0,0.0
2016-04-26,30.7083311167713,-99.45833333333125,0.0,0.0
2016-04-27,30.7083311167713,-99.45833333333125,0.25,0.35
2016-04-28,30.7083311167713,-99.45833333333125,0.0,0.0
2016-04-29,30.7083311167713,-99.45833333333125,0.0,0.03
2016-04-30,30.7083311167713,-99.45833333333125,0.0,0.0
2016-05-01,30.7083311167713,-99.45833333333125,0.0,0.0
2016-05-02,30.7083311167713,-99.45833333333125,0.0,0.02
2016-05-03,30.7083311167713,-99.45833333333125,0.0,0.0
2016-05-04,30.7083311167713,-99.45833333333125,0.0,0.0
2016-05-05,30.7083311167713,-99.45833333333125,0.0,0.0
2016-05-06,30.7083311167713,-99.45833333333125,0.0,0.0
2016-05-07,30.7083311167713,-99.45833333333125,0.0,0.0
2016-05-08,30.7083311167713,-99.45833333333125,0.0,0.01
2016-05-09,30.7083311167713,-99.45833333333125,0.0,0.0
2016-05-10,30.7083311167713,-99.45833333333125,0.95,0.47
2016-05-11,30.7083311167713,-99.45833333333125,0.61,1.38
2016-05-12,30.7083311167713,-99.45833333333125,0.11,0.03
2016-05-13,30.7083311167713,-99.45833333333125,0.65,0.01
2016-05-14,30.7083311167713,-99.45833333333125,0.0,0.07
2016-05-15,30.7083311167713,-99.45833333333125,0.0,0.0
2016-05-16,30.7083311167713,-99.45833333333125,0.0,0.0
2016-05-17,30.7083311167713,-99.45833333333125,0.09,0.23
2016-05-18,30.7083311167713,-99.45833333333125,0.71,0.75
2016-05-19,30.7083311167713,-99.45833333333125,1.18,0.93
2016-05-20,30.7083311167713,-99.45833333333125,0.0,0.0
2016-05-21,30.7083311167713,-99.45833333333125,0.0,0.0
2016-05-22,30.7083311167713,-99.45833333333125,0.0,0.0
2016-05-23,30.7083311167713,-99.45833333333125,0.0,0.0
2016-05-24,30.7083311167713,-99.45833333333125,0.0,0.0
2016-05-25,30.7083311167713,-99.45833333333125,0.0,0.0
2016-05-26,30.7083311167713,-99.45833333333125,0.0,0.0
2016-05-27,30.7083311167713,-99.45833333333125,0.0,0.0
2016-05-28,30.7083311167713,-99.45833333333125,0.28,1.26
2016-05-29,30.7083311167713,-99.45833333333125,0.21,0.05
2016-05-30,30.7083311167713,-99.45833333333125,1.03,1.21
2016-05-31,30.7083311167713,-99.45833333333125,1.11,0.83
2016-06-01,30.7083311167713,-99.45833333333125,0.15,0.23
2016-06-02,30.7083311167713,-99.45833333333125,0.32,0.22
2016-06-03,30.7083311167713,-99.45833333333125,0.72,1.14
2016-06-04,30.7083311167713,-99.45833333333125,0.01,0.01
2016-06-05,30.7083311167713,-99.45833333333125,0.0,0.0
2016-06-06,30.7083311167713,-99.45833333333125,0.0,0.0
2016-06-07,30.7083311167713,-99.45833333333125,0.0,0.0
2016-06-08,30.7083311167713,-99.45833333333125,0.0,0.0
2016-06-09,30.7083311167713,-99.45833333333125,0.0,0.0
2016-06-10,30.7083311167713,-99.45833333333125,0.0,0.0
2016-06-11,30.7083311167713,-99.45833333333125,0.0,0.0
2016-06-12,30.7083311167713,-99.45833333333125,0.11,0.11
2016-06-13,30.7083311167713,-99.45833333333125,0.0,0.0
2016-06-14,30.7083311167713,-99.45833333333125,0.0,0.0
2016-06-15,30.7083311167713,-99.45833333333125,0.0,0.0
2016-06-16,30.7083311167713,-99.45833333333125,0.0,0.0
2016-06-17,30.7083311167713,-99.45833333333125,0.0,0.0
2016-06-18,30.7083311167713,-99.45833333333125,0.0,0.0
2016-06-19,30.7083311167713,-99.45833333333125,0.0,0.0
2016-06-20,30.7083311167713,-99.45833333333125,0.0,0.0
2016-06-21,30.7083311167713,-99.45833333333125,0.0,0.0
2016-06-22,30.7083311167713,-99.45833333333125,0.0,0.0
2016-06-23,30.7083311167713,-99.45833333333125,0.0,0.0
2016-06-24,30.7083311167713,-99.45833333333125,0.0,0.0
2016-06-25,30.7083311167713,-99.45833333333125,0.0,0.0
2016-06-26,30.7083311167713,-99.45833333333125,0.0,0.0
2016-06-27,30.7083311167713,-99.45833333333125,0.0,0.0
2016-06-28,30.7083311167713,-99.45833333333125,0.0,0.52
2016-06-29,30.7083311167713,-99.45833333333125,0.0,0.0
2016-06-30,30.7083311167713,-99.45833333333125,0.0,0.0
2016-07-01,30.7083311167713,-99.45833333333125,0.0,0.0
2016-07-02,30.7083311167713,-99.45833333333125,0.0,0.0
2016-07-03,30.7083311167713,-99.45833333333125,0.0,0.0
2016-07-04,30.7083311167713,-99.45833333333125,0.0,0.0
2016-07-05,30.7083311167713,-99.45833333333125,0.0,0.0
2016-07-06,30.7083311167713,-99.45833333333125,0.0,0.0
2016-07-07,30.7083311167713,-99.45833333333125,0.0,0.0
2016-07-08,30.7083311167713,-99.45833333333125,0.0,0.0
2016-07-09,30.7083311167713,-99.45833333333125,0.0,0.0
2016-07-10,30.7083311167713,-99.45833333333125,0.02,0.02
2016-07-11,30.7083311167713,-99.45833333333125,0.0,0.0
2016-07-12,30.7083311167713,-99.45833333333125,0.0,0.0
2016-07-13,30.7083311167713,-99.45833333333125,0.0,0.0
2016-07-14,30.7083311167713,-99.45833333333125,0.0,0.0
2016-07-15,30.7083311167713,-99.45833333333125,0.0,0.0
2016-07-16,30.7083311167713,-99.45833333333125,0.0,0.0
2016-07-17,30.7083311167713,-99.45833333333125,0.0,0.0
2016-07-18,30.7083311167713,-99.45833333333125,0.0,0.0
2016-07-19,30.7083311167713,-99.45833333333125,0.0,0.0
2016-07-20,30.7083311167713,-99.45833333333125,0.0,0.0
2016-07-21,30.7083311167713,-99.45833333333125,0.0,0.0
2016-07-22,30.7083311167713,-99.45833333333125,0.0,0.0
2016-07-23,30.7083311167713,-99.45833333333125,0.0,0.0
2016-07-24,30.7083311167713,-99.45833333333125,0.0,0.0
2016-07-25,30.7083311167713,-99.45833333333125,0.04,0.04
2016-07-26,30.7083311167713,-99.45833333333125,0.0,0.0
2016-07-27,30.7083311167713,-99.45833333333125,0.0,0.0
2016-07-28,30.7083311167713,-99.45833333333125,0.0,0.0
2016-07-29,30.7083311167713,-99.45833333333125,0.34,0.0
2016-07-30,30.7083311167713,-99.45833333333125,0.0,0.0
2016-07-31,30.7083311167713,-99.45833333333125,0.0,0.0
2016-08-01,30.7083311167713,-99.45833333333125,0.0,0.0
2016-08-02,30.7083311167713,-99.45833333333125,0.0,0.0
2016-08-03,30.7083311167713,-99.45833333333125,0.0,0.0
2016-08-04,30.7083311167713,-99.45833333333125,0.0,0.0
2016-08-05,30.7083311167713,-99.45833333333125,0.0,0.0
2016-08-06,30.7083311167713,-99.45833333333125,0.0,0.0
2016-08-07,30.7083311167713,-99.45833333333125,0.0,0.0
2016-08-08,30.7083311167713,-99.45833333333125,0.0,0.0
2016-08-09,30.7083311167713,-99.45833333333125,0.0,0.0
2016-08-10,30.7083311167713,-99.45833333333125,0.0,0.0
2016-08-11,30.7083311167713,-99.45833333333125,0.0,0.0
2016-08-12,30.7083311167713,-99.45833333333125,1.88,0.78
2016-08-13,30.7083311167713,-99.45833333333125,1.58,1.61
2016-08-14,30.7083311167713,-99.45833333333125,0.0,0.0
2016-08-15,30.7083311167713,-99.45833333333125,0.0,0.0
2016-08-16,30.7083311167713,-99.45833333333125,0.87,0.29
2016-08-17,30.7083311167713,-99.45833333333125,0.71,0.3
2016-08-18,30.7083311167713,-99.45833333333125,0.01,0.06
2016-08-19,30.7083311167713,-99.45833333333125,0.02,0.01
2016-08-20,30.7083311167713,-99.45833333333125,1.4,1.92
2016-08-21,30.7083311167713,-99.45833333333125,0.05,0.01
2016-08-22,30.7083311167713,-99.45833333333125,0.11,0.13
2016-08-23,30.7083311167713,-99.45833333333125,0.0,0.0
2016-08-24,30.7083311167713,-99.45833333333125,0.0,0.0
2016-08-25,30.7083311167713,-99.45833333333125,0.0,0.0
2016-08-26,30.7083311167713,-99.45833333333125,0.0,0.0
2016-08-27,30.7083311167713,-99.45833333333125,0.0,0.0
2016-08-28,30.7083311167713,-99.45833333333125,0.0,0.01
2016-08-29,30.7083311167713,-99.45833333333125,0.0,0.0
2016-08-30,30.7083311167713,-99.45833333333125,0.0,0.02
2016-08-31,30.7083311167713,-99.45833333333125,0.0,0.0
2016-09-01,30.7083311167713,-99.45833333333125,0.12,0.21
2016-09-02,30.7083311167713,-99.45833333333125,0.02,0.01
2016-09-03,30.7083311167713,-99.45833333333125,0.08,0.06
2016-09-04,30.7083311167713,-99.45833333333125,0.01,0.03
2016-09-05,30.7083311167713,-99.45833333333125,0.0,0.0
2016-09-06,30.7083311167713,-99.45833333333125,0.0,0.0
2016-09-07,30.7083311167713,-99.45833333333125,0.0,0.0
2016-09-08,30.7083311167713,-99.45833333333125,0.0,0.0
2016-09-09,30.7083311167713,-99.45833333333125,0.0,0.0
2016-09-10,30.7083311167713,-99.45833333333125,0.03,0.11
2016-09-11,30.7083311167713,-99.45833333333125,0.0,0.0
2016-09-12,30.7083311167713,-99.45833333333125,0.0,0.0
2016-09-13,30.7083311167713,-99.45833333333125,0.0,0.0
2016-09-14,30.7083311167713,-99.45833333333125,0.0,0.0
2016-09-15,30.7083311167713,-99.45833333333125,0.0,0.0
2016-09-16,30.7083311167713,-99.45833333333125,0.0,0.0
2016-09-17,30.7083311167713,-99.45833333333125,0.0,0.0
2016-09-18,30.7083311167713,-99.45833333333125,0.0,0.0
2016-09-19,30.7083311167713,-99.45833333333125,0.0,0.01
2016-09-20,30.7083311167713,-99.45833333333125,0.0,0.0
2016-09-21,30.7083311167713,-99.45833333333125,0.0,0.0
2016-09-22,30.7083311167713,-99.45833333333125,0.0,0.0
2016-09-23,30.7083311167713,-99.45833333333125,0.0,0.0
2016-09-24,30.7083311167713,-99.45833333333125,0.0,0.0
2016-09-25,30.7083311167713,-99.45833333333125,1.29,2.02
2016-09-26,30.7083311167713,-99.45833333333125,0.97,0.67
2016-09-27,30.7083311167713,-99.45833333333125,0.0,0.0
2016-09-28,30.7083311167713,-99.45833333333125,0.0,0.0
2016-09-29,30.7083311167713,-99.45833333333125,0.0,0.0
2016-09-30,30.7083311167713,-99.45833333333125,0.0,0.0
2016-10-01,30.7083311167713,-99.45833333333125,0.0,0.0
2016-10-02,30.7083311167713,-99.45833333333125,0.0,0.0
2016-10-03,30.7083311167713,-99.45833333333125,0.0,0.0
2016-10-04,30.7083311167713,-99.45833333333125,0.0,0.0
2016-10-05,30.7083311167713,-99.45833333333125,0.0,0.0
2016-10-06,30.7083311167713,-99.45833333333125,0.0,0.0
2016-10-07,30.7083311167713,-99.45833333333125,0.0,0.0
2016-10-08,30.7083311167713,-99.45833333333125,0.0,0.0
2016-10-09,30.7083311167713,-99.45833333333125,0.0,0.0
2016-10-10,30.7083311167713,-99.45833333333125,0.0,0.0
2016-10-11,30.7083311167713,-99.45833333333125,0.0,0.0
2016-10-12,30.7083311167713,-99.45833333333125,0.0,0.0
2016-10-13,30.7083311167713,-99.45833333333125,0.74,0.35
2016-10-14,30.7083311167713,-99.45833333333125,0.01,0.0
2016-10-15,30.7083311167713,-99.45833333333125,0.0,0.0
2016-10-16,30.7083311167713,-99.45833333333125,0.0,0.0
2016-10-17,30.7083311167713,-99.45833333333125,0.0,0.0
2016-10-18,30.7083311167713,-99.45833333333125,0.0,0.0
2016-10-19,30.7083311167713,-99.45833333333125,0.0,0.0
2016-10-20,30.7083311167713,-99.45833333333125,0.0,0.0
2016-10-21,30.7083311167713,-99.45833333333125,0.0,0.0
2016-10-22,30.7083311167713,-99.45833333333125,0.0,0.0
2016-10-23,30.7083311167713,-99.45833333333125,0.01,0.0
2016-10-24,30.7083311167713,-99.45833333333125,0.0,0.0
2016-10-25,30.7083311167713,-99.45833333333125,0.0,0.0
2016-10-26,30.7083311167713,-99.45833333333125,0.0,0.0
2016-10-27,30.7083311167713,-99.45833333333125,0.0,0.0
2016-10-28,30.7083311167713,-99.45833333333125,0.0,0.0
2016-10-29,30.7083311167713,-99.45833333333125,0.0,0.0
2016-10-30,30.7083311167713,-99.45833333333125,0.0,0.0
2016-10-31,30.7083311167713,-99.45833333333125,0.0,0.0
2016-11-01,30.7083311167713,-99.45833333333125,0.0,0.0
2016-11-02,30.7083311167713,-99.45833333333125,0.0,0.0
2016-11-03,30.7083311167713,-99.45833333333125,0.0,0.0
2016-11-04,30.7083311167713,-99.45833333333125,0.0,0.0
2016-11-05,30.7083311167713,-99.45833333333125,0.01,0.0
2016-11-06,30.7083311167713,-99.45833333333125,1.39,0.64
2016-11-07,30.7083311167713,-99.45833333333125,0.76,1.17
2016-11-08,30.7083311167713,-99.45833333333125,0.69,0.39
2016-11-09,30.7083311167713,-99.45833333333125,0.41,0.55
2016-11-10,30.7083311167713,-99.45833333333125,0.0,0.0
2016-11-11,30.7083311167713,-99.45833333333125,0.0,0.0
2016-11-12,30.7083311167713,-99.45833333333125,0.0,0.0
2016-11-13,30.7083311167713,-99.45833333333125,0.0,0.0
2016-11-14,30.7083311167713,-99.45833333333125,0.0,0.0
2016-11-15,30.7083311167713,-99.45833333333125,0.0,0.0
2016-11-16,30.7083311167713,-99.45833333333125,0.0,0.0
2016-11-17,30.7083311167713,-99.45833333333125,0.0,0.0
2016-11-18,30.7083311167713,-99.45833333333125,0.0,0.0
2016-11-19,30.7083311167713,-99.45833333333125,0.0,0.0
2016-11-20,30.7083311167713,-99.45833333333125,0.0,0.0
2016-11-21,30.7083311167713,-99.45833333333125,0.0,0.0
2016-11-22,30.7083311167713,-99.45833333333125,0.0,0.0
2016-11-23,30.7083311167713,-99.45833333333125,0.0,0.0
2016-11-24,30.7083311167713,-99.45833333333125,0.0,0.0
2016-11-25,30.7083311167713,-99.45833333333125,0.0,0.0
2016-11-26,30.7083311167713,-99.45833333333125,0.21,0.29
2016-11-27,30.7083311167713,-99.45833333333125,0.0,0.0
2016-11-28,30.7083311167713,-99.45833333333125,0.0,0.0
2016-11-29,30.7083311167713,-99.45833333333125,0.0,0.0
2016-11-30,30.7083311167713,-99.45833333333125,0.0,0.0
2016-12-01,30.7083311167713,-99.45833333333125,0.0,0.0
2016-12-02,30.7083311167713,-99.45833333333125,0.22,0.25
2016-12-03,30.7083311167713,-99.45833333333125,1.38,1.22
2016-12-04,30.7083311167713,-99.45833333333125,0.39,0.3
2016-12-05,30.7083311167713,-99.45833333333125,0.22,0.23
2016-12-06,30.7083311167713,-99.45833333333125,0.01,0.01
2016-12-07,30.7083311167713,-99.45833333333125,0.0,0.0
2016-12-08,30.7083311167713,-99.45833333333125,0.0,0.0
2016-12-09,30.7083311167713,-99.45833333333125,0.0,0.0
2016-12-10,30.7083311167713,-99.45833333333125,0.0,0.0
2016-12-11,30.7083311167713,-99.45833333333125,0.0,0.0
2016-12-12,30.7083311167713,-99.45833333333125,0.0,0.0
2016-12-13,30.7083311167713,-99.45833333333125,0.0,0.0
2016-12-14,30.7083311167713,-99.45833333333125,0.0,0.0
2016-12-15,30.7083311167713,-99.45833333333125,0.0,0.0
2016-12-16,30.7083311167713,-99.45833333333125,0.0,0.0
2016-12-17,30.7083311167713,-99.45833333333125,0.0,0.0
2016-12-18,30.7083311167713,-99.45833333333125,0.0,0.0
2016-12-19,30.7083311167713,-99.45833333333125,0.0,0.0
2016-12-20,30.7083311167713,-99.45833333333125,0.0,0.0
2016-12-21,30.7083311167713,-99.45833333333125,0.0,0.0
2016-12-22,30.7083311167713,-99.45833333333125,0.0,0.0
2016-12-23,30.7083311167713,-99.45833333333125,0.0,0.0
2016-12-24,30.7083311167713,-99.45833333333125,0.0,0.0
2016-12-25,30.7083311167713,-99.45833333333125,0.0,0.0
2016-12-26,30.7083311167713,-99.45833333333125,0.0,0.0
2016-12-27,30.7083311167713,-99.45833333333125,0.0,0.0
2016-12-28,30.7083311167713,-99.45833333333125,0.0,0.0
2016-12-29,30.7083311167713,-99.45833333333125,0.0,0.0
2016-12-30,30.7083311167713,-99.45833333333125,0.0,0.0
2016-12-31,30.7083311167713,-99.45833333333125,0.0,0.0
2017-01-01,30.7083311167713,-99.45833333333125,0.0,0.0
2017-01-02,30.7083311167713,-99.45833333333125,0.47,0.52
2017-01-03,30.7083311167713,-99.45833333333125,0.0,0.0
2017-01-04,30.7083311167713,-99.45833333333125,0.0,0.0
2017-01-05,30.7083311167713,-99.45833333333125,0.0,0.0
2017-01-06,30.7083311167713,-99.45833333333125,0.0,0.0
2017-01-07,30.7083311167713,-99.45833333333125,0.0,0.0
2017-01-08,30.7083311167713,-99.45833333333125,0.0,0.0
2017-01-09,30.7083311167713,-99.45833333333125,0.0,0.0
2017-01-10,30.7083311167713,-99.45833333333125,0.0,0.0
2017-01-11,30.7083311167713,-99.45833333333125,0.0,0.0
2017-01-12,30.7083311167713,-99.45833333333125,0.0,0.0
2017-01-13,30.7083311167713,-99.45833333333125,0.01,0.0
2017-01-14,30.7083311167713,-99.45833333333125,0.01,0.02
2017-01-15,30.7083311167713,-99.45833333333125,0.59,0.57
2017-01-16,30.7083311167713,-99.45833333333125,0.0,0.0
2017-01-17,30.7083311167713,-99.45833333333125,0.23,0.19
2017-01-18,30.7083311167713,-99.45833333333125,0.39,0.36
2017-01-19,30.7083311167713,-99.45833333333125,0.01,0.0
2017-01-20,30.7083311167713,-99.45833333333125,0.0,0.0
2017-01-21,30.7083311167713,-99.45833333333125,0.01,0.01
2017-01-22,30.7083311167713,-99.45833333333125,0.0,0.0
2017-01-23,30.7083311167713,-99.45833333333125,0.0,0.0
2017-01-24,30.7083311167713,-99.45833333333125,0.0,0.0
2017-01-25,30.7083311167713,-99.45833333333125,0.0,0.0
2017-01-26,30.7083311167713,-99.45833333333125,0.0,0.0
2017-01-27,30.7083311167713,-99.45833333333125,0.0,0.01
2017-01-28,30.7083311167713,-99.45833333333125,0.02,0.01
2017-01-29,30.7083311167713,-99.45833333333125,0.0,0.0
2017-01-30,30.7083311167713,-99.45833333333125,0.0,0.0
2017-01-31,30.7083311167713,-99.45833333333125,0.0,0.0
2017-02-01,30.7083311167713,-99.45833333333125,0.0,0.0
2017-02-02,30.7083311167713,-99.45833333333125,0.0,0.0
2017-02-03,30.7083311167713,-99.45833333333125,0.0,0.0
2017-02-04,30.7083311167713,-99.45833333333125,0.0,0.0
2017-02-05,30.7083311167713,-99.45833333333125,0.0,0.0
2017-02-06,30.7083311167713,-99.45833333333125,0.0,0.0
2017-02-07,30.7083311167713,-99.45833333333125,0.0,0.0
2017-02-08,30.7083311167713,-99.45833333333125,0.0,0.0
2017-02-09,30.7083311167713,-99.45833333333125,0.0,0.0
2017-02-10,30.7083311167713,-99.45833333333125,0.0,0.0
2017-02-11,30.7083311167713,-99.45833333333125,0.0,0.0
2017-02-12,30.7083311167713,-99.45833333333125,0.0,0.0
2017-02-13,30.7083311167713,-99.45833333333125,0.9,0.07
2017-02-14,30.7083311167713,-99.45833333333125,0.94,1.02
2017-02-15,30.7083311167713,-99.45833333333125,0.0,0.0
2017-02-16,30.7083311167713,-99.45833333333125,0.0,0.0
2017-02-17,30.7083311167713,-99.45833333333125,0.0,0.0
2017-02-18,30.7083311167713,-99.45833333333125,0.0,0.0
2017-02-19,30.7083311167713,-99.45833333333125,1.33,1.01
2017-02-20,30.7083311167713,-99.45833333333125,0.01,0.02
2017-02-21,30.7083311167713,-99.45833333333125,0.0,0.0
2017-02-22,30.7083311167713,-99.45833333333125,0.0,0.0
2017-02-23,30.7083311167713,-99.45833333333125,0.0,0.0
2017-02-24,30.7083311167713,-99.45833333333125,0.0,0.0
2017-02-25,30.7083311167713,-99.45833333333125,0.0,0.0
2017-02-26,30.7083311167713,-99.45833333333125,0.0,0.0
2017-02-27,30.7083311167713,-99.45833333333125,0.0,0.0
2017-02-28,30.7083311167713,-99.45833333333125,0.0,0.0
2017-03-01,30.7083311167713,-99.45833333333125,0.0,0.0
2017-03-02,30.7083311167713,-99.45833333333125,0.0,0.0
2017-03-03,30.7083311167713,-99.45833333333125,0.0,0.0
2017-03-04,30.7083311167713,-99.45833333333125,0.26,0.14
2017-03-05,30.7083311167713,-99.45833333333125,0.02,0.01
2017-03-06,30.7083311167713,-99.45833333333125,0.0,0.0
2017-03-07,30.7083311167713,-99.45833333333125,0.0,0.0
2017-03-08,30.7083311167713,-99.45833333333125,0.0,0.0
2017-03-09,30.7083311167713,-99.45833333333125,0.0,0.0
2017-03-10,30.7083311167713,-99.45833333333125,0.0,0.0
2017-03-11,30.7083311167713,-99.45833333333125,0.02,0.05
2017-03-12,30.7083311167713,-99.45833333333125,0.01,0.01
2017-03-13,30.7083311167713,-99.45833333333125,0.02,0.03
2017-03-14,30.7083311167713,-99.45833333333125,0.0,0.0
2017-03-15,30.7083311167713,-99.45833333333125,0.0,0.0
2017-03-16,30.7083311167713,-99.45833333333125,0.0,0.0
2017-03-17,30.7083311167713,-99.45833333333125,0.0,0.0
2017-03-18,30.7083311167713,-99.45833333333125,0.0,0.0
2017-03-19,30.7083311167713,-99.45833333333125,0.0,0.0
2017-03-20,30.7083311167713,-99.45833333333125,0.0,0.0
2017-03-21,30.7083311167713,-99.45833333333125,0.0,0.0
2017-03-22,30.7083311167713,-99.45833333333125,0.0,0.0
2017-03-23,30.7083311167713,-99.45833333333125,0.0,0.0
2017-03-24,30.7083311167713,-99.45833333333125,0.04,0.1
2017-03-25,30.7083311167713,-99.45833333333125,0.0,0.0
2017-03-26,30.7083311167713,-99.45833333333125,0.0,0.0
2017-03-27,30.7083311167713,-99.45833333333125,0.0,0.0
2017-03-28,30.7083311167713,-99.45833333333125,0.45,0.49
2017-03-29,30.7083311167713,-99.45833333333125,0.28,0.29
2017-03-30,30.7083311167713,-99.45833333333125,0.0,0.0
2017-03-31,30.7083311167713,-99.45833333333125,0.0,0.0
2017-04-01,30.7083311167713,-99.45833333333125,0.02,0.0
2017-04-02,30.7083311167713,-99.45833333333125,1.34,1.17
2017-04-03,30.7083311167713,-99.45833333333125,0.0,0.0
2017-04-04,30.7083311167713,-99.45833333333125,0.0,0.0
2017-04-05,30.7083311167713,-99.45833333333125,0.0,0.0
2017-04-06,30.7083311167713,-99.45833333333125,0.0,0.0
2017-04-07,30.7083311167713,-99.45833333333125,0.0,0.0
2017-04-08,30.7083311167713,-99.45833333333125,0.0,0.0
2017-04-09,30.7083311167713,-99.45833333333125,0.0,0.0
2017-04-10,30.7083311167713,-99.45833333333125,0.04,0.04
2017-04-11,30.7083311167713,-99.45833333333125,1.36,0.28
2017-04-12,30.7083311167713,-99.45833333333125,0.01,0.0
2017-04-13,30.7083311167713,-99.45833333333125,0.0,0.09
2017-04-14,30.7083311167713,-99.45833333333125,0.0,0.0
2017-04-15,30.7083311167713,-99.45833333333125,0.0,0.0
2017-04-16,30.7083311167713,-99.45833333333125,0.0,0.0
2017-04-17,30.7083311167713,-99.45833333333125,0.0,0.0
2017-04-18,30.7083311167713,-99.45833333333125,0.0,0.0
2017-04-19,30.7083311167713,-99.45833333333125,0.0,0.0
2017-04-20,30.7083311167713,-99.45833333333125,0.0,0.0
2017-04-21,30.7083311167713,-99.45833333333125,0.0,0.0
2017-04-22,30.7083311167713,-99.45833333333125,0.0,0.0
2017-04-23,30.7083311167713,-99.45833333333125,0.0,0.0
2017-04-24,30.7083311167713,-99.45833333333125,0.0,0.0
2017-04-25,30.7083311167713,-99.45833333333125,0.0,0.0
2017-04-26,30.7083311167713,-99.45833333333125,0.0,0.0
2017-04-27,30.7083311167713,-99.45833333333125,0.0,0.0
2017-04-28,30.7083311167713,-99.45833333333125,0.0,0.0
2017-04-29,30.7083311167713,-99.45833333333125,0.0,0.0
2017-04-30,30.7083311167713,-99.45833333333125,0.0,0.0
2017-05-01,30.7083311167713,-99.45833333333125,0.0,0.0
2017-05-02,30.7083311167713,-99.45833333333125,0.0,0.0
2017-05-03,30.7083311167713,-99.45833333333125,0.0,0.0
2017-05-04,30.7083311167713,-99.45833333333125,0.0,0.0
2017-05-05,30.7083311167713,-99.45833333333125,0.0,0.0
2017-05-06,30.7083311167713,-99.45833333333125,0.0,0.0
2017-05-07,30.7083311167713,-99.45833333333125,0.0,0.0
2017-05-08,30.7083311167713,-99.45833333333125,0.0,0.0
2017-05-09,30.7083311167713,-99.45833333333125,0.01,0.01
2017-05-10,30.7083311167713,-99.45833333333125,0.0,0.0
2017-05-11,30.7083311167713,-99.45833333333125,0.0,0.0
2017-05-12,30.7083311167713,-99.45833333333125,0.0,0.0
2017-05-13,30.7083311167713,-99.45833333333125,0.0,0.0
2017-05-14,30.7083311167713,-99.45833333333125,0.0,0.0
2017-05-15,30.7083311167713,-99.45833333333125,0.0,0.0
2017-05-16,30.7083311167713,-99.45833333333125,0.0,0.0
2017-05-17,30.7083311167713,-99.45833333333125,0.12,0.09
2017-05-18,30.7083311167713,-99.45833333333125,0.0,0.0
2017-05-19,30.7083311167713,-99.45833333333125,0.0,0.0
2017-05-20,30.7083311167713,-99.45833333333125,1.5,1.01
2017-05-21,30.7083311167713,-99.45833333333125,0.68,0.41
2017-05-22,30.7083311167713,-99.45833333333125,0.0,0.0
2017-05-23,30.7083311167713,-99.45833333333125,0.15,0.13
2017-05-24,30.7083311167713,-99.45833333333125,0.0,0.0
2017-05-25,30.7083311167713,-99.45833333333125,0.0,0.0
2017-05-26,30.7083311167713,-99.45833333333125,0.0,0.0
2017-05-27,30.7083311167713,-99.45833333333125,0.0,0.0
2017-05-28,30.7083311167713,-99.45833333333125,0.01,0.0
2017-05-29,30.7083311167713,-99.45833333333125,0.02,0.08
2017-05-30,30.7083311167713,-99.45833333333125,0.04,0.03
2017-05-31,30.7083311167713,-99.45833333333125,0.1,0.01
2017-06-01,30.7083311167713,-99.45833333333125,0.02,0.0
2017-06-02,30.7083311167713,-99.45833333333125,0.58,0.0
2017-06-03,30.7083311167713,-99.45833333333125,1.46,0.53
2017-06-04,30.7083311167713,-99.45833333333125,0.55,0.42
2017-06-05,30.7083311167713,-99.45833333333125,0.01,0.0
2017-06-06,30.7083311167713,-99.45833333333125,0.0,0.0
2017-06-07,30.7083311167713,-99.45833333333125,0.0,0.0
2017-06-08,30.7083311167713,-99.45833333333125,0.01,0.0
2017-06-09,30.7083311167713,-99.45833333333125,0.0,0.35
2017-06-10,30.7083311167713,-99.45833333333125,0.0,0.0
2017-06-11,30.7083311167713,-99.45833333333125,0.0,0.0
2017-06-12,30.7083311167713,-99.45833333333125,0.0,0.0
2017-06-13,30.7083311167713,-99.45833333333125,0.0,0.0
2017-06-14,30.7083311167713,-99.45833333333125,0.0,0.0
2017-06-15,30.7083311167713,-99.45833333333125,0.0,0.0
2017-06-16,30.7083311167713,-99.45833333333125,0.0,0.0
2017-06-17,30.7083311167713,-99.45833333333125,0.0,0.0
2017-06-18,30.7083311167713,-99.45833333333125,0.0,0.0
2017-06-19,30.7083311167713,-99.45833333333125,0.0,0.01
2017-06-20,30.7083311167713,-99.45833333333125,0.0,0.0
2017-06-21,30.7083311167713,-99.45833333333125,0.0,0.0
2017-06-22,30.7083311167713,-99.45833333333125,0.0,0.0
2017-06-23,30.7083311167713,-99.45833333333125,0.0,0.0
2017-06-24,30.7083311167713,-99.45833333333125,1.11,0.33
2017-06-25,30.7083311167713,-99.45833333333125,0.0,0.0
2017-06-26,30.7083311167713,-99.45833333333125,0.54,1.47
2017-06-27,30.7083311167713,-99.45833333333125,0.0,0.0
2017-06-28,30.7083311167713,-99.45833333333125,0.0,0.0
2017-06-29,30.7083311167713,-99.45833333333125,0.0,0.0
2017-06-30,30.7083311167713,-99.45833333333125,0.0,0.0
2017-07-01,30.7083311167713,-99.45833333333125,0.23,0.05
2017-07-02,30.7083311167713,-99.45833333333125,0.0,0.0
2017-07-03,30.7083311167713,-99.45833333333125,0.0,0.0
2017-07-04,30.7083311167713,-99.45833333333125,0.0,0.0
2017-07-05,30.7083311167713,-99.45833333333125,0.0,0.53
2017-07-06,30.7083311167713,-99.45833333333125,0.0,0.0
2017-07-07,30.7083311167713,-99.45833333333125,0.0,0.14
2017-07-08,30.7083311167713,-99.45833333333125,0.41,0.0
2017-07-09,30.7083311167713,-99.45833333333125,0.0,0.27
2017-07-10,30.7083311167713,-99.45833333333125,0.0,0.0
2017-07-11,30.7083311167713,-99.45833333333125,0.0,0.0
2017-07-12,30.7083311167713,-99.45833333333125,0.0,0.0
2017-07-13,30.7083311167713,-99.45833333333125,0.01,0.03
2017-07-14,30.7083311167713,-99.45833333333125,0.0,0.0
2017-07-15,30.7083311167713,-99.45833333333125,0.28,0.17
2017-07-16,30.7083311167713,-99.45833333333125,0.0,0.01
2017-07-17,30.7083311167713,-99.45833333333125,0.01,0.04
2017-07-18,30.7083311167713,-99.45833333333125,0.0,0.0
2017-07-19,30.7083311167713,-99.45833333333125,0.0,0.0
2017-07-20,30.7083311167713,-99.45833333333125,0.0,0.0
2017-07-21,30.7083311167713,-99.45833333333125,0.0,0.0
2017-07-22,30.7083311167713,-99.45833333333125,0.0,0.0
2017-07-23,30.7083311167713,-99.45833333333125,0.35,0.64
2017-07-24,30.7083311167713,-99.45833333333125,0.1,0.11
2017-07-25,30.7083311167713,-99.45833333333125,0.01,0.0
2017-07-26,30.7083311167713,-99.45833333333125,0.0,0.0
2017-07-27,30.7083311167713,-99.45833333333125,0.0,0.0
2017-07-28,30.7083311167713,-99.45833333333125,0.0,0.0
2017-07-29,30.7083311167713,-99.45833333333125,0.0,0.0
2017-07-30,30.7083311167713,-99.45833333333125,0.0,0.0
2017-07-31,30.7083311167713,-99.45833333333125,0.0,0.0
2017-08-01,30.7083311167713,-99.45833333333125,0.36,0.03
2017-08-02,30.7083311167713,-99.45833333333125,1.15,0.67
2017-08-03,30.7083311167713,-99.45833333333125,0.0,0.01
2017-08-04,30.7083311167713,-99.45833333333125,0.0,0.0
2017-08-05,30.7083311167713,-99.45833333333125,0.0,0.02
2017-08-06,30.7083311167713,-99.45833333333125,0.0,0.0
2017-08-07,30.7083311167713,-99.45833333333125,1.88,2.33
2017-08-08,30.7083311167713,-99.45833333333125,0.0,0.0
2017-08-09,30.7083311167713,-99.45833333333125,0.0,0.0
2017-08-10,30.7083311167713,-99.45833333333125,0.0,0.0
2017-08-11,30.7083311167713,-99.45833333333125,0.0,0.0
2017-08-12,30.7083311167713,-99.45833333333125,0.0,0.0
2017-08-13,30.7083311167713,-99.45833333333125,0.0,0.0
2017-08-14,30.7083311167713,-99.45833333333125,0.0,0.05
2017-08-15,30.7083311167713,-99.45833333333125,0.0,0.01
2017-08-16,30.7083311167713,-99.45833333333125,1.03,0.07
2017-08-17,30.7083311167713,-99.45833333333125,0.0,0.0
2017-08-18,30.7083311167713,-99.45833333333125,0.0,0.0
2017-08-19,30.7083311167713,-99.45833333333125,0.0,0.0
2017-08-20,30.7083311167713,-99.45833333333125,0.0,0.0
2017-08-21,30.7083311167713,-99.45833333333125,0.0,0.0
2017-08-22,30.7083311167713,-99.45833333333125,0.0,0.0
2017-08-23,30.7083311167713,-99.45833333333125,0.03,0.24
2017-08-24,30.7083311167713,-99.45833333333125,0.02,0.34
2017-08-25,30.7083311167713,-99.45833333333125,0.08,0.22
2017-08-26,30.7083311167713,-99.45833333333125,0.01,0.04
2017-08-27,30.7083311167713,-99.45833333333125,0.42,0.34
2017-08-28,30.7083311167713,-99.45833333333125,0.01,0.0
2017-08-29,30.7083311167713,-99.45833333333125,0.0,0.0
2017-08-30,30.7083311167713,-99.45833333333125,0.0,0.0
2017-08-31,30.7083311167713,-99.45833333333125,0.0,0.0
2017-09-01,30.7083311167713,-99.45833333333125,0.0,0.0
2017-09-02,30.7083311167713,-99.45833333333125,0.0,0.04
2017-09-03,30.7083311167713,-99.45833333333125,0.0,0.05
2017-09-04,30.7083311167713,-99.45833333333125,0.0,0.0
2017-09-05,30.7083311167713,-99.45833333333125,0.0,0.02
2017-09-06,30.7083311167713,-99.45833333333125,0.0,0.0
2017-09-07,30.7083311167713,-99.45833333333125,0.0,0.0
2017-09-08,30.7083311167713,-99.45833333333125,0.0,0.0
2017-09-09,30.7083311167713,-99.45833333333125,0.0,0.0
2017-09-10,30.7083311167713,-99.45833333333125,0.0,0.0
2017-09-11,30.7083311167713,-99.45833333333125,0.0,0.0
2017-09-12,30.7083311167713,-99.45833333333125,0.0,0.0
2017-09-13,30.7083311167713,-99.45833333333125,0.0,0.0
2017-09-14,30.7083311167713,-99.45833333333125,0.0,0.0
2017-09-15,30.7083311167713,-99.45833333333125,0.0,0.0
2017-09-16,30.7083311167713,-99.45833333333125,0.0,0.0
2017-09-17,30.7083311167713,-99.45833333333125,0.0,0.0
2017-09-18,30.7083311167713,-99.45833333333125,0.0,0.0
2017-09-19,30.7083311167713,-99.45833333333125,0.34,1.06
2017-09-20,30.7083311167713,-99.45833333333125,0.01,0.0
2017-09-21,30.7083311167713,-99.45833333333125,0.0,0.0
2017-09-22,30.7083311167713,-99.45833333333125,0.0,0.0
2017-09-23,30.7083311167713,-99.45833333333125,0.0,0.0
2017-09-24,30.7083311167713,-99.45833333333125,0.0,0.0
2017-09-25,30.7083311167713,-99.45833333333125,0.0,0.01
2017-09-26,30.7083311167713,-99.45833333333125,0.09,0.64
2017-09-27,30.7083311167713,-99.45833333333125,0.9,1.09
2017-09-28,30.7083311167713,-99.45833333333125,0.7,0.53
2017-09-29,30.7083311167713,-99.45833333333125,0.18,0.32
2017-09-30,30.7083311167713,-99.45833333333125,0.01,0.0
2017-10-01,30.7083311167713,-99.45833333333125,0.0,0.0
2017-10-02,30.7083311167713,-99.45833333333125,0.0,0.0
2017-10-03,30.7083311167713,-99.45833333333125,0.06,0.23
2017-10-04,30.7083311167713,-99.45833333333125,0.02,0.01
2017-10-05,30.7083311167713,-99.45833333333125,0.0,0.0
2017-10-06,30.7083311167713,-99.45833333333125,0.0,0.0
2017-10-07,30.7083311167713,-99.45833333333125,0.0,0.0
2017-10-08,30.7083311167713,-99.45833333333125,0.0,0.0
2017-10-09,30.7083311167713,-99.45833333333125,0.04,0.0
2017-10-10,30.7083311167713,-99.45833333333125,0.15,0.09
2017-10-11,30.7083311167713,-99.45833333333125,0.0,0.0
2017-10-12,30.7083311167713,-99.45833333333125,0.0,0.0
2017-10-13,30.7083311167713,-99.45833333333125,0.0,0.0
2017-10-14,30.7083311167713,-99.45833333333125,0.0,0.0
2017-10-15,30.7083311167713,-99.45833333333125,0.01,0.02
2017-10-16,30.7083311167713,-99.45833333333125,0.0,0.0
2017-10-17,30.7083311167713,-99.45833333333125,0.0,0.0
2017-10-18,30.7083311167713,-99.45833333333125,0.0,0.0
2017-10-19,30.7083311167713,-99.45833333333125,0.0,0.0
2017-10-20,30.7083311167713,-99.45833333333125,0.0,0.0
2017-10-21,30.7083311167713,-99.45833333333125,0.0,0.0
2017-10-22,30.7083311167713,-99.45833333333125,0.0,0.0
2017-10-23,30.7083311167713,-99.45833333333125,0.0,0.0
2017-10-24,30.7083311167713,-99.45833333333125,0.0,0.0
2017-10-25,30.7083311167713,-99.45833333333125,0.0,0.0
2017-10-26,30.7083311167713,-99.45833333333125,0.0,0.0
2017-10-27,30.7083311167713,-99.45833333333125,0.0,0.0
2017-10-28,30.7083311167713,-99.45833333333125,0.0,0.0
2017-10-29,30.7083311167713,-99.45833333333125,0.0,0.0
2017-10-30,30.7083311167713,-99.45833333333125,0.0,0.0
2017-10-31,30.7083311167713,-99.45833333333125,0.0,0.0
2017-11-01,30.7083311167713,-99.45833333333125,0.0,0.0
2017-11-02,30.7083311167713,-99.45833333333125,0.0,0.0
2017-11-03,30.7083311167713,-99.45833333333125,0.0,0.0
2017-11-04,30.7083311167713,-99.45833333333125,0.0,0.0
2017-11-05,30.7083311167713,-99.45833333333125,0.0,0.0
2017-11-06,30.7083311167713,-99.45833333333125,0.0,0.0
2017-11-07,30.7083311167713,-99.45833333333125,0.0,0.0
2017-11-08,30.7083311167713,-99.45833333333125,0.26,0.27
2017-11-09,30.7083311167713,-99.45833333333125,0.0,0.0
2017-11-10,30.7083311167713,-99.45833333333125,0.0,0.01
2017-11-11,30.7083311167713,-99.45833333333125,0.0,0.0
2017-11-12,30.7083311167713,-99.45833333333125,0.01,0.03
2017-11-13,30.7083311167713,-99.45833333333125,0.24,0.24
2017-11-14,30.7083311167713,-99.45833333333125,0.0,0.0
2017-11-15,30.7083311167713,-99.45833333333125,0.0,0.0
2017-11-16,30.7083311167713,-99.45833333333125,0.0,0.0
2017-11-17,30.7083311167713,-99.45833333333125,0.0,0.0
2017-11-18,30.7083311167713,-99.45833333333125,0.0,0.0
2017-11-19,30.7083311167713,-99.45833333333125,0.0,0.0
2017-11-20,30.7083311167713,-99.45833333333125,0.0,0.0
2017-11-21,30.7083311167713,-99.45833333333125,0.0,0.0
2017-11-22,30.7083311167713,-99.45833333333125,0.0,0.0
2017-11-23,30.7083311167713,-99.45833333333125,0.0,0.0
2017-11-24,30.7083311167713,-99.45833333333125,0.0,0.0
2017-11-25,30.7083311167713,-99.45833333333125,0.0,0.0
2017-11-26,30.7083311167713,-99.45833333333125,0.0,0.0
2017-11-27,30.7083311167713,-99.45833333333125,0.0,0.0
2017-11-28,30.7083311167713,-99.45833333333125,0.0,0.0
2017-11-29,30.7083311167713,-99.45833333333125,0.0,0.0
2017-11-30,30.7083311167713,-99.45833333333125,0.0,0.0
2017-12-01,30.7083311167713,-99.45833333333125,0.0,0.0
2017-12-02,30.7083311167713,-99.45833333333125,0.0,0.0
2017-12-03,30.7083311167713,-99.45833333333125,0.0,0.0
2017-12-04,30.7083311167713,-99.45833333333125,0.0,0.0
2017-12-05,30.7083311167713,-99.45833333333125,0.02,0.01
2017-12-06,30.7083311167713,-99.45833333333125,0.84,0.77
2017-12-07,30.7083311167713,-99.45833333333125,0.18,0.19
2017-12-08,30.7083311167713,-99.45833333333125,0.0,0.0
2017-12-09,30.7083311167713,-99.45833333333125,0.0,0.0
2017-12-10,30.7083311167713,-99.45833333333125,0.0,0.0
2017-12-11,30.7083311167713,-99.45833333333125,0.0,0.0
2017-12-12,30.7083311167713,-99.45833333333125,0.0,0.0
2017-12-13,30.7083311167713,-99.45833333333125,0.0,0.0
2017-12-14,30.7083311167713,-99.45833333333125,0.0,0.0
2017-12-15,30.7083311167713,-99.45833333333125,0.0,0.0
2017-12-16,30.7083311167713,-99.45833333333125,0.01,0.0
2017-12-17,30.7083311167713,-99.45833333333125,0.0,0.0
2017-12-18,30.7083311167713,-99.45833333333125,0.01,0.01
2017-12-19,30.7083311167713,-99.45833333333125,0.03,0.02
2017-12-20,30.7083311167713,-99.45833333333125,0.01,0.0
2017-12-21,30.7083311167713,-99.45833333333125,0.0,0.0
2017-12-22,30.7083311167713,-99.45833333333125,0.37,0.27
2017-12-23,30.7083311167713,-99.45833333333125,0.0,0.0
2017-12-24,30.7083311167713,-99.45833333333125,0.01,0.0
2017-12-25,30.7083311167713,-99.45833333333125,0.0,0.0
2017-12-26,30.7083311167713,-99.45833333333125,0.01,0.01
2017-12-27,30.7083311167713,-99.45833333333125,0.0,0.0
2017-12-28,30.7083311167713,-99.45833333333125,0.01,0.01
2017-12-29,30.7083311167713,-99.45833333333125,0.0,0.0
2017-12-30,30.7083311167713,-99.45833333333125,0.0,0.0
2017-12-31,30.7083311167713,-99.45833333333125,0.01,0.01
2018-01-01,30.7083311167713,-99.45833333333125,0.0,0.0
2018-01-02,30.7083311167713,-99.45833333333125,0.0,0.0
2018-01-03,30.7083311167713,-99.45833333333125,0.0,0.0
2018-01-04,30.7083311167713,-99.45833333333125,0.0,0.0
2018-01-05,30.7083311167713,-99.45833333333125,0.0,0.0
2018-01-06,30.7083311167713,-99.45833333333125,0.0,0.0
2018-01-07,30.7083311167713,-99.45833333333125,0.0,0.0
2018-01-08,30.7083311167713,-99.45833333333125,0.0,0.0
2018-01-09,30.7083311167713,-99.45833333333125,0.0,0.0
2018-01-10,30.7083311167713,-99.45833333333125,0.0,0.0
2018-01-11,30.7083311167713,-99.45833333333125,0.01,0.01
2018-01-12,30.7083311167713,-99.45833333333125,0.0,0.0
2018-01-13,30.7083311167713,-99.45833333333125,0.0,0.0
2018-01-14,30.7083311167713,-99.45833333333125,0.0,0.0
2018-01-15,30.7083311167713,-99.45833333333125,0.0,0.0
2018-01-16,30.7083311167713,-99.45833333333125,0.0,0.0
2018-01-17,30.7083311167713,-99.45833333333125,0.0,0.0
2018-01-18,30.7083311167713,-99.45833333333125,0.0,0.0
2018-01-19,30.7083311167713,-99.45833333333125,0.0,0.0
2018-01-20,30.7083311167713,-99.45833333333125,0.0,0.0
2018-01-21,30.7083311167713,-99.45833333333125,0.0,0.0
2018-01-22,30.7083311167713,-99.45833333333125,0.0,0.0
2018-01-23,30.7083311167713,-99.45833333333125,0.0,0.0
2018-01-24,30.7083311167713,-99.45833333333125,0.0,0.0
2018-01-25,30.7083311167713,-99.45833333333125,0.0,0.0
2018-01-26,30.7083311167713,-99.45833333333125,0.0,0.0
2018-01-27,30.7083311167713,-99.45833333333125,0.0,0.0
2018-01-28,30.7083311167713,-99.45833333333125,0.0,0.0
2018-01-29,30.7083311167713,-99.45833333333125,0.0,0.0
2018-01-30,30.7083311167713,-99.45833333333125,0.0,0.0
2018-01-31,30.7083311167713,-99.45833333333125,0.0,0.0
2018-02-01,30.7083311167713,-99.45833333333125,0.0,0.0
2018-02-02,30.7083311167713,-99.45833333333125,0.0,0.0
2018-02-03,30.7083311167713,-99.45833333333125,0.0,0.0
2018-02-04,30.7083311167713,-99.45833333333125,0.0,0.0
2018-02-05,30.7083311167713,-99.45833333333125,0.0,0.0
2018-02-06,30.7083311167713,-99.45833333333125,0.03,0.04
2018-02-07,30.7083311167713,-99.45833333333125,0.0,0.0
2018-02-08,30.7083311167713,-99.45833333333125,0.0,0.0
2018-02-09,30.7083311167713,-99.45833333333125,0.0,0.0
2018-02-10,30.7083311167713,-99.45833333333125,0.0,0.0
2018-02-11,30.7083311167713,-99.45833333333125,0.0,0.0
2018-02-12,30.7083311167713,-99.45833333333125,0.0,0.0
2018-02-13,30.7083311167713,-99.45833333333125,0.0,0.0
2018-02-14,30.7083311167713,-99.45833333333125,0.0,0.0
2018-02-15,30.7083311167713,-99.45833333333125,0.0,0.0
2018-02-16,30.7083311167713,-99.45833333333125,0.0,0.0
2018-02-17,30.7083311167713,-99.45833333333125,0.0,0.0
2018-02-18,30.7083311167713,-99.45833333333125,0.03,0.01
2018-02-19,30.7083311167713,-99.45833333333125,0.08,0.11
2018-02-20,30.7083311167713,-99.45833333333125,0.54,0.28
2018-02-21,30.7083311167713,-99.45833333333125,1.16,1.1
2018-02-22,30.7083311167713,-99.45833333333125,0.14,0.06
2018-02-23,30.7083311167713,-99.45833333333125,0.02,0.01
2018-02-24,30.7083311167713,-99.45833333333125,0.06,0.02
2018-02-25,30.7083311167713,-99.45833333333125,0.0,0.0
2018-02-26,30.7083311167713,-99.45833333333125,0.0,0.0
2018-02-27,30.7083311167713,-99.45833333333125,0.04,0.03
2018-02-28,30.7083311167713,-99.45833333333125,0.34,0.55
2018-03-01,30.7083311167713,-99.45833333333125,0.0,0.01
2018-03-02,30.7083311167713,-99.45833333333125,0.0,0.0
2018-03-03,30.7083311167713,-99.45833333333125,0.0,0.0
2018-03-04,30.7083311167713,-99.45833333333125,0.0,0.0
2018-03-05,30.7083311167713,-99.45833333333125,0.0,0.0
2018-03-06,30.7083311167713,-99.45833333333125,0.0,0.0
2018-03-07,30.7083311167713,-99.45833333333125,0.0,0.0
2018-03-08,30.7083311167713,-99.45833333333125,0.0,0.0
2018-03-09,30.7083311167713,-99.45833333333125,0.0,0.0
2018-03-10,30.7083311167713,-99.45833333333125,0.0,0.0
2018-03-11,30.7083311167713,-99.45833333333125,0.0,0.0
2018-03-12,30.7083311167713,-99.45833333333125,0.0,0.0
2018-03-13,30.7083311167713,-99.45833333333125,0.0,0.0
2018-03-14,30.7083311167713,-99.45833333333125,0.0,0.0
2018-03-15,30.7083311167713,-99.45833333333125,0.0,0.0
2018-03-16,30.7083311167713,-99.45833333333125,0.0,0.0
2018-03-17,30.7083311167713,-99.45833333333125,0.0,0.0
2018-03-18,30.7083311167713,-99.45833333333125,0.0,0.0
2018-03-19,30.7083311167713,-99.45833333333125,0.0,0.0
2018-03-20,30.7083311167713,-99.45833333333125,0.0,0.0
2018-03-21,30.7083311167713,-99.45833333333125,0.0,0.0
2018-03-22,30.7083311167713,-99.45833333333125,0.0,0.0
2018-03-23,30.7083311167713,-99.45833333333125,0.0,0.0
2018-03-24,30.7083311167713,-99.45833333333125,0.0,0.0
2018-03-25,30.7083311167713,-99.45833333333125,0.0,0.0
2018-03-26,30.7083311167713,-99.45833333333125,0.0,0.0
2018-03-27,30.7083311167713,-99.45833333333125,0.3,0.4
2018-03-28,30.7083311167713,-99.45833333333125,0.2,0.07
2018-03-29,30.7083311167713,-99.45833333333125,0.0,0.01
2018-03-30,30.7083311167713,-99.45833333333125,0.0,0.0
2018-03-31,30.7083311167713,-99.45833333333125,0.0,0.0
2018-04-01,30.7083311167713,-99.45833333333125,0.0,0.0
2018-04-02,30.7083311167713,-99.45833333333125,0.0,0.0
2018-04-03,30.7083311167713,-99.45833333333125,0.0,0.0
2018-04-04,30.7083311167713,-99.45833333333125,0.0,0.0
2018-04-05,30.7083311167713,-99.45833333333125,0.0,0.0
2018-04-06,30.7083311167713,-99.45833333333125,0.0,0.0
2018-04-07,30.7083311167713,-99.45833333333125,0.0,0.0
2018-04-08,30.7083311167713,-99.45833333333125,0.0,0.0
2018-04-09,30.7083311167713,-99.45833333333125,0.0,0.0
2018-04-10,30.7083311167713,-99.45833333333125,0.0,0.0
2018-04-11,30.7083311167713,-99.45833333333125,0.0,0.0
2018-04-12,30.7083311167713,-99.45833333333125,0.0,0.0
2018-04-13,30.7083311167713,-99.45833333333125,0.0,0.0
2018-04-14,30.7083311167713,-99.45833333333125,0.0,0.0
2018-04-15,30.7083311167713,-99.45833333333125,0.0,0.0
2018-04-16,30.7083311167713,-99.45833333333125,0.0,0.0
2018-04-17,30.7083311167713,-99.45833333333125,0.0,0.0
2018-04-18,30.7083311167713,-99.45833333333125,0.0,0.0
2018-04-19,30.7083311167713,-99.45833333333125,0.0,0.0
2018-04-20,30.7083311167713,-99.45833333333125,0.0,0.0
2018-04-21,30.7083311167713,-99.45833333333125,0.07,0.07
2018-04-22,30.7083311167713,-99.45833333333125,0.0,0.0
2018-04-23,30.7083311167713,-99.45833333333125,0.0,0.0
2018-04-24,30.7083311167713,-99.45833333333125,0.0,0.0
2018-04-25,30.7083311167713,-99.45833333333125,0.29,0.26
2018-04-26,30.7083311167713,-99.45833333333125,0.0,0.0
2018-04-27,30.7083311167713,-99.45833333333125,0.0,0.0
2018-04-28,30.7083311167713,-99.45833333333125,0.0,0.0
2018-04-29,30.7083311167713,-99.45833333333125,0.0,0.0
2018-04-30,30.7083311167713,-99.45833333333125,0.0,0.0
2018-05-01,30.7083311167713,-99.45833333333125,0.0,0.0
2018-05-02,30.7083311167713,-99.45833333333125,0.0,0.0
2018-05-03,30.7083311167713,-99.45833333333125,0.26,0.23
2018-05-04,30.7083311167713,-99.45833333333125,1.02,1.2
2018-05-05,30.7083311167713,-99.45833333333125,0.01,0.0
2018-05-06,30.7083311167713,-99.45833333333125,0.0,0.0
2018-05-07,30.7083311167713,-99.45833333333125,0.0,0.0
2018-05-08,30.7083311167713,-99.45833333333125,0.0,0.0
2018-05-09,30.7083311167713,-99.45833333333125,0.0,0.0
2018-05-10,30.7083311167713,-99.45833333333125,0.0,0.0
2018-05-11,30.7083311167713,-99.45833333333125,0.0,0.0
2018-05-12,30.7083311167713,-99.45833333333125,0.0,0.0
2018-05-13,30.7083311167713,-99.45833333333125,0.0,0.0
2018-05-14,30.7083311167713,-99.45833333333125,3.34,1.17
2018-05-15,30.7083311167713,-99.45833333333125,1.74,0.77
2018-05-16,30.7083311167713,-99.45833333333125,0.0,0.0
2018-05-17,30.7083311167713,-99.45833333333125,0.0,0.0
2018-05-18,30.7083311167713,-99.45833333333125,0.0,0.01
2018-05-19,30.7083311167713,-99.45833333333125,0.78,0.3
2018-05-20,30.7083311167713,-99.45833333333125,0.13,0.68
2018-05-21,30.7083311167713,-99.45833333333125,0.0,0.0
2018-05-22,30.7083311167713,-99.45833333333125,0.0,0.0
2018-05-23,30.7083311167713,-99.45833333333125,0.0,0.0
2018-05-24,30.7083311167713,-99.45833333333125,0.0,0.0
2018-05-25,30.7083311167713,-99.45833333333125,0.0,0.0
2018-05-26,30.7083311167713,-99.45833333333125,0.0,0.0
2018-05-27,30.7083311167713,-99.45833333333125,0.0,0.0
2018-05-28,30.7083311167713,-99.45833333333125,0.0,0.0
2018-05-29,30.7083311167713,-99.45833333333125,0.0,0.0
2018-05-30,30.7083311167713,-99.45833333333125,0.0,0.0
2018-05-31,30.7083311167713,-99.45833333333125,0.0,0.0
2018-06-01,30.7083311167713,-99.45833333333125,0.0,0.0
2018-06-02,30.7083311167713,-99.45833333333125,0.0,0.0
2018-06-03,30.7083311167713,-99.45833333333125,0.0,0.02
2018-06-04,30.7083311167713,-99.45833333333125,0.86,0.7
2018-06-05,30.7083311167713,-99.45833333333125,0.0,0.0
2018-06-06,30.7083311167713,-99.45833333333125,0.03,0.04
2018-06-07,30.7083311167713,-99.45833333333125,0.0,0.0
2018-06-08,30.7083311167713,-99.45833333333125,0.0,0.0
2018-06-09,30.7083311167713,-99.45833333333125,0.0,0.0
2018-06-10,30.7083311167713,-99.45833333333125,0.0,0.0
2018-06-11,30.7083311167713,-99.45833333333125,0.0,0.0
2018-06-12,30.7083311167713,-99.45833333333125,0.0,0.0
2018-06-13,30.7083311167713,-99.45833333333125,0.0,0.0
2018-06-14,30.7083311167713,-99.45833333333125,0.0,0.0
2018-06-15,30.7083311167713,-99.45833333333125,0.0,0.0
2018-06-16,30.7083311167713,-99.45833333333125,0.0,0.0
2018-06-17,30.7083311167713,-99.45833333333125,0.0,0.0
2018-06-18,30.7083311167713,-99.45833333333125,0.0,0.0
2018-06-19,30.7083311167713,-99.45833333333125,0.05,0.0
2018-06-20,30.7083311167713,-99.45833333333125,0.01,0.0
2018-06-21,30.7083311167713,-99.45833333333125,0.0,0.0
2018-06-22,30.7083311167713,-99.45833333333125,0.0,0.0
2018-06-23,30.7083311167713,-99.45833333333125,0.0,0.0
2018-06-24,30.7083311167713,-99.45833333333125,0.0,0.0
2018-06-25,30.7083311167713,-99.45833333333125,0.0,0.0
2018-06-26,30.7083311167713,-99.45833333333125,0.0,0.0
2018-06-27,30.7083311167713,-99.45833333333125,0.0,0.0
2018-06-28,30.7083311167713,-99.45833333333125,0.0,0.0
2018-06-29,30.7083311167713,-99.45833333333125,0.0,0.0
2018-06-30,30.7083311167713,-99.45833333333125,0.0,0.0
2018-07-01,30.7083311167713,-99.45833333333125,0.0,0.0
2018-07-02,30.7083311167713,-99.45833333333125,0.0,0.0
2018-07-03,30.7083311167713,-99.45833333333125,0.0,0.0
2018-07-04,30.7083311167713,-99.45833333333125,0.16,0.08
2018-07-05,30.7083311167713,-99.45833333333125,0.24,0.12
2018-07-06,30.7083311167713,-99.45833333333125,0.37,0.14
2018-07-07,30.7083311167713,-99.45833333333125,0.6,0.03
2018-07-08,30.7083311167713,-99.45833333333125,0.95,0.87
2018-07-09,30.7083311167713,-99.45833333333125,0.01,0.67
2018-07-10,30.7083311167713,-99.45833333333125,0.0,0.0
2018-07-11,30.7083311167713,-99.45833333333125,0.0,0.0
2018-07-12,30.7083311167713,-99.45833333333125,0.0,0.0
2018-07-13,30.7083311167713,-99.45833333333125,0.0,0.0
2018-07-14,30.7083311167713,-99.45833333333125,0.0,0.0
2018-07-15,30.7083311167713,-99.45833333333125,0.0,0.0
2018-07-16,30.7083311167713,-99.45833333333125,0.0,0.0
2018-07-17,30.7083311167713,-99.45833333333125,0.0,0.0
2018-07-18,30.7083311167713,-99.45833333333125,0.0,0.0
2018-07-19,30.7083311167713,-99.45833333333125,0.0,0.0
2018-07-20,30.7083311167713,-99.45833333333125,0.0,0.0
2018-07-21,30.7083311167713,-99.45833333333125,0.0,0.0
2018-07-22,30.7083311167713,-99.45833333333125,0.0,0.0
2018-07-23,30.7083311167713,-99.45833333333125,0.0,0.0
2018-07-24,30.7083311167713,-99.45833333333125,0.0,0.0
2018-07-25,30.7083311167713,-99.45833333333125,0.0,0.0
2018-07-26,30.7083311167713,-99.45833333333125,0.0,0.0
2018-07-27,30.7083311167713,-99.45833333333125,0.0,0.0
2018-07-28,30.7083311167713,-99.45833333333125,0.0,0.0
2018-07-29,30.7083311167713,-99.45833333333125,0.0,0.0
2018-07-30,30.7083311167713,-99.45833333333125,0.0,0.0
2018-07-31,30.7083311167713,-99.45833333333125,0.43,0.11
2018-08-01,30.7083311167713,-99.45833333333125,0.0,0.0
2018-08-02,30.7083311167713,-99.45833333333125,0.0,0.0
2018-08-03,30.7083311167713,-99.45833333333125,0.0,0.0
2018-08-04,30.7083311167713,-99.45833333333125,0.0,0.0
2018-08-05,30.7083311167713,-99.45833333333125,0.0,0.0
2018-08-06,30.7083311167713,-99.45833333333125,0.0,0.0
2018-08-07,30.7083311167713,-99.45833333333125,0.0,0.0
2018-08-08,30.7083311167713,-99.45833333333125,0.0,0.0
2018-08-09,30.7083311167713,-99.45833333333125,0.07,0.03
2018-08-10,30.7083311167713,-99.45833333333125,0.72,1.12
2018-08-11,30.7083311167713,-99.45833333333125,0.06,0.0
2018-08-12,30.7083311167713,-99.45833333333125,0.41,0.93
2018-08-13,30.7083311167713,-99.45833333333125,0.53,0.3
2018-08-14,30.7083311167713,-99.45833333333125,0.0,0.0
2018-08-15,30.7083311167713,-99.45833333333125,0.0,0.0
2018-08-16,30.7083311167713,-99.45833333333125,0.0,0.0
2018-08-17,30.7083311167713,-99.45833333333125,0.0,0.0
2018-08-18,30.7083311167713,-99.45833333333125,0.0,0.0
2018-08-19,30.7083311167713,-99.45833333333125,0.0,0.0
2018-08-20,30.7083311167713,-99.45833333333125,0.0,0.02
2018-08-21,30.7083311167713,-99.45833333333125,0.0,0.0
2018-08-22,30.7083311167713,-99.45833333333125,0.0,0.0
2018-08-23,30.7083311167713,-99.45833333333125,0.0,0.0
2018-08-24,30.7083311167713,-99.45833333333125,0.0,0.0
2018-08-25,30.7083311167713,-99.45833333333125,0.0,0.0
2018-08-26,30.7083311167713,-99.45833333333125,0.0,0.0
2018-08-27,30.7083311167713,-99.45833333333125,0.0,0.0
2018-08-28,30.7083311167713,-99.45833333333125,0.0,0.0
2018-08-29,30.7083311167713,-99.45833333333125,0.0,0.0
2018-08-30,30.7083311167713,-99.45833333333125,0.0,0.0
2018-08-31,30.7083311167713,-99.45833333333125,0.0,0.0
2018-09-01,30.7083311167713,-99.45833333333125,0.0,0.0
2018-09-02,30.7083311167713,-99.45833333333125,0.77,0.2
2018-09-03,30.7083311167713,-99.45833333333125,0.14,0.12
2018-09-04,30.7083311167713,-99.45833333333125,0.23,0.17
2018-09-05,30.7083311167713,-99.45833333333125,0.61,0.23
2018-09-06,30.7083311167713,-99.45833333333125,0.27,1.46
2018-09-07,30.7083311167713,-99.45833333333125,0.08,0.53
2018-09-08,30.7083311167713,-99.45833333333125,0.03,0.43
2018-09-09,30.7083311167713,-99.45833333333125,0.13,0.42
2018-09-10,30.7083311167713,-99.45833333333125,0.0,0.01
2018-09-11,30.7083311167713,-99.45833333333125,0.0,0.0
2018-09-12,30.7083311167713,-99.45833333333125,0.0,0.0
2018-09-13,30.7083311167713,-99.45833333333125,0.0,0.0
2018-09-14,30.7083311167713,-99.45833333333125,0.24,0.25
2018-09-15,30.7083311167713,-99.45833333333125,1.83,1.38
2018-09-16,30.7083311167713,-99.45833333333125,0.02,0.16
2018-09-17,30.7083311167713,-99.45833333333125,0.0,0.0
2018-09-18,30.7083311167713,-99.45833333333125,0.0,0.0
2018-09-19,30.7083311167713,-99.45833333333125,0.0,0.0
2018-09-20,30.7083311167713,-99.45833333333125,0.0,0.0
2018-09-21,30.7083311167713,-99.45833333333125,0.79,0.51
2018-09-22,30.7083311167713,-99.45833333333125,0.02,0.0
2018-09-23,30.7083311167713,-99.45833333333125,0.0,0.0
2018-09-24,30.7083311167713,-99.45833333333125,0.0,0.0
2018-09-25,30.7083311167713,-99.45833333333125,0.0,0.0
2018-09-26,30.7083311167713,-99.45833333333125,0.0,0.0
2018-09-27,30.7083311167713,-99.45833333333125,0.0,0.0
2018-09-28,30.7083311167713,-99.45833333333125,0.0,0.0
2018-09-29,30.7083311167713,-99.45833333333125,0.0,0.17
2018-09-30,30.7083311167713,-99.45833333333125,0.0,0.0
2018-10-01,30.7083311167713,-99.45833333333125,0.0,0.02
2018-10-02,30.7083311167713,-99.45833333333125,0.0,0.0
2018-10-03,30.7083311167713,-99.45833333333125,0.0,0.0
2018-10-04,30.7083311167713,-99.45833333333125,0.0,0.0
2018-10-05,30.7083311167713,-99.45833333333125,0.0,0.0
2018-10-06,30.7083311167713,-99.45833333333125,0.0,0.0
2018-10-07,30.7083311167713,-99.45833333333125,0.2,0.18
2018-10-08,30.7083311167713,-99.45833333333125,0.75,1.4
2018-10-09,30.7083311167713,-99.45833333333125,1.66,2.03
2018-10-10,30.7083311167713,-99.45833333333125,0.0,0.0
2018-10-11,30.7083311167713,-99.45833333333125,0.0,0.0
2018-10-12,30.7083311167713,-99.45833333333125,0.0,0.0
2018-10-13,30.7083311167713,-99.45833333333125,0.3,0.16
2018-10-14,30.7083311167713,-99.45833333333125,0.03,0.03
2018-10-15,30.7083311167713,-99.45833333333125,2.35,2.28
2018-10-16,30.7083311167713,-99.45833333333125,2.29,2.05
2018-10-17,30.7083311167713,-99.45833333333125,0.57,0.34
2018-10-18,30.7083311167713,-99.45833333333125,0.26,0.08
2018-10-19,30.7083311167713,-99.45833333333125,0.13,0.07
2018-10-20,30.7083311167713,-99.45833333333125,0.05,0.03
2018-10-21,30.7083311167713,-99.45833333333125,0.0,0.0
2018-10-22,30.7083311167713,-99.45833333333125,0.02,0.01
2018-10-23,30.7083311167713,-99.45833333333125,0.0,0.0
2018-10-24,30.7083311167713,-99.45833333333125,0.76,0.85
2018-10-25,30.7083311167713,-99.45833333333125,0.0,0.0
2018-10-26,30.7083311167713,-99.45833333333125,0.0,0.0
2018-10-27,30.7083311167713,-99.45833333333125,0.0,0.0
2018-10-28,30.7083311167713,-99.45833333333125,0.0,0.0
2018-10-29,30.7083311167713,-99.45833333333125,0.0,0.0
2018-10-30,30.7083311167713,-99.45833333333125,0.0,0.0
2018-10-31,30.7083311167713,-99.45833333333125,0.21,0.05
2018-11-01,30.7083311167713,-99.45833333333125,0.0,0.0
2018-11-02,30.7083311167713,-99.45833333333125,0.0,0.0
2018-11-03,30.7083311167713,-99.45833333333125,0.0,0.0
2018-11-04,30.7083311167713,-99.45833333333125,0.0,0.0
2018-11-05,30.7083311167713,-99.45833333333125,0.0,0.0
2018-11-06,30.7083311167713,-99.45833333333125,0.0,0.0
2018-11-07,30.7083311167713,-99.45833333333125,0.0,0.0
2018-11-08,30.7083311167713,-99.45833333333125,0.01,0.03
2018-11-09,30.7083311167713,-99.45833333333125,0.01,0.0
2018-11-10,30.7083311167713,-99.45833333333125,0.01,0.01
2018-11-11,30.7083311167713,-99.45833333333125,0.03,0.02
2018-11-12,30.7083311167713,-99.45833333333125,0.03,0.03
2018-11-13,30.7083311167713,-99.45833333333125,0.0,0.0
2018-11-14,30.7083311167713,-99.45833333333125,0.0,0.0
2018-11-15,30.7083311167713,-99.45833333333125,0.0,0.0
2018-11-16,30.7083311167713,-99.45833333333125,0.0,0.0
2018-11-17,30.7083311167713,-99.45833333333125,0.0,0.0
2018-11-18,30.7083311167713,-99.45833333333125,0.0,0.0
2018-11-19,30.7083311167713,-99.45833333333125,0.0,0.0
2018-11-20,30.7083311167713,-99.45833333333125,0.0,0.0
2018-11-21,30.7083311167713,-99.45833333333125,0.0,0.0
2018-11-22,30.7083311167713,-99.45833333333125,0.0,0.0
2018-11-23,30.7083311167713,-99.45833333333125,0.0,0.0
2018-11-24,30.7083311167713,-99.45833333333125,0.0,0.0
2018-11-25,30.7083311167713,-99.45833333333125,0.0,0.0
2018-11-26,30.7083311167713,-99.45833333333125,0.0,0.0
2018-11-27,30.7083311167713,-99.45833333333125,0.0,0.0
2018-11-28,30.7083311167713,-99.45833333333125,0.0,0.0
2018-11-29,30.7083311167713,-99.45833333333125,0.0,0.0
2018-11-30,30.7083311167713,-99.45833333333125,0.0,0.0
2018-12-01,30.7083311167713,-99.45833333333125,0.0,0.0
2018-12-02,30.7083311167713,-99.45833333333125,0.0,0.0
2018-12-03,30.7083311167713,-99.45833333333125,0.0,0.0
2018-12-04,30.7083311167713,-99.45833333333125,0.0,0.0
2018-12-05,30.7083311167713,-99.45833333333125,0.0,0.0
2018-12-06,30.7083311167713,-99.45833333333125,0.09,0.06
2018-12-07,30.7083311167713,-99.45833333333125,1.3,1.31
2018-12-08,30.7083311167713,-99.45833333333125,0.18,0.14
2018-12-09,30.7083311167713,-99.45833333333125,0.0,0.0
2018-12-10,30.7083311167713,-99.45833333333125,0.01,0.0
2018-12-11,30.7083311167713,-99.45833333333125,0.0,0.0
2018-12-12,30.7083311167713,-99.45833333333125,0.0,0.0
2018-12-13,30.7083311167713,-99.45833333333125,0.17,0.15
2018-12-14,30.7083311167713,-99.45833333333125,0.16,0.09
2018-12-15,30.7083311167713,-99.45833333333125,0.0,0.0
2018-12-16,30.7083311167713,-99.45833333333125,0.0,0.0
2018-12-17,30.7083311167713,-99.45833333333125,0.0,0.0
2018-12-18,30.7083311167713,-99.45833333333125,0.0,0.0
2018-12-19,30.7083311167713,-99.45833333333125,0.0,0.0
2018-12-20,30.7083311167713,-99.45833333333125,0.0,0.0
2018-12-21,30.7083311167713,-99.45833333333125,0.0,0.0
2018-12-22,30.7083311167713,-99.45833333333125,0.0,0.0
2018-12-23,30.7083311167713,-99.45833333333125,0.0,0.0
2018-12-24,30.7083311167713,-99.45833333333125,0.0,0.0
2018-12-25,30.7083311167713,-99.45833333333125,0.0,0.0
2018-12-26,30.7083311167713,-99.45833333333125,0.47,0.52
2018-12-27,30.7083311167713,-99.45833333333125,0.01,0.01
2018-12-28,30.7083311167713,-99.45833333333125,0.0,0.0
2018-12-29,30.7083311167713,-99.45833333333125,0.0,0.0
2018-12-30,30.7083311167713,-99.45833333333125,0.05,0.05
2018-12-31,30.7083311167713,-99.45833333333125,0.07,0.05
2019-01-01,30.7083311167713,-99.45833333333125,0.0,0.0
2019-01-02,30.7083311167713,-99.45833333333125,0.02,0.03
2019-01-03,30.7083311167713,-99.45833333333125,0.08,0.07
2019-01-04,30.7083311167713,-99.45833333333125,0.0,0.0
2019-01-05,30.7083311167713,-99.45833333333125,0.0,0.0
2019-01-06,30.7083311167713,-99.45833333333125,0.0,0.0
2019-01-07,30.7083311167713,-99.45833333333125,0.0,0.0
2019-01-08,30.7083311167713,-99.45833333333125,0.0,0.0
2019-01-09,30.7083311167713,-99.45833333333125,0.0,0.0
2019-01-10,30.7083311167713,-99.45833333333125,0.01,0.02
2019-01-11,30.7083311167713,-99.45833333333125,0.07,0.06
2019-01-12,30.7083311167713,-99.45833333333125,0.0,0.0
2019-01-13,30.7083311167713,-99.45833333333125,0.0,0.0
2019-01-14,30.7083311167713,-99.45833333333125,0.0,0.0
2019-01-15,30.7083311167713,-99.45833333333125,0.0,0.0
2019-01-16,30.7083311167713,-99.45833333333125,0.0,0.0
2019-01-17,30.7083311167713,-99.45833333333125,0.0,0.0
2019-01-18,30.7083311167713,-99.45833333333125,0.0,0.0
2019-01-19,30.7083311167713,-99.45833333333125,0.01,0.0
2019-01-20,30.7083311167713,-99.45833333333125,0.0,0.0
2019-01-21,30.7083311167713,-99.45833333333125,0.0,0.0
2019-01-22,30.7083311167713,-99.45833333333125,0.0,0.0
2019-01-23,30.7083311167713,-99.45833333333125,0.0,0.0
2019-01-24,30.7083311167713,-99.45833333333125,0.0,0.0
2019-01-25,30.7083311167713,-99.45833333333125,0.0,0.0
2019-01-26,30.7083311167713,-99.45833333333125,0.05,0.2
2019-01-27,30.7083311167713,-99.45833333333125,0.33,0.57
2019-01-28,30.7083311167713,-99.45833333333125,0.0,0.0
2019-01-29,30.7083311167713,-99.45833333333125,0.0,0.0
2019-01-30,30.7083311167713,-99.45833333333125,0.0,0.0
2019-01-31,30.7083311167713,-99.45833333333125,0.0,0.0
2019-02-01,30.7083311167713,-99.45833333333125,0.0,0.0
2019-02-02,30.7083311167713,-99.45833333333125,0.0,0.0
2019-02-03,30.7083311167713,-99.45833333333125,0.0,0.0
2019-02-04,30.7083311167713,-99.45833333333125,0.01,0.0
2019-02-05,30.7083311167713,-99.45833333333125,0.0,0.0
2019-02-06,30.7083311167713,-99.45833333333125,0.0,0.0
2019-02-07,30.7083311167713,-99.45833333333125,0.0,0.0
2019-02-08,30.7083311167713,-99.45833333333125,0.0,0.0
2019-02-09,30.7083311167713,-99.45833333333125,0.02,0.01
2019-02-10,30.7083311167713,-99.45833333333125,0.01,0.0
2019-02-11,30.7083311167713,-99.45833333333125,0.03,0.03
2019-02-12,30.7083311167713,-99.45833333333125,0.0,0.0
2019-02-13,30.7083311167713,-99.45833333333125,0.0,0.0
2019-02-14,30.7083311167713,-99.45833333333125,0.0,0.0
2019-02-15,30.7083311167713,-99.45833333333125,0.0,0.0
2019-02-16,30.7083311167713,-99.45833333333125,0.0,0.0
2019-02-17,30.7083311167713,-99.45833333333125,0.0,0.0
2019-02-18,30.7083311167713,-99.45833333333125,0.0,0.0
2019-02-19,30.7083311167713,-99.45833333333125,0.01,0.01
2019-02-20,30.7083311167713,-99.45833333333125,0.0,0.0
2019-02-21,30.7083311167713,-99.45833333333125,0.01,0.03
2019-02-22,30.7083311167713,-99.45833333333125,0.05,0.05
2019-02-23,30.7083311167713,-99.45833333333125,0.01,0.0
2019-02-24,30.7083311167713,-99.45833333333125,0.0,0.0
2019-02-25,30.7083311167713,-99.45833333333125,0.0,0.0
2019-02-26,30.7083311167713,-99.45833333333125,0.0,0.0
2019-02-27,30.7083311167713,-99.45833333333125,0.0,0.0
2019-02-28,30.7083311167713,-99.45833333333125,0.0,0.0
2019-03-01,30.7083311167713,-99.45833333333125,0.0,0.0
2019-03-02,30.7083311167713,-99.45833333333125,0.0,0.0
2019-03-03,30.7083311167713,-99.45833333333125,0.01,0.0
2019-03-04,30.7083311167713,-99.45833333333125,0.0,0.0
2019-03-05,30.7083311167713,-99.45833333333125,0.0,0.0
2019-03-06,30.7083311167713,-99.45833333333125,0.0,0.0
2019-03-07,30.7083311167713,-99.45833333333125,0.0,0.0
2019-03-08,30.7083311167713,-99.45833333333125,0.0,0.0
2019-03-09,30.7083311167713,-99.45833333333125,0.0,0.0
2019-03-10,30.7083311167713,-99.45833333333125,0.0,0.0
2019-03-11,30.7083311167713,-99.45833333333125,0.0,0.0
2019-03-12,30.7083311167713,-99.45833333333125,0.01,0.02
2019-03-13,30.7083311167713,-99.45833333333125,0.7,0.45
2019-03-14,30.7083311167713,-99.45833333333125,0.0,0.0
2019-03-15,30.7083311167713,-99.45833333333125,0.0,0.0
2019-03-16,30.7083311167713,-99.45833333333125,0.0,0.0
2019-03-17,30.7083311167713,-99.45833333333125,0.0,0.0
2019-03-18,30.7083311167713,-99.45833333333125,0.0,0.0
2019-03-19,30.7083311167713,-99.45833333333125,0.0,0.0
2019-03-20,30.7083311167713,-99.45833333333125,0.0,0.0
2019-03-21,30.7083311167713,-99.45833333333125,0.0,0.0
2019-03-22,30.7083311167713,-99.45833333333125,0.0,0.0
2019-03-23,30.7083311167713,-99.45833333333125,0.0,0.0
2019-03-24,30.7083311167713,-99.45833333333125,0.0,0.0
2019-03-25,30.7083311167713,-99.45833333333125,0.0,0.0
2019-03-26,30.7083311167713,-99.45833333333125,0.0,0.0
2019-03-27,30.7083311167713,-99.45833333333125,0.0,0.0
2019-03-28,30.7083311167713,-99.45833333333125,0.01,0.0
2019-03-29,30.7083311167713,-99.45833333333125,0.0,0.0
2019-03-30,30.7083311167713,-99.45833333333125,0.0,0.0
2019-03-31,30.7083311167713,-99.45833333333125,0.0,0.0
2019-04-01,30.7083311167713,-99.45833333333125,0.0,0.0
2019-04-02,30.7083311167713,-99.45833333333125,0.0,0.0
2019-04-03,30.7083311167713,-99.45833333333125,0.0,0.0
2019-04-04,30.7083311167713,-99.45833333333125,0.0,0.0
2019-04-05,30.7083311167713,-99.45833333333125,0.0,0.0
2019-04-06,30.7083311167713,-99.45833333333125,0.04,0.09
2019-04-07,30.7083311167713,-99.45833333333125,0.16,0.06
2019-04-08,30.7083311167713,-99.45833333333125,0.0,0.0
2019-04-09,30.7083311167713,-99.45833333333125,0.0,0.0
2019-04-10,30.7083311167713,-99.45833333333125,0.0,0.0
2019-04-11,30.7083311167713,-99.45833333333125,0.0,0.0
2019-04-12,30.7083311167713,-99.45833333333125,0.0,0.0
2019-04-13,30.7083311167713,-99.45833333333125,0.51,0.36
2019-04-14,30.7083311167713,-99.45833333333125,0.0,0.0
2019-04-15,30.7083311167713,-99.45833333333125,0.0,0.0
2019-04-16,30.7083311167713,-99.45833333333125,0.0,0.0
2019-04-17,30.7083311167713,-99.45833333333125,0.72,0.69
2019-04-18,30.7083311167713,-99.45833333333125,0.17,0.2
2019-04-19,30.7083311167713,-99.45833333333125,0.0,0.0
2019-04-20,30.7083311167713,-99.45833333333125,0.0,0.0
2019-04-21,30.7083311167713,-99.45833333333125,0.0,0.0
2019-04-22,30.7083311167713,-99.45833333333125,0.0,0.0
2019-04-23,30.7083311167713,-99.45833333333125,0.05,0.02
2019-04-24,30.7083311167713,-99.45833333333125,1.12,1.27
2019-04-25,30.7083311167713,-99.45833333333125,0.01,0.0
2019-04-26,30.7083311167713,-99.45833333333125,0.0,0.0
2019-04-27,30.7083311167713,-99.45833333333125,0.0,0.0
2019-04-28,30.7083311167713,-99.45833333333125,0.0,0.0
2019-04-29,30.7083311167713,-99.45833333333125,0.0,0.0
2019-04-30,30.7083311167713,-99.45833333333125,0.0,0.0
2019-05-01,30.7083311167713,-99.45833333333125,0.01,0.02
2019-05-02,30.7083311167713,-99.45833333333125,1.83,1.24
2019-05-03,30.7083311167713,-99.45833333333125,0.08,0.02
2019-05-04,30.7083311167713,-99.45833333333125,0.0,0.0
2019-05-05,30.7083311167713,-99.45833333333125,0.0,0.0
2019-05-06,30.7083311167713,-99.45833333333125,0.05,0.03
2019-05-07,30.7083311167713,-99.45833333333125,0.0,0.01
2019-05-08,30.7083311167713,-99.45833333333125,0.59,1.27
2019-05-09,30.7083311167713,-99.45833333333125,0.0,0.0
2019-05-10,30.7083311167713,-99.45833333333125,0.0,0.04
2019-05-11,30.7083311167713,-99.45833333333125,0.05,0.06
2019-05-12,30.7083311167713,-99.45833333333125,0.0,0.0
2019-05-13,30.7083311167713,-99.45833333333125,0.07,0.16
2019-05-14,30.7083311167713,-99.45833333333125,0.36,0.36
2019-05-15,30.7083311167713,-99.45833333333125,0.0,0.0
2019-05-16,30.7083311167713,-99.45833333333125,0.0,0.0
2019-05-17,30.7083311167713,-99.45833333333125,0.0,0.0
2019-05-18,30.7083311167713,-99.45833333333125,0.35,0.31
2019-05-19,30.7083311167713,-99.45833333333125,0.0,0.0
2019-05-20,30.7083311167713,-99.45833333333125,0.0,0.0
2019-05-21,30.7083311167713,-99.45833333333125,0.09,0.06
2019-05-22,30.7083311167713,-99.45833333333125,0.0,0.0
2019-05-23,30.7083311167713,-99.45833333333125,0.0,0.0
2019-05-24,30.7083311167713,-99.45833333333125,0.0,0.0
2019-05-25,30.7083311167713,-99.45833333333125,0.0,0.0
2019-05-26,30.7083311167713,-99.45833333333125,0.0,0.0
2019-05-27,30.7083311167713,-99.45833333333125,0.0,0.0
2019-05-28,30.7083311167713,-99.45833333333125,0.02,0.01
2019-05-29,30.7083311167713,-99.45833333333125,0.0,0.0
2019-05-30,30.7083311167713,-99.45833333333125,0.4,0.75
2019-05-31,30.7083311167713,-99.45833333333125,0.0,0.0
2019-06-01,30.7083311167713,-99.45833333333125,0.0,0.0
2019-06-02,30.7083311167713,-99.45833333333125,0.0,0.0
2019-06-03,30.7083311167713,-99.45833333333125,0.47,0.63
2019-06-04,30.7083311167713,-99.45833333333125,0.37,0.36
2019-06-05,30.7083311167713,-99.45833333333125,0.0,0.0
2019-06-06,30.7083311167713,-99.45833333333125,2.0,1.15
2019-06-07,30.7083311167713,-99.45833333333125,0.0,0.0
2019-06-08,30.7083311167713,-99.45833333333125,0.0,0.0
2019-06-09,30.7083311167713,-99.45833333333125,0.0,0.0
2019-06-10,30.7083311167713,-99.45833333333125,0.05,0.13
2019-06-11,30.7083311167713,-99.45833333333125,0.08,0.03
2019-06-12,30.7083311167713,-99.45833333333125,0.0,0.0
2019-06-13,30.7083311167713,-99.45833333333125,0.0,0.0
2019-06-14,30.7083311167713,-99.45833333333125,0.0,0.0
2019-06-15,30.7083311167713,-99.45833333333125,0.0,0.0
2019-06-16,30.7083311167713,-99.45833333333125,2.37,0.91
2019-06-17,30.7083311167713,-99.45833333333125,0.37,0.76
2019-06-18,30.7083311167713,-99.45833333333125,0.04,0.27
2019-06-19,30.7083311167713,-99.45833333333125,0.0,0.0
2019-06-20,30.7083311167713,-99.45833333333125,0.0,0.0
2019-06-21,30.7083311167713,-99.45833333333125,0.0,0.0
2019-06-22,30.7083311167713,-99.45833333333125,0.0,0.0
2019-06-23,30.7083311167713,-99.45833333333125,0.0,0.0
2019-06-24,30.7083311167713,-99.45833333333125,0.02,0.21
2019-06-25,30.7083311167713,-99.45833333333125,0.08,0.07
2019-06-26,30.7083311167713,-99.45833333333125,0.0,0.0
2019-06-27,30.7083311167713,-99.45833333333125,0.0,0.01
2019-06-28,30.7083311167713,-99.45833333333125,0.0,0.0
2019-06-29,30.7083311167713,-99.45833333333125,0.0,0.0
2019-06-30,30.7083311167713,-99.45833333333125,0.19,0.62
2019-07-01,30.7083311167713,-99.45833333333125,0.0,0.0
2019-07-02,30.7083311167713,-99.45833333333125,0.0,0.0
2019-07-03,30.7083311167713,-99.45833333333125,0.0,0.0
2019-07-04,30.7083311167713,-99.45833333333125,0.0,0.0
2019-07-05,30.7083311167713,-99.45833333333125,0.0,0.0
2019-07-06,30.7083311167713,-99.45833333333125,0.0,0.0
2019-07-07,30.7083311167713,-99.45833333333125,0.0,0.0
2019-07-08,30.7083311167713,-99.45833333333125,0.36,0.12
2019-07-09,30.7083311167713,-99.45833333333125,0.01,0.01
2019-07-10,30.7083311167713,-99.45833333333125,0.72,0.35
2019-07-11,30.7083311167713,-99.45833333333125,0.0,0.0
2019-07-12,30.7083311167713,-99.45833333333125,0.0,0.0
2019-07-13,30.7083311167713,-99.45833333333125,0.0,0.0
2019-07-14,30.7083311167713,-99.45833333333125,0.0,0.0
2019-07-15,30.7083311167713,-99.45833333333125,0.0,0.04
2019-07-16,30.7083311167713,-99.45833333333125,0.0,0.0
2019-07-17,30.7083311167713,-99.45833333333125,0.0,0.0
2019-07-18,30.7083311167713,-99.45833333333125,0.0,0.0
2019-07-19,30.7083311167713,-99.45833333333125,0.0,0.0
2019-07-20,30.7083311167713,-99.45833333333125,0.0,0.0
2019-07-21,30.7083311167713,-99.45833333333125,0.0,0.0
2019-07-22,30.7083311167713,-99.45833333333125,0.08,0.34
2019-07-23,30.7083311167713,-99.45833333333125,0.01,0.0
2019-07-24,30.7083311167713,-99.45833333333125,0.0,0.0
2019-07-25,30.7083311167713,-99.45833333333125,0.0,0.0
2019-07-26,30.7083311167713,-99.45833333333125,0.0,0.0
2019-07-27,30.7083311167713,-99.45833333333125,0.0,0.0
2019-07-28,30.7083311167713,-99.45833333333125,0.0,0.0
2019-07-29,30.7083311167713,-99.45833333333125,0.0,0.0
2019-07-30,30.7083311167713,-99.45833333333125,0.0,0.01
2019-07-31,30.7083311167713,-99.45833333333125,0.03,0.0
2019-08-01,30.7083311167713,-99.45833333333125,0.0,0.0
2019-08-02,30.7083311167713,-99.45833333333125,0.0,0.0
2019-08-03,30.7083311167713,-99.45833333333125,0.0,0.01
2019-08-04,30.7083311167713,-99.45833333333125,0.0,0.02
2019-08-05,30.7083311167713,-99.45833333333125,0.0,0.0
2019-08-06,30.7083311167713,-99.45833333333125,0.0,0.0
2019-08-07,30.7083311167713,-99.45833333333125,0.0,0.0
2019-08-08,30.7083311167713,-99.45833333333125,0.0,0.05
2019-08-09,30.7083311167713,-99.45833333333125,0.0,0.0
2019-08-10,30.7083311167713,-99.45833333333125,0.0,0.0
2019-08-11,30.7083311167713,-99.45833333333125,0.0,0.0
2019-08-12,30.7083311167713,-99.45833333333125,0.0,0.0
2019-08-13,30.7083311167713,-99.45833333333125,0.0,0.0
2019-08-14,30.7083311167713,-99.45833333333125,0.0,0.06
2019-08-15,30.7083311167713,-99.45833333333125,0.0,0.0
2019-08-16,30.7083311167713,-99.45833333333125,0.0,0.0
2019-08-17,30.7083311167713,-99.45833333333125,0.0,0.0
2019-08-18,30.7083311167713,-99.45833333333125,0.0,0.0
2019-08-19,30.7083311167713,-99.45833333333125,0.0,0.0
2019-08-20,30.7083311167713,-99.45833333333125,0.0,0.0
2019-08-21,30.7083311167713,-99.45833333333125,0.0,0.0
2019-08-22,30.7083311167713,-99.45833333333125,0.0,0.0
2019-08-23,30.7083311167713,-99.45833333333125,1.33,0.53
2019-08-24,30.7083311167713,-99.45833333333125,0.11,0.06
2019-08-25,30.7083311167713,-99.45833333333125,0.0,0.0
2019-08-26,30.7083311167713,-99.45833333333125,0.0,0.0
2019-08-27,30.7083311167713,-99.45833333333125,0.0,0.0
2019-08-28,30.7083311167713,-99.45833333333125,0.0,0.0
2019-08-29,30.7083311167713,-99.45833333333125,0.0,0.0
2019-08-30,30.7083311167713,-99.45833333333125,0.0,0.0
2019-08-31,30.7083311167713,-99.45833333333125,0.0,0.0
2019-09-01,30.7083311167713,-99.45833333333125,0.0,0.0
2019-09-02,30.7083311167713,-99.45833333333125,0.0,0.0
2019-09-03,30.7083311167713,-99.45833333333125,0.0,0.0
2019-09-04,30.7083311167713,-99.45833333333125,0.0,0.0
2019-09-05,30.7083311167713,-99.45833333333125,0.0,0.0
2019-09-06,30.7083311167713,-99.45833333333125,0.0,0.0
2019-09-07,30.7083311167713,-99.45833333333125,0.0,0.0
2019-09-08,30.7083311167713,-99.45833333333125,0.0,0.0
2019-09-09,30.7083311167713,-99.45833333333125,0.0,0.0
2019-09-10,30.7083311167713,-99.45833333333125,0.02,0.02
2019-09-11,30.7083311167713,-99.45833333333125,0.0,0.04
2019-09-12,30.7083311167713,-99.45833333333125,0.0,0.0
2019-09-13,30.7083311167713,-99.45833333333125,0.0,0.0
2019-09-14,30.7083311167713,-99.45833333333125,0.0,0.0
2019-09-15,30.7083311167713,-99.45833333333125,0.0,0.0
2019-09-16,30.7083311167713,-99.45833333333125,0.0,0.0
2019-09-17,30.7083311167713,-99.45833333333125,0.0,0.0
2019-09-18,30.7083311167713,-99.45833333333125,0.0,0.0
2019-09-19,30.7083311167713,-99.45833333333125,0.0,0.0
2019-09-20,30.7083311167713,-99.45833333333125,0.0,0.0
2019-09-21,30.7083311167713,-99.45833333333125,0.0,0.0
2019-09-22,30.7083311167713,-99.45833333333125,0.0,0.0
2019-09-23,30.7083311167713,-99.45833333333125,0.0,0.0
2019-09-24,30.7083311167713,-99.45833333333125,0.0,0.0
2019-09-25,30.7083311167713,-99.45833333333125,0.0,0.0
2019-09-26,30.7083311167713,-99.45833333333125,0.0,0.0
2019-09-27,30.7083311167713,-99.45833333333125,0.0,0.0
2019-09-28,30.7083311167713,-99.45833333333125,0.0,0.0
2019-09-29,30.7083311167713,-99.45833333333125,0.0,0.01
2019-09-30,30.7083311167713,-99.45833333333125,0.01,0.02
2019-10-01,30.7083311167713,-99.45833333333125,0.0,0.0
2019-10-02,30.7083311167713,-99.45833333333125,0.0,0.0
2019-10-03,30.7083311167713,-99.45833333333125,0.0,0.0
2019-10-04,30.7083311167713,-99.45833333333125,0.0,0.0
2019-10-05,30.7083311167713,-99.45833333333125,0.0,0.0
2019-10-06,30.7083311167713,-99.45833333333125,0.04,0.05
2019-10-07,30.7083311167713,-99.45833333333125,0.0,0.0
2019-10-08,30.7083311167713,-99.45833333333125,0.0,0.0
2019-10-09,30.7083311167713,-99.45833333333125,0.0,0.0
2019-10-10,30.7083311167713,-99.45833333333125,0.0,0.0
2019-10-11,30.7083311167713,-99.45833333333125,0.09,0.16
2019-10-12,30.7083311167713,-99.45833333333125,0.01,0.03
2019-10-13,30.7083311167713,-99.45833333333125,0.01,0.0
2019-10-14,30.7083311167713,-99.45833333333125,0.0,0.0
2019-10-15,30.7083311167713,-99.45833333333125,0.32,0.3
2019-10-16,30.7083311167713,-99.45833333333125,0.0,0.0
2019-10-17,30.7083311167713,-99.45833333333125,0.0,0.0
2019-10-18,30.7083311167713,-99.45833333333125,0.0,0.0
2019-10-19,30.7083311167713,-99.45833333333125,0.0,0.0
2019-10-20,30.7083311167713,-99.45833333333125,0.0,0.0
2019-10-21,30.7083311167713,-99.45833333333125,0.5,1.06
2019-10-22,30.7083311167713,-99.45833333333125,0.0,0.0
2019-10-23,30.7083311167713,-99.45833333333125,0.0,0.0
2019-10-24,30.7083311167713,-99.45833333333125,0.59,0.22
2019-10-25,30.7083311167713,-99.45833333333125,0.0,0.0
2019-10-26,30.7083311167713,-99.45833333333125,0.0,0.0
2019-10-27,30.7083311167713,-99.45833333333125,0.0,0.0
2019-10-28,30.7083311167713,-99.45833333333125,0.0,0.0
2019-10-29,30.7083311167713,-99.45833333333125,0.03,0.03
2019-10-30,30.7083311167713,-99.45833333333125,0.02,0.11
2019-10-31,30.7083311167713,-99.45833333333125,0.0,0.0
2019-11-01,30.7083311167713,-99.45833333333125,0.0,0.0
2019-11-02,30.7083311167713,-99.45833333333125,0.0,0.0
2019-11-03,30.7083311167713,-99.45833333333125,0.0,0.0
2019-11-04,30.7083311167713,-99.45833333333125,0.0,0.0
2019-11-05,30.7083311167713,-99.45833333333125,0.0,0.0
2019-11-06,30.7083311167713,-99.45833333333125,0.0,0.0
2019-11-07,30.7083311167713,-99.45833333333125,0.7,0.46
2019-11-08,30.7083311167713,-99.45833333333125,0.21,0.15
2019-11-09,30.7083311167713,-99.45833333333125,0.0,0.0
2019-11-10,30.7083311167713,-99.45833333333125,0.0,0.0
2019-11-11,30.7083311167713,-99.45833333333125,0.03,0.05
2019-11-12,30.7083311167713,-99.45833333333125,0.01,0.01
2019-11-13,30.7083311167713,-99.45833333333125,0.01,0.0
2019-11-14,30.7083311167713,-99.45833333333125,0.0,0.0
2019-11-15,30.7083311167713,-99.45833333333125,0.0,0.0
2019-11-16,30.7083311167713,-99.45833333333125,0.0,0.0
2019-11-17,30.7083311167713,-99.45833333333125,0.0,0.0
2019-11-18,30.7083311167713,-99.45833333333125,0.0,0.0
2019-11-19,30.7083311167713,-99.45833333333125,0.0,0.0
2019-11-20,30.7083311167713,-99.45833333333125,0.0,0.0
2019-11-21,30.7083311167713,-99.45833333333125,0.0,0.0
2019-11-22,30.7083311167713,-99.45833333333125,0.0,0.01
2019-11-23,30.7083311167713,-99.45833333333125,0.0,0.0
2019-11-24,30.7083311167713,-99.45833333333125,0.0,0.0
2019-11-25,30.7083311167713,-99.45833333333125,0.0,0.0
2019-11-26,30.7083311167713,-99.45833333333125,0.0,0.0
2019-11-27,30.7083311167713,-99.45833333333125,0.0,0.0
2019-11-28,30.7083311167713,-99.45833333333125,0.03,0.01
2019-11-29,30.7083311167713,-99.45833333333125,0.01,0.02
2019-11-30,30.7083311167713,-99.45833333333125,0.0,0.0
2019-12-01,30.7083311167713,-99.45833333333125,0.0,0.0
2019-12-02,30.7083311167713,-99.45833333333125,0.0,0.0
2019-12-03,30.7083311167713,-99.45833333333125,0.0,0.0
2019-12-04,30.7083311167713,-99.45833333333125,0.0,0.0
2019-12-05,30.7083311167713,-99.45833333333125,0.0,0.0
2019-12-06,30.7083311167713,-99.45833333333125,0.0,0.0
2019-12-07,30.7083311167713,-99.45833333333125,0.0,0.0
2019-12-08,30.7083311167713,-99.45833333333125,0.0,0.0
2019-12-09,30.7083311167713,-99.45833333333125,0.0,0.0
2019-12-10,30.7083311167713,-99.45833333333125,0.38,0.43
2019-12-11,30.7083311167713,-99.45833333333125,0.0,0.0
2019-12-12,30.7083311167713,-99.45833333333125,0.0,0.0
2019-12-13,30.7083311167713,-99.45833333333125,0.0,0.0
2019-12-14,30.7083311167713,-99.45833333333125,0.0,0.0
2019-12-15,30.7083311167713,-99.45833333333125,0.0,0.0
2019-12-16,30.7083311167713,-99.45833333333125,0.0,0.0
2019-12-17,30.7083311167713,-99.45833333333125,0.0,0.0
2019-12-18,30.7083311167713,-99.45833333333125,0.0,0.0
2019-12-19,30.7083311167713,-99.45833333333125,0.0,0.0
2019-12-20,30.7083311167713,-99.45833333333125,0.0,0.0
2019-12-21,30.7083311167713,-99.45833333333125,0.0,0.0
2019-12-22,30.7083311167713,-99.45833333333125,0.0,0.0
2019-12-23,30.7083311167713,-99.45833333333125,0.0,0.0
2019-12-24,30.7083311167713,-99.45833333333125,0.0,0.0
2019-12-25,30.7083311167713,-99.45833333333125,0.0,0.0
2019-12-26,30.7083311167713,-99.45833333333125,0.0,0.0
2019-12-27,30.7083311167713,-99.45833333333125,0.0,0.0
2019-12-28,30.7083311167713,-99.45833333333125,0.37,0.27
2019-12-29,30.7083311167713,-99.45833333333125,0.01,0.0
2019-12-30,30.7083311167713,-99.45833333333125,0.0,0.0
2019-12-31,30.7083311167713,-99.45833333333125,0.0,0.0
2020-01-01,30.7083311167713,-99.45833333333125,0.0,0.0
2020-01-02,30.7083311167713,-99.45833333333125,0.0,0.0
2020-01-03,30.7083311167713,-99.45833333333125,0.0,0.0
2020-01-04,30.7083311167713,-99.45833333333125,0.0,0.0
2020-01-05,30.7083311167713,-99.45833333333125,0.0,0.0
2020-01-06,30.7083311167713,-99.45833333333125,0.0,0.0
2020-01-07,30.7083311167713,-99.45833333333125,0.0,0.0
2020-01-08,30.7083311167713,-99.45833333333125,0.0,0.0
2020-01-09,30.7083311167713,-99.45833333333125,0.0,0.0
2020-01-10,30.7083311167713,-99.45833333333125,0.0,0.0
2020-01-11,30.7083311167713,-99.45833333333125,0.0,0.0
2020-01-12,30.7083311167713,-99.45833333333125,0.0,0.0
2020-01-13,30.7083311167713,-99.45833333333125,0.0,0.0
2020-01-14,30.7083311167713,-99.45833333333125,0.0,0.0
2020-01-15,30.7083311167713,-99.45833333333125,0.0,0.0
2020-01-16,30.7083311167713,-99.45833333333125,0.39,0.51
2020-01-17,30.7083311167713,-99.45833333333125,1.15,0.72
2020-01-18,30.7083311167713,-99.45833333333125,0.0,0.01
2020-01-19,30.7083311167713,-99.45833333333125,0.0,0.0
2020-01-20,30.7083311167713,-99.45833333333125,0.0,0.0
2020-01-21,30.7083311167713,-99.45833333333125,0.06,0.05
2020-01-22,30.7083311167713,-99.45833333333125,0.06,0.05
2020-01-23,30.7083311167713,-99.45833333333125,0.01,0.0
2020-01-24,30.7083311167713,-99.45833333333125,0.0,0.0
2020-01-25,30.7083311167713,-99.45833333333125,0.0,0.0
2020-01-26,30.7083311167713,-99.45833333333125,0.0,0.0
2020-01-27,30.7083311167713,-99.45833333333125,0.0,0.0
2020-01-28,30.7083311167713,-99.45833333333125,0.41,0.39
2020-01-29,30.7083311167713,-99.45833333333125,0.0,0.0
2020-01-30,30.7083311167713,-99.45833333333125,0.0,0.0
2020-01-31,30.7083311167713,-99.45833333333125,0.0,0.0
2020-02-01,30.7083311167713,-99.45833333333125,0.0,0.0
2020-02-02,30.7083311167713,-99.45833333333125,0.0,0.0
2020-02-03,30.7083311167713,-99.45833333333125,0.0,0.0
2020-02-04,30.7083311167713,-99.45833333333125,0.0,0.01
2020-02-05,30.7083311167713,-99.45833333333125,0.01,0.0
2020-02-06,30.7083311167713,-99.45833333333125,0.0,0.0
2020-02-07,30.7083311167713,-99.45833333333125,0.0,0.0
2020-02-08,30.7083311167713,-99.45833333333125,0.0,0.0
2020-02-09,30.7083311167713,-99.45833333333125,0.0,0.0
2020-02-10,30.7083311167713,-99.45833333333125,0.04,0.0
2020-02-11,30.7083311167713,-99.45833333333125,1.28,0.89
2020-02-12,30.7083311167713,-99.45833333333125,0.46,0.52
2020-02-13,30.7083311167713,-99.45833333333125,0.0,0.0
2020-02-14,30.7083311167713,-99.45833333333125,0.0,0.0
2020-02-15,30.7083311167713,-99.45833333333125,0.0,0.0
2020-02-16,30.7083311167713,-99.45833333333125,0.0,0.0
2020-02-17,30.7083311167713,-99.45833333333125,0.0,0.0
2020-02-18,30.7083311167713,-99.45833333333125,0.57,0.32
2020-02-19,30.7083311167713,-99.45833333333125,0.05,0.03
2020-02-20,30.7083311167713,-99.45833333333125,0.04,0.05
2020-02-21,30.7083311167713,-99.45833333333125,0.0,0.0
2020-02-22,30.7083311167713,-99.45833333333125,0.0,0.0
2020-02-23,30.7083311167713,-99.45833333333125,0.0,0.0
2020-02-24,30.7083311167713,-99.45833333333125,0.0,0.0
2020-02-25,30.7083311167713,-99.45833333333125,0.0,0.0
2020-02-26,30.7083311167713,-99.45833333333125,0.0,0.0
2020-02-27,30.7083311167713,-99.45833333333125,0.0,0.0
2020-02-28,30.7083311167713,-99.45833333333125,0.0,0.0
2020-02-29,30.7083311167713,-99.45833333333125,0.0,0.0
2020-03-01,30.7083311167713,-99.45833333333125,0.0,0.0
2020-03-02,30.7083311167713,-99.45833333333125,0.0,0.0
2020-03-03,30.7083311167713,-99.45833333333125,0.0,0.02
2020-03-04,30.7083311167713,-99.45833333333125,1.86,1.7
2020-03-05,30.7083311167713,-99.45833333333125,0.0,0.0
2020-03-06,30.7083311167713,-99.45833333333125,0.0,0.0
2020-03-07,30.7083311167713,-99.45833333333125,0.0,0.0
2020-03-08,30.7083311167713,-99.45833333333125,0.01,0.0
2020-03-09,30.7083311167713,-99.45833333333125,0.0,0.0
2020-03-10,30.7083311167713,-99.45833333333125,0.0,0.0
2020-03-11,30.7083311167713,-99.45833333333125,0.0,0.0
2020-03-12,30.7083311167713,-99.45833333333125,0.0,0.0
2020-03-13,30.7083311167713,-99.45833333333125,0.0,0.0
2020-03-14,30.7083311167713,-99.45833333333125,0.0,0.02
2020-03-15,30.7083311167713,-99.45833333333125,0.1,0.06
2020-03-16,30.7083311167713,-99.45833333333125,1.28,1.0
2020-03-17,30.7083311167713,-99.45833333333125,0.0,0.0
2020-03-18,30.7083311167713,-99.45833333333125,0.0,0.0
2020-03-19,30.7083311167713,-99.45833333333125,0.81,0.88
2020-03-20,30.7083311167713,-99.45833333333125,0.59,1.03
2020-03-21,30.7083311167713,-99.45833333333125,0.94,0.92
2020-03-22,30.7083311167713,-99.45833333333125,0.03,0.02
2020-03-23,30.7083311167713,-99.45833333333125,0.0,0.0
2020-03-24,30.7083311167713,-99.45833333333125,0.0,0.0
2020-03-25,30.7083311167713,-99.45833333333125,0.0,0.0
2020-03-26,30.7083311167713,-99.45833333333125,0.0,0.0
2020-03-27,30.7083311167713,-99.45833333333125,0.0,0.0
2020-03-28,30.7083311167713,-99.45833333333125,0.2,0.03
2020-03-29,30.7083311167713,-99.45833333333125,0.0,0.0
2020-03-30,30.7083311167713,-99.45833333333125,0.0,0.0
2020-03-31,30.7083311167713,-99.45833333333125,0.0,0.0
2020-04-01,30.7083311167713,-99.45833333333125,0.0,0.0
2020-04-02,30.7083311167713,-99.45833333333125,0.01,0.01
2020-04-03,30.7083311167713,-99.45833333333125,0.26,0.8
2020-04-04,30.7083311167713,-99.45833333333125,0.18,0.23
2020-04-05,30.7083311167713,-99.45833333333125,0.0,0.0
2020-04-06,30.7083311167713,-99.45833333333125,0.0,0.0
2020-04-07,30.7083311167713,-99.45833333333125,0.0,0.0
2020-04-08,30.7083311167713,-99.45833333333125,0.01,0.0
2020-04-09,30.7083311167713,-99.45833333333125,0.27,0.01
2020-04-10,30.7083311167713,-99.45833333333125,0.0,0.0
2020-04-11,30.7083311167713,-99.45833333333125,0.0,0.0
2020-04-12,30.7083311167713,-99.45833333333125,0.63,1.08
2020-04-13,30.7083311167713,-99.45833333333125,0.0,0.0
2020-04-14,30.7083311167713,-99.45833333333125,0.0,0.0
2020-04-15,30.7083311167713,-99.45833333333125,0.0,0.0
2020-04-16,30.7083311167713,-99.45833333333125,0.0,0.0
2020-04-17,30.7083311167713,-99.45833333333125,0.0,0.0
2020-04-18,30.7083311167713,-99.45833333333125,0.0,0.0
2020-04-19,30.7083311167713,-99.45833333333125,0.02,0.02
2020-04-20,30.7083311167713,-99.45833333333125,0.0,0.0
2020-04-21,30.7083311167713,-99.45833333333125,0.0,0.0
2020-04-22,30.7083311167713,-99.45833333333125,0.01,0.04
2020-04-23,30.7083311167713,-99.45833333333125,0.0,0.0
2020-04-24,30.7083311167713,-99.45833333333125,0.0,0.0
2020-04-25,30.7083311167713,-99.45833333333125,0.0,0.0
2020-04-26,30.7083311167713,-99.45833333333125,0.0,0.0
2020-04-27,30.7083311167713,-99.45833333333125,0.0,0.0
2020-04-28,30.7083311167713,-99.45833333333125,0.0,0.0
2020-04-29,30.7083311167713,-99.45833333333125,0.0,0.0
2020-04-30,30.7083311167713,-99.45833333333125,0.0,0.0
2020-05-01,30.7083311167713,-99.45833333333125,0.0,0.0
2020-05-02,30.7083311167713,-99.45833333333125,0.0,0.0
2020-05-03,30.7083311167713,-99.45833333333125,0.0,0.0
2020-05-04,30.7083311167713,-99.45833333333125,0.0,0.0
2020-05-05,30.7083311167713,-99.45833333333125,0.0,0.0
2020-05-06,30.7083311167713,-99.45833333333125,0.0,0.0
2020-05-07,30.7083311167713,-99.45833333333125,0.0,0.0
2020-05-08,30.7083311167713,-99.45833333333125,0.0,0.0
2020-05-09,30.7083311167713,-99.45833333333125,0.0,0.0
2020-05-10,30.7083311167713,-99.45833333333125,0.0,0.0
2020-05-11,30.7083311167713,-99.45833333333125,0.0,0.0
2020-05-12,30.7083311167713,-99.45833333333125,0.57,0.53
2020-05-13,30.7083311167713,-99.45833333333125,0.0,0.0
2020-05-14,30.7083311167713,-99.45833333333125,0.0,0.0
2020-05-15,30.7083311167713,-99.45833333333125,1.53,0.75
2020-05-16,30.7083311167713,-99.45833333333125,0.27,0.3
2020-05-17,30.7083311167713,-99.45833333333125,0.0,0.0
2020-05-18,30.7083311167713,-99.45833333333125,0.0,0.0
2020-05-19,30.7083311167713,-99.45833333333125,0.0,0.0
2020-05-20,30.7083311167713,-99.45833333333125,0.05,0.28
2020-05-21,30.7083311167713,-99.45833333333125,0.01,0.0
2020-05-22,30.7083311167713,-99.45833333333125,0.0,0.0
2020-05-23,30.7083311167713,-99.45833333333125,0.04,0.01
2020-05-24,30.7083311167713,-99.45833333333125,0.5,0.2
2020-05-25,30.7083311167713,-99.45833333333125,0.03,0.01
2020-05-26,30.7083311167713,-99.45833333333125,0.0,0.0
2020-05-27,30.7083311167713,-99.45833333333125,0.51,0.41
2020-05-28,30.7083311167713,-99.45833333333125,0.55,0.66
2020-05-29,30.7083311167713,-99.45833333333125,0.0,0.0
2020-05-30,30.7083311167713,-99.45833333333125,0.0,0.0
2020-05-31,30.7083311167713,-99.45833333333125,0.07,0.05
2020-06-01,30.7083311167713,-99.45833333333125,0.01,0.02
2020-06-02,30.7083311167713,-99.45833333333125,0.0,0.0
2020-06-03,30.7083311167713,-99.45833333333125,0.0,0.0
2020-06-04,30.7083311167713,-99.45833333333125,0.0,0.0
2020-06-05,30.7083311167713,-99.45833333333125,0.0,0.0
2020-06-06,30.7083311167713,-99.45833333333125,0.0,0.0
2020-06-07,30.7083311167713,-99.45833333333125,0.0,0.0
2020-06-08,30.7083311167713,-99.45833333333125,0.0,0.0
2020-06-09,30.7083311167713,-99.45833333333125,0.0,0.0
2020-06-10,30.7083311167713,-99.45833333333125,0.0,0.0
2020-06-11,30.7083311167713,-99.45833333333125,0.0,0.0
2020-06-12,30.7083311167713,-99.45833333333125,0.0,0.0
2020-06-13,30.7083311167713,-99.45833333333125,0.0,0.0
2020-06-14,30.7083311167713,-99.45833333333125,0.0,0.0
2020-06-15,30.7083311167713,-99.45833333333125,0.0,0.0
2020-06-16,30.7083311167713,-99.45833333333125,0.12,0.0
2020-06-17,30.7083311167713,-99.45833333333125,0.0,0.0
2020-06-18,30.7083311167713,-99.45833333333125,0.0,0.0
2020-06-19,30.7083311167713,-99.45833333333125,0.0,0.0
2020-06-20,30.7083311167713,-99.45833333333125,0.0,0.0
2020-06-21,30.7083311167713,-99.45833333333125,0.0,0.0
2020-06-22,30.7083311167713,-99.45833333333125,0.0,0.0
2020-06-23,30.7083311167713,-99.45833333333125,0.77,0.67
2020-06-24,30.7083311167713,-99.45833333333125,0.0,0.0
2020-06-25,30.7083311167713,-99.45833333333125,0.0,0.0
2020-06-26,30.7083311167713,-99.45833333333125,0.0,0.0
2020-06-27,30.7083311167713,-99.45833333333125,0.0,0.0
2020-06-28,30.7083311167713,-99.45833333333125,0.0,0.0
2020-06-29,30.7083311167713,-99.45833333333125,0.0,0.0
2020-06-30,30.7083311167713,-99.45833333333125,0.0,0.0
2020-07-01,30.7083311167713,-99.45833333333125,0.01,0.0
2020-07-02,30.7083311167713,-99.45833333333125,0.1,0.09
2020-07-03,30.7083311167713,-99.45833333333125,0.0,0.0
2020-07-04,30.7083311167713,-99.45833333333125,0.0,0.0
2020-07-05,30.7083311167713,-99.45833333333125,0.02,0.07
2020-07-06,30.7083311167713,-99.45833333333125,0.01,0.06
2020-07-07,30.7083311167713,-99.45833333333125,0.0,0.4
2020-07-08,30.7083311167713,-99.45833333333125,0.0,0.01
2020-07-09,30.7083311167713,-99.45833333333125,0.0,0.0
2020-07-10,30.7083311167713,-99.45833333333125,0.0,0.0
2020-07-11,30.7083311167713,-99.45833333333125,0.0,0.0
2020-07-12,30.7083311167713,-99.45833333333125,0.0,0.0
2020-07-13,30.7083311167713,-99.45833333333125,0.0,0.0
2020-07-14,30.7083311167713,-99.45833333333125,0.0,0.0
2020-07-15,30.7083311167713,-99.45833333333125,0.0,0.0
2020-07-16,30.7083311167713,-99.45833333333125,0.0,0.0
2020-07-17,30.7083311167713,-99.45833333333125,0.0,0.0
2020-07-18,30.7083311167713,-99.45833333333125,0.0,0.0
2020-07-19,30.7083311167713,-99.45833333333125,0.0,0.0
2020-07-20,30.7083311167713,-99.45833333333125,0.0,0.0
2020-07-21,30.7083311167713,-99.45833333333125,0.0,0.0
2020-07-22,30.7083311167713,-99.45833333333125,2.01,0.62
2020-07-23,30.7083311167713,-99.45833333333125,0.0,0.0
2020-07-24,30.7083311167713,-99.45833333333125,0.0,0.0
2020-07-25,30.7083311167713,-99.45833333333125,0.0,0.0
2020-07-26,30.7083311167713,-99.45833333333125,0.04,0.0
2020-07-27,30.7083311167713,-99.45833333333125,0.0,0.0
2020-07-28,30.7083311167713,-99.45833333333125,0.0,0.0
2020-07-29,30.7083311167713,-99.45833333333125,0.0,0.0
2020-07-30,30.7083311167713,-99.45833333333125,0.0,0.0
2020-07-31,30.7083311167713,-99.45833333333125,0.0,0.0
2020-08-01,30.7083311167713,-99.45833333333125,0.0,0.0
2020-08-02,30.7083311167713,-99.45833333333125,0.0,0.0
2020-08-03,30.7083311167713,-99.45833333333125,0.0,0.0
2020-08-04,30.7083311167713,-99.45833333333125,0.0,0.0
2020-08-05,30.7083311167713,-99.45833333333125,0.0,0.0
2020-08-06,30.7083311167713,-99.45833333333125,0.0,0.0
2020-08-07,30.7083311167713,-99.45833333333125,0.0,0.0
2020-08-08,30.7083311167713,-99.45833333333125,0.0,0.0
2020-08-09,30.7083311167713,-99.45833333333125,0.0,0.0
2020-08-10,30.7083311167713,-99.45833333333125,0.0,0.0
2020-08-11,30.7083311167713,-99.45833333333125,0.0,0.0
2020-08-12,30.7083311167713,-99.45833333333125,0.0,0.0
2020-08-13,30.7083311167713,-99.45833333333125,0.0,0.0
2020-08-14,30.7083311167713,-99.45833333333125,0.0,0.0
2020-08-15,30.7083311167713,-99.45833333333125,0.01,0.06
2020-08-16,30.7083311167713,-99.45833333333125,0.0,0.0
2020-08-17,30.7083311167713,-99.45833333333125,0.0,0.0
2020-08-18,30.7083311167713,-99.45833333333125,0.0,0.0
2020-08-19,30.7083311167713,-99.45833333333125,0.0,0.0
2020-08-20,30.7083311167713,-99.45833333333125,0.0,0.0
2020-08-21,30.7083311167713,-99.45833333333125,0.0,0.0
2020-08-22,30.7083311167713,-99.45833333333125,0.0,0.03
2020-08-23,30.7083311167713,-99.45833333333125,0.0,0.0
2020-08-24,30.7083311167713,-99.45833333333125,0.0,0.0
2020-08-25,30.7083311167713,-99.45833333333125,0.0,0.0
2020-08-26,30.7083311167713,-99.45833333333125,0.0,0.0
2020-08-27,30.7083311167713,-99.45833333333125,0.0,0.0
2020-08-28,30.7083311167713,-99.45833333333125,0.0,0.0
2020-08-29,30.7083311167713,-99.45833333333125,0.0,0.0
2020-08-30,30.7083311167713,-99.45833333333125,0.0,0.0
2020-08-31,30.7083311167713,-99.45833333333125,0.0,0.0
2020-09-01,30.7083311167713,-99.45833333333125,0.0,0.0
2020-09-02,30.7083311167713,-99.45833333333125,0.0,0.16
2020-09-03,30.7083311167713,-99.45833333333125,1.3,0.41
2020-09-04,30.7083311167713,-99.45833333333125,0.03,0.03
2020-09-05,30.7083311167713,-99.45833333333125,0.12,0.17
2020-09-06,30.7083311167713,-99.45833333333125,0.0,0.01
2020-09-07,30.7083311167713,-99.45833333333125,0.0,0.0
2020-09-08,30.7083311167713,-99.45833333333125,0.02,0.03
2020-09-09,30.7083311167713,-99.45833333333125,0.95,0.82
2020-09-10,30.7083311167713,-99.45833333333125,0.32,0.12
2020-09-11,30.7083311167713,-99.45833333333125,0.0,0.01
2020-09-12,30.7083311167713,-99.45833333333125,0.0,0.0
2020-09-13,30.7083311167713,-99.45833333333125,0.0,0.0
2020-09-14,30.7083311167713,-99.45833333333125,0.0,0.0
2020-09-15,30.7083311167713,-99.45833333333125,0.0,0.0
2020-09-16,30.7083311167713,-99.45833333333125,0.0,0.07
2020-09-17,30.7083311167713,-99.45833333333125,0.0,0.0
2020-09-18,30.7083311167713,-99.45833333333125,0.0,0.0
2020-09-19,30.7083311167713,-99.45833333333125,0.0,0.0
2020-09-20,30.7083311167713,-99.45833333333125,0.0,0.0
2020-09-21,30.7083311167713,-99.45833333333125,0.1,0.07
2020-09-22,30.7083311167713,-99.45833333333125,0.0,0.01
2020-09-23,30.7083311167713,-99.45833333333125,0.0,0.0
2020-09-24,30.7083311167713,-99.45833333333125,0.0,0.0
2020-09-25,30.7083311167713,-99.45833333333125,0.0,0.0
2020-09-26,30.7083311167713,-99.45833333333125,0.0,0.0
2020-09-27,30.7083311167713,-99.45833333333125,0.0,0.0
2020-09-28,30.7083311167713,-99.45833333333125,0.0,0.0
2020-09-29,30.7083311167713,-99.45833333333125,0.0,0.0
2020-09-30,30.7083311167713,-99.45833333333125,0.0,0.0
2020-10-01,30.7083311167713,-99.45833333333125,0.0,0.0
2020-10-02,30.7083311167713,-99.45833333333125,0.0,0.0
2020-10-03,30.7083311167713,-99.45833333333125,0.0,0.0
2020-10-04,30.7083311167713,-99.45833333333125,0.0,0.0
2020-10-05,30.7083311167713,-99.45833333333125,0.0,0.0
2020-10-06,30.7083311167713,-99.45833333333125,0.0,0.0
2020-10-07,30.7083311167713,-99.45833333333125,0.0,0.0
2020-10-08,30.7083311167713,-99.45833333333125,0.0,0.0
2020-10-09,30.7083311167713,-99.45833333333125,0.0,0.0
2020-10-10,30.7083311167713,-99.45833333333125,0.0,0.0
2020-10-11,30.7083311167713,-99.45833333333125,0.0,0.0
2020-10-12,30.7083311167713,-99.45833333333125,0.0,0.0
2020-10-13,30.7083311167713,-99.45833333333125,0.0,0.0
2020-10-14,30.7083311167713,-99.45833333333125,0.0,0.0
2020-10-15,30.7083311167713,-99.45833333333125,0.0,0.0
2020-10-16,30.7083311167713,-99.45833333333125,0.0,0.0
2020-10-17,30.7083311167713,-99.45833333333125,0.0,0.0
2020-10-18,30.7083311167713,-99.45833333333125,0.0,0.0
2020-10-19,30.7083311167713,-99.45833333333125,0.0,0.0
2020-10-20,30.7083311167713,-99.45833333333125,0.0,0.0
2020-10-21,30.7083311167713,-99.45833333333125,0.0,0.0
2020-10-22,30.7083311167713,-99.45833333333125,0.0,0.0
2020-10-23,30.7083311167713,-99.45833333333125,0.0,0.0
2020-10-24,30.7083311167713,-99.45833333333125,0.0,0.0
2020-10-25,30.7083311167713,-99.45833333333125,0.0,0.0
2020-10-26,30.7083311167713,-99.45833333333125,0.0,0.02
2020-10-27,30.7083311167713,-99.45833333333125,0.19,0.16
2020-10-28,30.7083311167713,-99.45833333333125,0.01,0.03
2020-10-29,30.7083311167713,-99.45833333333125,0.0,0.0
2020-10-30,30.7083311167713,-99.45833333333125,0.0,0.0
2020-10-31,30.7083311167713,-99.45833333333125,0.0,0.0
2020-11-01,30.7083311167713,-99.45833333333125,0.0,0.0
2020-11-02,30.7083311167713,-99.45833333333125,0.0,0.0
2020-11-03,30.7083311167713,-99.45833333333125,0.0,0.0
2020-11-04,30.7083311167713,-99.45833333333125,0.0,0.0
2020-11-05,30.7083311167713,-99.45833333333125,0.0,0.0
2020-11-06,30.7083311167713,-99.45833333333125,0.0,0.0
2020-11-07,30.7083311167713,-99.45833333333125,0.0,0.0
2020-11-08,30.7083311167713,-99.45833333333125,0.0,0.0
2020-11-09,30.7083311167713,-99.45833333333125,0.0,0.0
2020-11-10,30.7083311167713,-99.45833333333125,0.0,0.0
2020-11-11,30.7083311167713,-99.45833333333125,0.0,0.0
2020-11-12,30.7083311167713,-99.45833333333125,0.0,0.0
2020-11-13,30.7083311167713,-99.45833333333125,0.0,0.0
2020-11-14,30.7083311167713,-99.45833333333125,0.0,0.0
2020-11-15,30.7083311167713,-99.45833333333125,0.0,0.0
2020-11-16,30.7083311167713,-99.45833333333125,0.0,0.0
2020-11-17,30.7083311167713,-99.45833333333125,0.0,0.0
2020-11-18,30.7083311167713,-99.45833333333125,0.0,0.0
2020-11-19,30.7083311167713,-99.45833333333125,0.0,0.0
2020-11-20,30.7083311167713,-99.45833333333125,0.0,0.0
2020-11-21,30.7083311167713,-99.45833333333125,0.0,0.0
2020-11-22,30.7083311167713,-99.45833333333125,0.0,0.0
2020-11-23,30.7083311167713,-99.45833333333125,0.0,0.0
2020-11-24,30.7083311167713,-99.45833333333125,0.0,0.0
2020-11-25,30.7083311167713,-99.45833333333125,0.0,0.0
2020-11-26,30.7083311167713,-99.45833333333125,0.0,0.0
2020-11-27,30.7083311167713,-99.45833333333125,0.0,0.0
2020-11-28,30.7083311167713,-99.45833333333125,0.51,0.54
2020-11-29,30.7083311167713,-99.45833333333125,0.0,0.0
2020-11-30,30.7083311167713,-99.45833333333125,0.0,0.0
2020-12-01,30.7083311167713,-99.45833333333125,0.0,0.0
2020-12-02,30.7083311167713,-99.45833333333125,0.0,0.0
2020-12-03,30.7083311167713,-99.45833333333125,0.0,0.0
2020-12-04,30.7083311167713,-99.45833333333125,0.0,0.0
2020-12-05,30.7083311167713,-99.45833333333125,0.0,0.0
2020-12-06,30.7083311167713,-99.45833333333125,0.0,0.0
2020-12-07,30.7083311167713,-99.45833333333125,0.0,0.0
2020-12-08,30.7083311167713,-99.45833333333125,0.0,0.0
2020-12-09,30.7083311167713,-99.45833333333125,0.0,0.0
2020-12-10,30.7083311167713,-99.45833333333125,0.0,0.0
2020-12-11,30.7083311167713,-99.45833333333125,0.18,0.12
2020-12-12,30.7083311167713,-99.45833333333125,0.0,0.0
2020-12-13,30.7083311167713,-99.45833333333125,0.02,0.05
2020-12-14,30.7083311167713,-99.45833333333125,0.0,0.0
2020-12-15,30.7083311167713,-99.45833333333125,0.0,0.0
2020-12-16,30.7083311167713,-99.45833333333125,0.0,0.0
2020-12-17,30.7083311167713,-99.45833333333125,0.0,0.0
2020-12-18,30.7083311167713,-99.45833333333125,0.0,0.0
2020-12-19,30.7083311167713,-99.45833333333125,0.01,0.1
2020-12-20,30.7083311167713,-99.45833333333125,0.0,0.0
2020-12-21,30.7083311167713,-99.45833333333125,0.0,0.0
2020-12-22,30.7083311167713,-99.45833333333125,0.0,0.0
2020-12-23,30.7083311167713,-99.45833333333125,0.0,0.0
2020-12-24,30.7083311167713,-99.45833333333125,0.0,0.0
2020-12-25,30.7083311167713,-99.45833333333125,0.0,0.0
2020-12-26,30.7083311167713,-99.45833333333125,0.0,0.0
2020-12-27,30.7083311167713,-99.45833333333125,0.0,0.0
2020-12-28,30.7083311167713,-99.45833333333125,0.0,0.0
2020-12-29,30.7083311167713,-99.45833333333125,0.0,0.0
2020-12-30,30.7083311167713,-99.45833333333125,0.06,0.09
2020-12-31,30.7083311167713,-99.45833333333125,1.65,1.52
2021-01-01,30.7083311167713,-99.45833333333125,0.21,0.15
2021-01-02,30.7083311167713,-99.45833333333125,0.0,0.0
2021-01-03,30.7083311167713,-99.45833333333125,0.0,0.0
2021-01-04,30.7083311167713,-99.45833333333125,0.0,0.0
2021-01-05,30.7083311167713,-99.45833333333125,0.0,0.0
2021-01-06,30.7083311167713,-99.45833333333125,0.0,0.0
2021-01-07,30.7083311167713,-99.45833333333125,0.0,0.0
2021-01-08,30.7083311167713,-99.45833333333125,0.0,0.0
2021-01-09,30.7083311167713,-99.45833333333125,0.0,0.0
2021-01-10,30.7083311167713,-99.45833333333125,0.47,0.51
2021-01-11,30.7083311167713,-99.45833333333125,0.01,0.0
2021-01-12,30.7083311167713,-99.45833333333125,0.0,0.01
2021-01-13,30.7083311167713,-99.45833333333125,0.0,0.0
2021-01-14,30.7083311167713,-99.45833333333125,0.0,0.0
2021-01-15,30.7083311167713,-99.45833333333125,0.0,0.0
2021-01-16,30.7083311167713,-99.45833333333125,0.0,0.0
2021-01-17,30.7083311167713,-99.45833333333125,0.0,0.0
2021-01-18,30.7083311167713,-99.45833333333125,0.0,0.0
2021-01-19,30.7083311167713,-99.45833333333125,0.02,0.01
2021-01-20,30.7083311167713,-99.45833333333125,0.71,0.76
2021-01-21,30.7083311167713,-99.45833333333125,0.02,0.04
2021-01-22,30.7083311167713,-99.45833333333125,0.1,0.08
2021-01-23,30.7083311167713,-99.45833333333125,0.0,0.0
2021-01-24,30.7083311167713,-99.45833333333125,0.0,0.0
2021-01-25,30.7083311167713,-99.45833333333125,0.0,0.0
2021-01-26,30.7083311167713,-99.45833333333125,0.0,0.0
2021-01-27,30.7083311167713,-99.45833333333125,0.0,0.0
2021-01-28,30.7083311167713,-99.45833333333125,0.0,0.0
2021-01-29,30.7083311167713,-99.45833333333125,0.0,0.0
2021-01-30,30.7083311167713,-99.45833333333125,0.0,0.0
2021-01-31,30.7083311167713,-99.45833333333125,0.0,0.0
2021-02-01,30.7083311167713,-99.45833333333125,0.0,0.0
2021-02-02,30.7083311167713,-99.45833333333125,0.0,0.0
2021-02-03,30.7083311167713,-99.45833333333125,0.0,0.0
2021-02-04,30.7083311167713,-99.45833333333125,0.0,0.0
2021-02-05,30.7083311167713,-99.45833333333125,0.0,0.0
2021-02-06,30.7083311167713,-99.45833333333125,0.0,0.0
2021-02-07,30.7083311167713,-99.45833333333125,0.0,0.0
2021-02-08,30.7083311167713,-99.45833333333125,0.0,0.0
2021-02-09,30.7083311167713,-99.45833333333125,0.0,0.0
2021-02-10,30.7083311167713,-99.45833333333125,0.0,0.0
2021-02-11,30.7083311167713,-99.45833333333125,0.0,0.08
2021-02-12,30.7083311167713,-99.45833333333125,0.0,0.0
2021-02-13,30.7083311167713,-99.45833333333125,0.0,0.0
2021-02-14,30.7083311167713,-99.45833333333125,0.0,0.0
2021-02-15,30.7083311167713,-99.45833333333125,0.0,0.0
2021-02-16,30.7083311167713,-99.45833333333125,0.08,0.0
2021-02-17,30.7083311167713,-99.45833333333125,0.4,0.63
2021-02-18,30.7083311167713,-99.45833333333125,0.0,0.0
2021-02-19,30.7083311167713,-99.45833333333125,0.41,0.2
2021-02-20,30.7083311167713,-99.45833333333125,0.0,0.0
2021-02-21,30.7083311167713,-99.45833333333125,0.0,0.0
2021-02-22,30.7083311167713,-99.45833333333125,0.0,0.0
2021-02-23,30.7083311167713,-99.45833333333125,0.0,0.0
2021-02-24,30.7083311167713,-99.45833333333125,0.0,0.0
2021-02-25,30.7083311167713,-99.45833333333125,0.0,0.0
2021-02-26,30.7083311167713,-99.45833333333125,0.0,0.0
2021-02-27,30.7083311167713,-99.45833333333125,0.0,0.0
2021-02-28,30.7083311167713,-99.45833333333125,0.0,0.0
2021-03-01,30.7083311167713,-99.45833333333125,0.08,0.09
2021-03-02,30.7083311167713,-99.45833333333125,0.0,0.0
2021-03-03,30.7083311167713,-99.45833333333125,0.0,0.0
2021-03-04,30.7083311167713,-99.45833333333125,0.0,0.0
2021-03-05,30.7083311167713,-99.45833333333125,0.0,0.0
2021-03-06,30.7083311167713,-99.45833333333125,0.0,0.0
2021-03-07,30.7083311167713,-99.45833333333125,0.0,0.0
2021-03-08,30.7083311167713,-99.45833333333125,0.0,0.0
2021-03-09,30.7083311167713,-99.45833333333125,0.0,0.0
2021-03-10,30.7083311167713,-99.45833333333125,0.0,0.0
2021-03-11,30.7083311167713,-99.45833333333125,0.0,0.0
2021-03-12,30.7083311167713,-99.45833333333125,0.0,0.0
2021-03-13,30.7083311167713,-99.45833333333125,0.0,0.03
2021-03-14,30.7083311167713,-99.45833333333125,0.03,0.06
2021-03-15,30.7083311167713,-99.45833333333125,0.0,0.0
2021-03-16,30.7083311167713,-99.45833333333125,0.0,0.0
2021-03-17,30.7083311167713,-99.45833333333125,0.02,0.08
2021-03-18,30.7083311167713,-99.45833333333125,0.0,0.0
2021-03-19,30.7083311167713,-99.45833333333125,0.0,0.0
2021-03-20,30.7083311167713,-99.45833333333125,0.0,0.0
2021-03-21,30.7083311167713,-99.45833333333125,0.0,0.0
2021-03-22,30.7083311167713,-99.45833333333125,0.0,0.01
2021-03-23,30.7083311167713,-99.45833333333125,0.0,0.0
2021-03-24,30.7083311167713,-99.45833333333125,0.61,0.76
2021-03-25,30.7083311167713,-99.45833333333125,0.28,0.32
2021-03-26,30.7083311167713,-99.45833333333125,0.0,0.0
2021-03-27,30.7083311167713,-99.45833333333125,0.0,0.0
2021-03-28,30.7083311167713,-99.45833333333125,0.0,0.0
2021-03-29,30.7083311167713,-99.45833333333125,0.0,0.0
2021-03-30,30.7083311167713,-99.45833333333125,0.0,0.0
2021-03-31,30.7083311167713,-99.45833333333125,0.0,0.0
2021-04-01,30.7083311167713,-99.45833333333125,0.0,0.0
2021-04-02,30.7083311167713,-99.45833333333125,0.0,0.0
2021-04-03,30.7083311167713,-99.45833333333125,0.0,0.0
2021-04-04,30.7083311167713,-99.45833333333125,0.06,0.18
2021-04-05,30.7083311167713,-99.45833333333125,0.0,0.0
2021-04-06,30.7083311167713,-99.45833333333125,0.0,0.0
2021-04-07,30.7083311167713,-99.45833333333125,0.0,0.0
2021-04-08,30.7083311167713,-99.45833333333125,0.0,0.0
2021-04-09,30.7083311167713,-99.45833333333125,0.0,0.0
2021-04-10,30.7083311167713,-99.45833333333125,0.0,0.0
2021-04-11,30.7083311167713,-99.45833333333125,0.0,0.0
2021-04-12,30.7083311167713,-99.45833333333125,0.0,0.12
2021-04-13,30.7083311167713,-99.45833333333125,0.0,0.0
2021-04-14,30.7083311167713,-99.45833333333125,0.0,0.0
2021-04-15,30.7083311167713,-99.45833333333125,0.15,0.39
2021-04-16,30.7083311167713,-99.45833333333125,0.03,0.02
2021-04-17,30.7083311167713,-99.45833333333125,0.02,0.0
2021-04-18,30.7083311167713,-99.45833333333125,0.0,0.0
2021-04-19,30.7083311167713,-99.45833333333125,0.02,0.02
2021-04-20,30.7083311167713,-99.45833333333125,0.01,0.01
2021-04-21,30.7083311167713,-99.45833333333125,0.0,0.0
2021-04-22,30.7083311167713,-99.45833333333125,0.0,0.0
2021-04-23,30.7083311167713,-99.45833333333125,0.04,0.0
2021-04-24,30.7083311167713,-99.45833333333125,0.0,0.0
2021-04-25,30.7083311167713,-99.45833333333125,0.0,0.0
2021-04-26,30.7083311167713,-99.45833333333125,0.0,0.0
2021-04-27,30.7083311167713,-99.45833333333125,0.0,0.0
2021-04-28,30.7083311167713,-99.45833333333125,0.03,0.05
2021-04-29,30.7083311167713,-99.45833333333125,0.08,0.11
2021-04-30,30.7083311167713,-99.45833333333125,0.15,0.09
2021-05-01,30.7083311167713,-99.45833333333125,1.34,1.46
2021-05-02,30.7083311167713,-99.45833333333125,0.02,0.02
2021-05-03,30.7083311167713,-99.45833333333125,0.0,0.0
2021-05-04,30.7083311167713,-99.45833333333125,0.0,0.0
2021-05-05,30.7083311167713,-99.45833333333125,0.0,0.0
2021-05-06,30.7083311167713,-99.45833333333125,0.0,0.0
2021-05-07,30.7083311167713,-99.45833333333125,0.0,0.0
2021-05-08,30.7083311167713,-99.45833333333125,0.0,0.0
2021-05-09,30.7083311167713,-99.45833333333125,0.0,0.0
2021-05-10,30.7083311167713,-99.45833333333125,0.05,0.16
2021-05-11,30.7083311167713,-99.45833333333125,0.04,0.04
2021-05-12,30.7083311167713,-99.45833333333125,0.0,0.0
2021-05-13,30.7083311167713,-99.45833333333125,0.0,0.0
2021-05-14,30.7083311167713,-99.45833333333125,0.0,0.0
2021-05-15,30.7083311167713,-99.45833333333125,0.0,0.01
2021-05-16,30.7083311167713,-99.45833333333125,0.07,0.05
2021-05-17,30.7083311167713,-99.45833333333125,0.05,0.02
2021-05-18,30.7083311167713,-99.45833333333125,0.05,0.12
2021-05-19,30.7083311167713,-99.45833333333125,0.0,0.0
2021-05-20,30.7083311167713,-99.45833333333125,0.0,0.0
2021-05-21,30.7083311167713,-99.45833333333125,0.0,0.0
2021-05-22,30.7083311167713,-99.45833333333125,0.27,0.08
2021-05-23,30.7083311167713,-99.45833333333125,0.01,0.01
2021-05-24,30.7083311167713,-99.45833333333125,0.04,0.03
2021-05-25,30.7083311167713,-99.45833333333125,0.0,0.0
2021-05-26,30.7083311167713,-99.45833333333125,0.0,0.0
2021-05-27,30.7083311167713,-99.45833333333125,0.01,0.0
2021-05-28,30.7083311167713,-99.45833333333125,0.29,0.27
2021-05-29,30.7083311167713,-99.45833333333125,0.69,0.63
2021-05-30,30.7083311167713,-99.45833333333125,0.0,0.0
2021-05-31,30.7083311167713,-99.45833333333125,0.47,0.65
2021-06-01,30.7083311167713,-99.45833333333125,0.02,0.01
2021-06-02,30.7083311167713,-99.45833333333125,0.03,0.26
2021-06-03,30.7083311167713,-99.45833333333125,1.56,1.09
2021-06-04,30.7083311167713,-99.45833333333125,0.0,0.0
2021-06-05,30.7083311167713,-99.45833333333125,0.0,0.0
2021-06-06,30.7083311167713,-99.45833333333125,0.0,0.0
2021-06-07,30.7083311167713,-99.45833333333125,0.0,0.0
2021-06-08,30.7083311167713,-99.45833333333125,0.02,0.05
2021-06-09,30.7083311167713,-99.45833333333125,0.0,0.0
2021-06-10,30.7083311167713,-99.45833333333125,0.0,0.0
2021-06-11,30.7083311167713,-99.45833333333125,0.0,0.0
2021-06-12,30.7083311167713,-99.45833333333125,0.0,0.0
2021-06-13,30.7083311167713,-99.45833333333125,0.0,0.0
2021-06-14,30.7083311167713,-99.45833333333125,0.0,0.0
2021-06-15,30.7083311167713,-99.45833333333125,0.0,0.0
2021-06-16,30.7083311167713,-99.45833333333125,0.0,0.0
2021-06-17,30.7083311167713,-99.45833333333125,0.0,0.0
2021-06-18,30.7083311167713,-99.45833333333125,0.0,0.0
2021-06-19,30.7083311167713,-99.45833333333125,0.0,0.0
2021-06-20,30.7083311167713,-99.45833333333125,0.0,0.0
2021-06-21,30.7083311167713,-99.45833333333125,0.0,0.0
2021-06-22,30.7083311167713,-99.45833333333125,0.01,0.0
2021-06-23,30.7083311167713,-99.45833333333125,0.0,0.0
2021-06-24,30.7083311167713,-99.45833333333125,0.0,0.0
2021-06-25,30.7083311167713,-99.45833333333125,0.0,0.0
2021-06-26,30.7083311167713,-99.45833333333125,0.0,0.0
2021-06-27,30.7083311167713,-99.45833333333125,0.0,0.0
2021-06-28,30.7083311167713,-99.45833333333125,0.0,0.0
2021-06-29,30.7083311167713,-99.45833333333125,0.07,0.14
2021-06-30,30.7083311167713,-99.45833333333125,0.3,0.08
2021-07-01,30.7083311167713,-99.45833333333125,0.0,0.0
2021-07-02,30.7083311167713,-99.45833333333125,0.59,0.0
2021-07-03,30.7083311167713,-99.45833333333125,0.0,0.0
2021-07-04,30.7083311167713,-99.45833333333125,0.0,0.13
2021-07-05,30.7083311167713,-99.45833333333125,0.3,0.25
2021-07-06,30.7083311167713,-99.45833333333125,0.23,0.39
2021-07-07,30.7083311167713,-99.45833333333125,0.0,0.0
2021-07-08,30.7083311167713,-99.45833333333125,0.0,0.0
2021-07-09,30.7083311167713,-99.45833333333125,0.33,0.47
2021-07-10,30.7083311167713,-99.45833333333125,0.1,0.22
2021-07-11,30.7083311167713,-99.45833333333125,0.0,0.0
2021-07-12,30.7083311167713,-99.45833333333125,0.0,0.07
2021-07-13,30.7083311167713,-99.45833333333125,0.0,0.01
2021-07-14,30.7083311167713,-99.45833333333125,0.0,0.0
2021-07-15,30.7083311167713,-99.45833333333125,0.0,0.0
2021-07-16,30.7083311167713,-99.45833333333125,0.0,0.0
2021-07-17,30.7083311167713,-99.45833333333125,0.0,0.0
2021-07-18,30.7083311167713,-99.45833333333125,0.0,0.0
2021-07-19,30.7083311167713,-99.45833333333125,0.46,0.29
2021-07-20,30.7083311167713,-99.45833333333125,0.02,0.01
2021-07-21,30.7083311167713,-99.45833333333125,0.0,0.0
2021-07-22,30.7083311167713,-99.45833333333125,0.0,0.0
2021-07-23,30.7083311167713,-99.45833333333125,0.0,0.0
2021-07-24,30.7083311167713,-99.45833333333125,0.0,0.0
2021-07-25,30.7083311167713,-99.45833333333125,0.0,0.0
2021-07-26,30.7083311167713,-99.45833333333125,0.0,0.0
2021-07-27,30.7083311167713,-99.45833333333125,0.0,0.0
2021-07-28,30.7083311167713,-99.45833333333125,0.0,0.03
2021-07-29,30.7083311167713,-99.45833333333125,0.0,0.0
2021-07-30,30.7083311167713,-99.45833333333125,0.0,0.0
2021-07-31,30.7083311167713,-99.45833333333125,0.0,0.0
2021-08-01,30.7083311167713,-99.45833333333125,0.11,0.59
2021-08-02,30.7083311167713,-99.45833333333125,0.53,0.5
2021-08-03,30.7083311167713,-99.45833333333125,0.0,0.0
2021-08-04,30.7083311167713,-99.45833333333125,0.0,0.0
2021-08-05,30.7083311167713,-99.45833333333125,0.0,0.0
2021-08-06,30.7083311167713,-99.45833333333125,0.29,0.0
2021-08-07,30.7083311167713,-99.45833333333125,0.0,0.0
2021-08-08,30.7083311167713,-99.45833333333125,0.0,0.0
2021-08-09,30.7083311167713,-99.45833333333125,0.0,0.0
2021-08-10,30.7083311167713,-99.45833333333125,0.0,0.0
2021-08-11,30.7083311167713,-99.45833333333125,0.0,0.0
2021-08-12,30.7083311167713,-99.45833333333125,0.0,0.0
2021-08-13,30.7083311167713,-99.45833333333125,0.0,0.0
2021-08-14,30.7083311167713,-99.45833333333125,0.0,0.2
2021-08-15,30.7083311167713,-99.45833333333125,0.08,0.07
2021-08-16,30.7083311167713,-99.45833333333125,0.0,0.14
2021-08-17,30.7083311167713,-99.45833333333125,0.59,0.41
2021-08-18,30.7083311167713,-99.45833333333125,0.01,0.02
2021-08-19,30.7083311167713,-99.45833333333125,0.0,0.0
2021-08-20,30.7083311167713,-99.45833333333125,0.0,0.0
2021-08-21,30.7083311167713,-99.45833333333125,0.0,0.0
2021-08-22,30.7083311167713,-99.45833333333125,0.0,0.0
2021-08-23,30.7083311167713,-99.45833333333125,0.0,0.0
2021-08-24,30.7083311167713,-99.45833333333125,0.0,0.0
2021-08-25,30.7083311167713,-99.45833333333125,0.0,0.0
2021-08-26,30.7083311167713,-99.45833333333125,0.36,0.14
2021-08-27,30.7083311167713,-99.45833333333125,0.01,0.04
2021-08-28,30.7083311167713,-99.45833333333125,0.01,0.06
2021-08-29,30.7083311167713,-99.45833333333125,0.0,0.49
2021-08-30,30.7083311167713,-99.45833333333125,0.75,0.67
2021-08-31,30.7083311167713,-99.45833333333125,0.01,0.01
2021-09-01,30.7083311167713,-99.45833333333125,0.0,0.0
2021-09-02,30.7083311167713,-99.45833333333125,0.0,0.0
2021-09-03,30.7083311167713,-99.45833333333125,0.0,0.0
2021-09-04,30.7083311167713,-99.45833333333125,0.0,0.0
2021-09-05,30.7083311167713,-99.45833333333125,0.05,0.03
2021-09-06,30.7083311167713,-99.45833333333125,0.68,0.12
2021-09-07,30.7083311167713,-99.45833333333125,0.0,0.0
2021-09-08,30.7083311167713,-99.45833333333125,0.06,0.36
2021-09-09,30.7083311167713,-99.45833333333125,0.01,0.01
2021-09-10,30.7083311167713,-99.45833333333125,0.0,0.0
2021-09-11,30.7083311167713,-99.45833333333125,0.0,0.0
2021-09-12,30.7083311167713,-99.45833333333125,0.0,0.0
2021-09-13,30.7083311167713,-99.45833333333125,0.03,0.03
2021-09-14,30.7083311167713,-99.45833333333125,0.0,0.0
2021-09-15,30.7083311167713,-99.45833333333125,0.0,0.0
2021-09-16,30.7083311167713,-99.45833333333125,0.0,0.0
2021-09-17,30.7083311167713,-99.45833333333125,0.0,0.0
2021-09-18,30.7083311167713,-99.45833333333125,0.0,0.0
2021-09-19,30.7083311167713,-99.45833333333125,0.0,0.0
2021-09-20,30.7083311167713,-99.45833333333125,0.0,0.0
2021-09-21,30.7083311167713,-99.45833333333125,0.0,0.01
2021-09-22,30.7083311167713,-99.45833333333125,0.0,0.0
2021-09-23,30.7083311167713,-99.45833333333125,0.0,0.0
2021-09-24,30.7083311167713,-99.45833333333125,0.0,0.0
2021-09-25,30.7083311167713,-99.45833333333125,0.0,0.0
2021-09-26,30.7083311167713,-99.45833333333125,0.0,0.0
2021-09-27,30.7083311167713,-99.45833333333125,0.0,0.0
2021-09-28,30.7083311167713,-99.45833333333125,0.2,1.59
2021-09-29,30.7083311167713,-99.45833333333125,0.71,0.65
2021-09-30,30.7083311167713,-99.45833333333125,1.83,1.27
2021-10-01,30.7083311167713,-99.45833333333125,0.45,0.63
2021-10-02,30.7083311167713,-99.45833333333125,0.0,0.0
2021-10-03,30.7083311167713,-99.45833333333125,0.0,0.0
2021-10-04,30.7083311167713,-99.45833333333125,0.0,0.0
2021-10-05,30.7083311167713,-99.45833333333125,0.0,0.0
2021-10-06,30.7083311167713,-99.45833333333125,0.0,0.0
2021-10-07,30.7083311167713,-99.45833333333125,0.0,0.0
2021-10-08,30.7083311167713,-99.45833333333125,0.0,0.0
2021-10-09,30.7083311167713,-99.45833333333125,0.0,0.0
2021-10-10,30.7083311167713,-99.45833333333125,0.0,0.0
2021-10-11,30.7083311167713,-99.45833333333125,0.0,0.0
2021-10-12,30.7083311167713,-99.45833333333125,0.0,0.0
2021-10-13,30.7083311167713,-99.45833333333125,0.72,0.86
2021-10-14,30.7083311167713,-99.45833333333125,0.0,0.0
2021-10-15,30.7083311167713,-99.45833333333125,0.0,0.0
2021-10-16,30.7083311167713,-99.45833333333125,0.0,0.0
2021-10-17,30.7083311167713,-99.45833333333125,0.0,0.0
2021-10-18,30.7083311167713,-99.45833333333125,0.0,0.0
2021-10-19,30.7083311167713,-99.45833333333125,0.0,0.0
2021-10-20,30.7083311167713,-99.45833333333125,0.0,0.0
2021-10-21,30.7083311167713,-99.45833333333125,0.0,0.0
2021-10-22,30.7083311167713,-99.45833333333125,0.0,0.0
2021-10-23,30.7083311167713,-99.45833333333125,0.0,0.0
2021-10-24,30.7083311167713,-99.45833333333125,0.0,0.0
2021-10-25,30.7083311167713,-99.45833333333125,0.0,0.0
2021-10-26,30.7083311167713,-99.45833333333125,0.0,0.0
2021-10-27,30.7083311167713,-99.45833333333125,0.28,0.4
2021-10-28,30.7083311167713,-99.45833333333125,0.0,0.0
2021-10-29,30.7083311167713,-99.45833333333125,0.0,0.0
2021-10-30,30.7083311167713,-99.45833333333125,0.0,0.0
2021-10-31,30.7083311167713,-99.45833333333125,0.0,0.0
2021-11-01,30.7083311167713,-99.45833333333125,0.0,0.0
2021-11-02,30.7083311167713,-99.45833333333125,0.0,0.0
2021-11-03,30.7083311167713,-99.45833333333125,1.08,0.73
2021-11-04,30.7083311167713,-99.45833333333125,0.01,0.0
2021-11-05,30.7083311167713,-99.45833333333125,0.0,0.0
2021-11-06,30.7083311167713,-99.45833333333125,0.0,0.0
2021-11-07,30.7083311167713,-99.45833333333125,0.0,0.0
2021-11-08,30.7083311167713,-99.45833333333125,0.0,0.0
2021-11-09,30.7083311167713,-99.45833333333125,0.0,0.0
2021-11-10,30.7083311167713,-99.45833333333125,0.0,0.0
2021-11-11,30.7083311167713,-99.45833333333125,0.0,0.0
2021-11-12,30.7083311167713,-99.45833333333125,0.0,0.0
2021-11-13,30.7083311167713,-99.45833333333125,0.0,0.0
2021-11-14,30.7083311167713,-99.45833333333125,0.0,0.0
2021-11-15,30.7083311167713,-99.45833333333125,0.0,0.0
2021-11-16,30.7083311167713,-99.45833333333125,0.0,0.0
2021-11-17,30.7083311167713,-99.45833333333125,0.0,0.0
2021-11-18,30.7083311167713,-99.45833333333125,0.0,0.0
2021-11-19,30.7083311167713,-99.45833333333125,0.0,0.0
2021-11-20,30.7083311167713,-99.45833333333125,0.0,0.0
2021-11-21,30.7083311167713,-99.45833333333125,0.0,0.0
2021-11-22,30.7083311167713,-99.45833333333125,0.0,0.0
2021-11-23,30.7083311167713,-99.45833333333125,0.0,0.0
2021-11-24,30.7083311167713,-99.45833333333125,0.0,0.0
2021-11-25,30.7083311167713,-99.45833333333125,0.0,0.0
2021-11-26,30.7083311167713,-99.45833333333125,0.0,0.0
2021-11-27,30.7083311167713,-99.45833333333125,0.05,0.05
2021-11-28,30.7083311167713,-99.45833333333125,0.01,0.0
2021-11-29,30.7083311167713,-99.45833333333125,0.0,0.0
2021-11-30,30.7083311167713,-99.45833333333125,0.0,0.0
2021-12-01,30.7083311167713,-99.45833333333125,0.0,0.0
2021-12-02,30.7083311167713,-99.45833333333125,0.0,0.0
2021-12-03,30.7083311167713,-99.45833333333125,0.0,0.0
2021-12-04,30.7083311167713,-99.45833333333125,0.0,0.0
2021-12-05,30.7083311167713,-99.45833333333125,0.0,0.0
2021-12-06,30.7083311167713,-99.45833333333125,0.0,0.0
2021-12-07,30.7083311167713,-99.45833333333125,0.0,0.0
2021-12-08,30.7083311167713,-99.45833333333125,0.0,0.0
2021-12-09,30.7083311167713,-99.45833333333125,0.0,0.0
2021-12-10,30.7083311167713,-99.45833333333125,0.0,0.0
2021-12-11,30.7083311167713,-99.45833333333125,0.0,0.0
2021-12-12,30.7083311167713,-99.45833333333125,0.0,0.0
2021-12-13,30.7083311167713,-99.45833333333125,0.0,0.0
2021-12-14,30.7083311167713,-99.45833333333125,0.0,0.0
2021-12-15,30.7083311167713,-99.45833333333125,0.0,0.0
2021-12-16,30.7083311167713,-99.45833333333125,0.0,0.0
2021-12-17,30.7083311167713,-99.45833333333125,0.0,0.0
2021-12-18,30.7083311167713,-99.45833333333125,0.01,0.03
2021-12-19,30.7083311167713,-99.45833333333125,0.02,0.03
2021-12-20,30.7083311167713,-99.45833333333125,0.0,0.0
2021-12-21,30.7083311167713,-99.45833333333125,0.0,0.0
2021-12-22,30.7083311167713,-99.45833333333125,0.0,0.0
2021-12-23,30.7083311167713,-99.45833333333125,0.0,0.0
2021-12-24,30.7083311167713,-99.45833333333125,0.0,0.0
2021-12-25,30.7083311167713,-99.45833333333125,0.0,0.0
2021-12-26,30.7083311167713,-99.45833333333125,0.0,0.0
2021-12-27,30.7083311167713,-99.45833333333125,0.0,0.0
2021-12-28,30.7083311167713,-99.45833333333125,0.0,0.01
2021-12-29,30.7083311167713,-99.45833333333125,0.0,0.0
2021-12-30,30.7083311167713,-99.45833333333125,0.0,0.0
2021-12-31,30.7083311167713,-99.45833333333125,0.0,0.0
2022-01-01,30.7083311167713,-99.45833333333125,0.0,0.0
2022-01-02,30.7083311167713,-99.45833333333125,0.0,0.0
2022-01-03,30.7083311167713,-99.45833333333125,0.0,0.0
2022-01-04,30.7083311167713,-99.45833333333125,0.0,0.0
2022-01-05,30.7083311167713,-99.45833333333125,0.0,0.0
2022-01-06,30.7083311167713,-99.45833333333125,0.0,0.0
2022-01-07,30.7083311167713,-99.45833333333125,0.0,0.0
2022-01-08,30.7083311167713,-99.45833333333125,0.0,0.0
2022-01-09,30.7083311167713,-99.45833333333125,0.0,0.0
2022-01-10,30.7083311167713,-99.45833333333125,0.0,0.0
2022-01-11,30.7083311167713,-99.45833333333125,0.22,0.27
2022-01-12,30.7083311167713,-99.45833333333125,0.0,0.0
2022-01-13,30.7083311167713,-99.45833333333125,0.0,0.0
2022-01-14,30.7083311167713,-99.45833333333125,0.0,0.0
2022-01-15,30.7083311167713,-99.45833333333125,0.0,0.0
2022-01-16,30.7083311167713,-99.45833333333125,0.0,0.0
2022-01-17,30.7083311167713,-99.45833333333125,0.0,0.0
2022-01-18,30.7083311167713,-99.45833333333125,0.0,0.0
2022-01-19,30.7083311167713,-99.45833333333125,0.0,0.0
2022-01-20,30.7083311167713,-99.45833333333125,0.0,0.0
2022-01-21,30.7083311167713,-99.45833333333125,0.0,0.0
2022-01-22,30.7083311167713,-99.45833333333125,0.0,0.0
2022-01-23,30.7083311167713,-99.45833333333125,0.0,0.0
2022-01-24,30.7083311167713,-99.45833333333125,0.03,0.02
2022-01-25,30.7083311167713,-99.45833333333125,0.0,0.0
2022-01-26,30.7083311167713,-99.45833333333125,0.0,0.0
2022-01-27,30.7083311167713,-99.45833333333125,0.01,0.0
2022-01-28,30.7083311167713,-99.45833333333125,0.0,0.0
2022-01-29,30.7083311167713,-99.45833333333125,0.0,0.0
2022-01-30,30.7083311167713,-99.45833333333125,0.0,0.0
2022-01-31,30.7083311167713,-99.45833333333125,0.41,0.4
2022-02-01,30.7083311167713,-99.45833333333125,0.0,0.0
2022-02-02,30.7083311167713,-99.45833333333125,0.02,0.12
2022-02-03,30.7083311167713,-99.45833333333125,0.0,0.0
2022-02-04,30.7083311167713,-99.45833333333125,0.25,0.2
2022-02-05,30.7083311167713,-99.45833333333125,0.0,0.0
2022-02-06,30.7083311167713,-99.45833333333125,0.0,0.0
2022-02-07,30.7083311167713,-99.45833333333125,0.0,0.0
2022-02-08,30.7083311167713,-99.45833333333125,0.0,0.0
2022-02-09,30.7083311167713,-99.45833333333125,0.0,0.0
2022-02-10,30.7083311167713,-99.45833333333125,0.0,0.0
2022-02-11,30.7083311167713,-99.45833333333125,0.0,0.0
2022-02-12,30.7083311167713,-99.45833333333125,0.0,0.0
2022-02-13,30.7083311167713,-99.45833333333125,0.0,0.0
2022-02-14,30.7083311167713,-99.45833333333125,0.0,0.0
2022-02-15,30.7083311167713,-99.45833333333125,0.0,0.0
2022-02-16,30.7083311167713,-99.45833333333125,0.0,0.0
2022-02-17,30.7083311167713,-99.45833333333125,0.0,0.0
2022-02-18,30.7083311167713,-99.45833333333125,0.0,0.0
2022-02-19,30.7083311167713,-99.45833333333125,0.0,0.0
2022-02-20,30.7083311167713,-99.45833333333125,0.0,0.0
2022-02-21,30.7083311167713,-99.45833333333125,0.0,0.0
2022-02-22,30.7083311167713,-99.45833333333125,0.0,0.0
2022-02-23,30.7083311167713,-99.45833333333125,0.0,0.0
2022-02-24,30.7083311167713,-99.45833333333125,0.0,0.01
2022-02-25,30.7083311167713,-99.45833333333125,0.0,0.0
2022-02-26,30.7083311167713,-99.45833333333125,0.02,0.01
2022-02-27,30.7083311167713,-99.45833333333125,0.01,0.0
2022-02-28,30.7083311167713,-99.45833333333125,0.0,0.0
2022-03-01,30.7083311167713,-99.45833333333125,0.0,0.0
2022-03-02,30.7083311167713,-99.45833333333125,0.0,0.0
2022-03-03,30.7083311167713,-99.45833333333125,0.0,0.0
2022-03-04,30.7083311167713,-99.45833333333125,0.0,0.0
2022-03-05,30.7083311167713,-99.45833333333125,0.0,0.0
2022-03-06,30.7083311167713,-99.45833333333125,0.0,0.0
2022-03-07,30.7083311167713,-99.45833333333125,0.0,0.0
2022-03-08,30.7083311167713,-99.45833333333125,0.0,0.0
2022-03-09,30.7083311167713,-99.45833333333125,0.0,0.0
2022-03-10,30.7083311167713,-99.45833333333125,0.0,0.0
2022-03-11,30.7083311167713,-99.45833333333125,0.0,0.0
2022-03-12,30.7083311167713,-99.45833333333125,0.0,0.0
2022-03-13,30.7083311167713,-99.45833333333125,0.0,0.0
2022-03-14,30.7083311167713,-99.45833333333125,0.0,0.0
2022-03-15,30.7083311167713,-99.45833333333125,0.0,0.0
2022-03-16,30.7083311167713,-99.45833333333125,0.0,0.0
2022-03-17,30.7083311167713,-99.45833333333125,0.0,0.0
2022-03-18,30.7083311167713,-99.45833333333125,0.0,0.0
2022-03-19,30.7083311167713,-99.45833333333125,0.0,0.0
2022-03-20,30.7083311167713,-99.45833333333125,0.0,0.0
2022-03-21,30.7083311167713,-99.45833333333125,0.0,0.04
2022-03-22,30.7083311167713,-99.45833333333125,0.0,0.0
2022-03-23,30.7083311167713,-99.45833333333125,0.0,0.0
2022-03-24,30.7083311167713,-99.45833333333125,0.0,0.0
2022-03-25,30.7083311167713,-99.45833333333125,0.0,0.0
2022-03-26,30.7083311167713,-99.45833333333125,0.0,0.0
2022-03-27,30.7083311167713,-99.45833333333125,0.0,0.0
2022-03-28,30.7083311167713,-99.45833333333125,0.0,0.0
2022-03-29,30.7083311167713,-99.45833333333125,0.0,0.0
2022-03-30,30.7083311167713,-99.45833333333125,0.03,0.06
2022-03-31,30.7083311167713,-99.45833333333125,0.0,0.0
2022-04-01,30.7083311167713,-99.45833333333125,0.0,0.0
2022-04-02,30.7083311167713,-99.45833333333125,0.0,0.0
2022-04-03,30.7083311167713,-99.45833333333125,0.0,0.0
2022-04-04,30.7083311167713,-99.45833333333125,0.0,0.0
2022-04-05,30.7083311167713,-99.45833333333125,0.0,0.0
2022-04-06,30.7083311167713,-99.45833333333125,0.0,0.0
2022-04-07,30.7083311167713,-99.45833333333125,0.0,0.0
2022-04-08,30.7083311167713,-99.45833333333125,0.0,0.0
2022-04-09,30.7083311167713,-99.45833333333125,0.0,0.0
2022-04-10,30.7083311167713,-99.45833333333125,0.0,0.0
2022-04-11,30.7083311167713,-99.45833333333125,0.0,0.0
2022-04-12,30.7083311167713,-99.45833333333125,0.0,0.0
2022-04-13,30.7083311167713,-99.45833333333125,0.0,0.0
2022-04-14,30.7083311167713,-99.45833333333125,0.0,0.0
2022-04-15,30.7083311167713,-99.45833333333125,0.0,0.0
2022-04-16,30.7083311167713,-99.45833333333125,0.0,0.0
2022-04-17,30.7083311167713,-99.45833333333125,0.0,0.1
2022-04-18,30.7083311167713,-99.45833333333125,0.0,0.0
2022-04-19,30.7083311167713,-99.45833333333125,0.0,0.0
2022-04-20,30.7083311167713,-99.45833333333125,0.0,0.0
2022-04-21,30.7083311167713,-99.45833333333125,0.0,0.0
2022-04-22,30.7083311167713,-99.45833333333125,0.0,0.0
2022-04-23,30.7083311167713,-99.45833333333125,0.0,0.0
2022-04-24,30.7083311167713,-99.45833333333125,0.0,0.0
2022-04-25,30.7083311167713,-99.45833333333125,0.28,0.3
2022-04-26,30.7083311167713,-99.45833333333125,0.15,0.0
2022-04-27,30.7083311167713,-99.45833333333125,0.0,0.0
2022-04-28,30.7083311167713,-99.45833333333125,0.0,0.0
2022-04-29,30.7083311167713,-99.45833333333125,0.0,0.0
2022-04-30,30.7083311167713,-99.45833333333125,0.0,0.01
2022-05-01,30.7083311167713,-99.45833333333125,0.0,0.0
2022-05-02,30.7083311167713,-99.45833333333125,0.14,0.0
2022-05-03,30.7083311167713,-99.45833333333125,0.0,0.0
2022-05-04,30.7083311167713,-99.45833333333125,0.03,0.01
2022-05-05,30.7083311167713,-99.45833333333125,0.02,0.01
2022-05-06,30.7083311167713,-99.45833333333125,0.0,0.0
2022-05-07,30.7083311167713,-99.45833333333125,0.0,0.0
2022-05-08,30.7083311167713,-99.45833333333125,0.0,0.0
2022-05-09,30.7083311167713,-99.45833333333125,0.0,0.0
2022-05-10,30.7083311167713,-99.45833333333125,0.25,0.1
2022-05-11,30.7083311167713,-99.45833333333125,0.0,0.0
2022-05-12,30.7083311167713,-99.45833333333125,0.0,0.0
2022-05-13,30.7083311167713,-99.45833333333125,0.0,0.0
2022-05-14,30.7083311167713,-99.45833333333125,0.04,0.02
2022-05-15,30.7083311167713,-99.45833333333125,0.0,0.0
2022-05-16,30.7083311167713,-99.45833333333125,0.0,0.0
2022-05-17,30.7083311167713,-99.45833333333125,0.0,0.0
2022-05-18,30.7083311167713,-99.45833333333125,0.0,0.0
2022-05-19,30.7083311167713,-99.45833333333125,0.0,0.0
2022-05-20,30.7083311167713,-99.45833333333125,0.0,0.0
2022-05-21,30.7083311167713,-99.45833333333125,0.0,0.18
2022-05-22,30.7083311167713,-99.45833333333125,0.0,0.0
2022-05-23,30.7083311167713,-99.45833333333125,0.0,0.06
2022-05-24,30.7083311167713,-99.45833333333125,0.96,0.52
2022-05-25,30.7083311167713,-99.45833333333125,0.0,0.01
2022-05-26,30.7083311167713,-99.45833333333125,0.0,0.0
2022-05-27,30.7083311167713,-99.45833333333125,0.0,0.0
2022-05-28,30.7083311167713,-99.45833333333125,0.0,0.0
2022-05-29,30.7083311167713,-99.45833333333125,0.0,0.0
2022-05-30,30.7083311167713,-99.45833333333125,0.0,0.0
2022-05-31,30.7083311167713,-99.45833333333125,0.0,0.0
2022-06-01,30.7083311167713,-99.45833333333125,0.0,0.0
2022-06-02,30.7083311167713,-99.45833333333125,0.0,0.0
2022-06-03,30.7083311167713,-99.45833333333125,0.34,0.21
2022-06-04,30.7083311167713,-99.45833333333125,0.38,0.44
2022-06-05,30.7083311167713,-99.45833333333125,0.0,0.0
2022-06-06,30.7083311167713,-99.45833333333125,0.0,0.0
2022-06-07,30.7083311167713,-99.45833333333125,0.0,0.0
2022-06-08,30.7083311167713,-99.45833333333125,0.0,0.0
2022-06-09,30.7083311167713,-99.45833333333125,0.0,0.0
2022-06-10,30.7083311167713,-99.45833333333125,0.0,0.0
2022-06-11,30.7083311167713,-99.45833333333125,0.0,0.0
2022-06-12,30.7083311167713,-99.45833333333125,0.0,0.0
2022-06-13,30.7083311167713,-99.45833333333125,0.0,0.0
2022-06-14,30.7083311167713,-99.45833333333125,0.0,0.0
2022-06-15,30.7083311167713,-99.45833333333125,0.0,0.0
2022-06-16,30.7083311167713,-99.45833333333125,0.0,0.0
2022-06-17,30.7083311167713,-99.45833333333125,0.0,0.0
2022-06-18,30.7083311167713,-99.45833333333125,0.0,0.0
2022-06-19,30.7083311167713,-99.45833333333125,0.0,0.0
2022-06-20,30.7083311167713,-99.45833333333125,0.0,0.0
2022-06-21,30.7083311167713,-99.45833333333125,0.0,0.0
2022-06-22,30.7083311167713,-99.45833333333125,0.0,0.0
2022-06-23,30.7083311167713,-99.45833333333125,0.0,0.0
2022-06-24,30.7083311167713,-99.45833333333125,0.0,0.0
2022-06-25,30.7083311167713,-99.45833333333125,0.0,0.0
2022-06-26,30.7083311167713,-99.45833333333125,0.0,0.0
2022-06-27,30.7083311167713,-99.45833333333125,0.48,0.69
2022-06-28,30.7083311167713,-99.45833333333125,0.06,0.09
2022-06-29,30.7083311167713,-99.45833333333125,0.0,0.0
2022-06-30,30.7083311167713,-99.45833333333125,0.0,0.0
2022-07-01,30.7083311167713,-99.45833333333125,0.0,0.0
2022-07-02,30.7083311167713,-99.45833333333125,0.0,0.0
2022-07-03,30.7083311167713,-99.45833333333125,0.0,0.0
2022-07-04,30.7083311167713,-99.45833333333125,0.0,0.0
2022-07-05,30.7083311167713,-99.45833333333125,0.0,0.0
2022-07-06,30.7083311167713,-99.45833333333125,0.0,0.0
2022-07-07,30.7083311167713,-99.45833333333125,0.0,0.0
2022-07-08,30.7083311167713,-99.45833333333125,0.0,0.0
2022-07-09,30.7083311167713,-99.45833333333125,0.0,0.0
2022-07-10,30.7083311167713,-99.45833333333125,0.0,0.0
2022-07-11,30.7083311167713,-99.45833333333125,0.0,0.0
2022-07-12,30.7083311167713,-99.45833333333125,0.09,0.12
2022-07-13,30.7083311167713,-99.45833333333125,0.0,0.0
2022-07-14,30.7083311167713,-99.45833333333125,0.0,0.07
2022-07-15,30.7083311167713,-99.45833333333125,0.0,0.0
2022-07-16,30.7083311167713,-99.45833333333125,0.0,0.0
2022-07-17,30.7083311167713,-99.45833333333125,0.0,0.0
2022-07-18,30.7083311167713,-99.45833333333125,0.0,0.0
2022-07-19,30.7083311167713,-99.45833333333125,0.0,0.0
2022-07-20,30.7083311167713,-99.45833333333125,0.0,0.0
2022-07-21,30.7083311167713,-99.45833333333125,0.0,0.0
2022-07-22,30.7083311167713,-99.45833333333125,0.0,0.0
2022-07-23,30.7083311167713,-99.45833333333125,0.0,0.0
2022-07-24,30.7083311167713,-99.45833333333125,0.0,0.0
2022-07-25,30.7083311167713,-99.45833333333125,0.0,0.0
2022-07-26,30.7083311167713,-99.45833333333125,0.0,0.0
2022-07-27,30.7083311167713,-99.45833333333125,0.0,0.0
2022-07-28,30.7083311167713,-99.45833333333125,0.0,0.0
2022-07-29,30.7083311167713,-99.45833333333125,0.0,0.0
2022-07-30,30.7083311167713,-99.45833333333125,0.0,0.0
2022-07-31,30.7083311167713,-99.45833333333125,0.0,0.0
2022-08-01,30.7083311167713,-99.45833333333125,0.0,0.0
2022-08-02,30.7083311167713,-99.45833333333125,0.0,0.0
2022-08-03,30.7083311167713,-99.45833333333125,0.0,0.0
2022-08-04,30.7083311167713,-99.45833333333125,0.0,0.0
2022-08-05,30.7083311167713,-99.45833333333125,0.0,0.0
2022-08-06,30.7083311167713,-99.45833333333125,0.0,0.08
2022-08-07,30.7083311167713,-99.45833333333125,0.0,0.0
2022-08-08,30.7083311167713,-99.45833333333125,0.0,0.0
2022-08-09,30.7083311167713,-99.45833333333125,0.0,0.0
2022-08-10,30.7083311167713,-99.45833333333125,0.14,0.0
2022-08-11,30.7083311167713,-99.45833333333125,0.1,0.1
2022-08-12,30.7083311167713,-99.45833333333125,0.0,0.01
2022-08-13,30.7083311167713,-99.45833333333125,0.0,0.0
2022-08-14,30.7083311167713,-99.45833333333125,0.0,0.0
2022-08-15,30.7083311167713,-99.45833333333125,0.0,0.0
2022-08-16,30.7083311167713,-99.45833333333125,0.0,0.0
2022-08-17,30.7083311167713,-99.45833333333125,0.0,0.0
2022-08-18,30.7083311167713,-99.45833333333125,0.09,0.0
2022-08-19,30.7083311167713,-99.45833333333125,0.03,0.05
2022-08-20,30.7083311167713,-99.45833333333125,0.0,0.0
2022-08-21,30.7083311167713,-99.45833333333125,0.0,0.0
2022-08-22,30.7083311167713,-99.45833333333125,1.27,2.12
2022-08-23,30.7083311167713,-99.45833333333125,0.32,1.12
2022-08-24,30.7083311167713,-99.45833333333125,0.06,0.56
2022-08-25,30.7083311167713,-99.45833333333125,0.0,0.0
2022-08-26,30.7083311167713,-99.45833333333125,0.0,0.0
2022-08-27,30.7083311167713,-99.45833333333125,0.0,0.0
2022-08-28,30.7083311167713,-99.45833333333125,0.0,0.01
2022-08-29,30.7083311167713,-99.45833333333125,0.0,0.0
2022-08-30,30.7083311167713,-99.45833333333125,0.39,0.48
2022-08-31,30.7083311167713,-99.45833333333125,1.16,0.73
2022-09-01,30.7083311167713,-99.45833333333125,0.01,0.03
2022-09-02,30.7083311167713,-99.45833333333125,0.03,0.13
2022-09-03,30.7083311167713,-99.45833333333125,0.18,0.21
2022-09-04,30.7083311167713,-99.45833333333125,0.0,0.0
2022-09-05,30.7083311167713,-99.45833333333125,0.0,0.0
2022-09-06,30.7083311167713,-99.45833333333125,0.0,0.05
2022-09-07,30.7083311167713,-99.45833333333125,0.0,0.0
2022-09-08,30.7083311167713,-99.45833333333125,0.0,0.0
2022-09-09,30.7083311167713,-99.45833333333125,0.0,0.0
2022-09-10,30.7083311167713,-99.45833333333125,0.0,0.0
2022-09-11,30.7083311167713,-99.45833333333125,0.0,0.03
2022-09-12,30.7083311167713,-99.45833333333125,0.0,0.0
2022-09-13,30.7083311167713,-99.45833333333125,0.0,0.0
2022-09-14,30.7083311167713,-99.45833333333125,0.0,0.0
2022-09-15,30.7083311167713,-99.45833333333125,0.0,0.0
2022-09-16,30.7083311167713,-99.45833333333125,0.0,0.0
2022-09-17,30.7083311167713,-99.45833333333125,0.0,0.0
2022-09-18,30.7083311167713,-99.45833333333125,0.0,0.0
2022-09-19,30.7083311167713,-99.45833333333125,0.0,0.0
2022-09-20,30.7083311167713,-99.45833333333125,0.0,0.0
2022-09-21,30.7083311167713,-99.45833333333125,0.0,0.0
2022-09-22,30.7083311167713,-99.45833333333125,0.0,0.0
2022-09-23,30.7083311167713,-99.45833333333125,0.0,0.0
2022-09-24,30.7083311167713,-99.45833333333125,0.0,0.0
2022-09-25,30.7083311167713,-99.45833333333125,0.0,0.0
2022-09-26,30.7083311167713,-99.45833333333125,0.56,0.84
2022-09-27,30.7083311167713,-99.45833333333125,0.0,0.0
2022-09-28,30.7083311167713,-99.45833333333125,0.0,0.0
2022-09-29,30.7083311167713,-99.45833333333125,0.0,0.0
2022-09-30,30.7083311167713,-99.45833333333125,0.0,0.0
2022-10-01,30.7083311167713,-99.45833333333125,0.0,0.0
2022-10-02,30.7083311167713,-99.45833333333125,0.0,0.0
2022-10-03,30.7083311167713,-99.45833333333125,0.0,0.0
2022-10-04,30.7083311167713,-99.45833333333125,0.0,0.0
2022-10-05,30.7083311167713,-99.45833333333125,0.0,0.0
2022-10-06,30.7083311167713,-99.45833333333125,0.0,0.0
2022-10-07,30.7083311167713,-99.45833333333125,0.0,0.0
2022-10-08,30.7083311167713,-99.45833333333125,0.0,0.0
2022-10-09,30.7083311167713,-99.45833333333125,0.0,0.0
2022-10-10,30.7083311167713,-99.45833333333125,0.0,0.0
2022-10-11,30.7083311167713,-99.45833333333125,0.0,0.0
2022-10-12,30.7083311167713,-99.45833333333125,0.0,0.0
2022-10-13,30.7083311167713,-99.45833333333125,0.0,0.0
2022-10-14,30.7083311167713,-99.45833333333125,0.0,0.0
2022-10-15,30.7083311167713,-99.45833333333125,0.0,0.0
2022-10-16,30.7083311167713,-99.45833333333125,0.07,0.08
2022-10-17,30.7083311167713,-99.45833333333125,0.1,0.04
2022-10-18,30.7083311167713,-99.45833333333125,0.0,0.0
2022-10-19,30.7083311167713,-99.45833333333125,0.0,0.0
2022-10-20,30.7083311167713,-99.45833333333125,0.0,0.0
2022-10-21,30.7083311167713,-99.45833333333125,0.0,0.0
2022-10-22,30.7083311167713,-99.45833333333125,0.0,0.0
2022-10-23,30.7083311167713,-99.45833333333125,0.0,0.0
2022-10-24,30.7083311167713,-99.45833333333125,0.04,0.11
2022-10-25,30.7083311167713,-99.45833333333125,0.0,0.0
2022-10-26,30.7083311167713,-99.45833333333125,0.0,0.0
2022-10-27,30.7083311167713,-99.45833333333125,0.0,0.0
2022-10-28,30.7083311167713,-99.45833333333125,1.11,0.87
2022-10-29,30.7083311167713,-99.45833333333125,0.01,0.0
2022-10-30,30.7083311167713,-99.45833333333125,0.0,0.0
2022-10-31,30.7083311167713,-99.45833333333125,0.0,0.0
2022-11-01,30.7083311167713,-99.45833333333125,0.07,0.04
2022-11-02,30.7083311167713,-99.45833333333125,0.0,0.0
2022-11-03,30.7083311167713,-99.45833333333125,0.0,0.0
2022-11-04,30.7083311167713,-99.45833333333125,0.0,0.0
2022-11-05,30.7083311167713,-99.45833333333125,0.0,0.0
2022-11-06,30.7083311167713,-99.45833333333125,0.0,0.0
2022-11-07,30.7083311167713,-99.45833333333125,0.12,0.0
2022-11-08,30.7083311167713,-99.45833333333125,0.0,0.0
2022-11-09,30.7083311167713,-99.45833333333125,0.0,0.0
2022-11-10,30.7083311167713,-99.45833333333125,0.0,0.0
2022-11-11,30.7083311167713,-99.45833333333125,0.83,0.71
2022-11-12,30.7083311167713,-99.45833333333125,0.0,0.0
2022-11-13,30.7083311167713,-99.45833333333125,0.0,0.0
2022-11-14,30.7083311167713,-99.45833333333125,0.03,0.02
2022-11-15,30.7083311167713,-99.45833333333125,0.0,0.0
2022-11-16,30.7083311167713,-99.45833333333125,0.0,0.0
2022-11-17,30.7083311167713,-99.45833333333125,0.0,0.0
2022-11-18,30.7083311167713,-99.45833333333125,0.0,0.0
2022-11-19,30.7083311167713,-99.45833333333125,0.18,0.24
2022-11-20,30.7083311167713,-99.45833333333125,0.11,0.11
2022-11-21,30.7083311167713,-99.45833333333125,0.01,0.06
2022-11-22,30.7083311167713,-99.45833333333125,0.01,0.01
2022-11-23,30.7083311167713,-99.45833333333125,0.03,0.02
2022-11-24,30.7083311167713,-99.45833333333125,1.1,0.44
2022-11-25,30.7083311167713,-99.45833333333125,1.12,1.15
2022-11-26,30.7083311167713,-99.45833333333125,0.38,0.4
2022-11-27,30.7083311167713,-99.45833333333125,0.0,0.0
2022-11-28,30.7083311167713,-99.45833333333125,0.0,0.0
2022-11-29,30.7083311167713,-99.45833333333125,0.0,0.0
2022-11-30,30.7083311167713,-99.45833333333125,0.0,0.0
2022-12-01,30.7083311167713,-99.45833333333125,0.0,0.0
2022-12-02,30.7083311167713,-99.45833333333125,0.01,0.0
2022-12-03,30.7083311167713,-99.45833333333125,0.0,0.0
2022-12-04,30.7083311167713,-99.45833333333125,0.0,0.0
2022-12-05,30.7083311167713,-99.45833333333125,0.0,0.0
2022-12-06,30.7083311167713,-99.45833333333125,0.0,0.0
2022-12-07,30.7083311167713,-99.45833333333125,0.0,0.0
2022-12-08,30.7083311167713,-99.45833333333125,0.0,0.0
2022-12-09,30.7083311167713,-99.45833333333125,0.0,0.0
2022-12-10,30.7083311167713,-99.45833333333125,0.0,0.0
2022-12-11,30.7083311167713,-99.45833333333125,0.0,0.0
2022-12-12,30.7083311167713,-99.45833333333125,0.0,0.0
2022-12-13,30.7083311167713,-99.45833333333125,0.0,0.0
2022-12-14,30.7083311167713,-99.45833333333125,0.0,0.0
2022-12-15,30.7083311167713,-99.45833333333125,0.0,0.0
2022-12-16,30.7083311167713,-99.45833333333125,0.0,0.0
2022-12-17,30.7083311167713,-99.45833333333125,0.0,0.0
2022-12-18,30.7083311167713,-99.45833333333125,0.0,0.0
2022-12-19,30.7083311167713,-99.45833333333125,0.0,0.0
2022-12-20,30.7083311167713,-99.45833333333125,0.0,0.0
2022-12-21,30.7083311167713,-99.45833333333125,0.0,0.0
2022-12-22,30.7083311167713,-99.45833333333125,0.0,0.0
2022-12-23,30.7083311167713,-99.45833333333125,0.0,0.0
2022-12-24,30.7083311167713,-99.45833333333125,0.0,0.0
2022-12-25,30.7083311167713,-99.45833333333125,0.0,0.0
2022-12-26,30.7083311167713,-99.45833333333125,0.0,0.0
2022-12-27,30.7083311167713,-99.45833333333125,0.0,0.0
2022-12-28,30.7083311167713,-99.45833333333125,0.0,0.0
2022-12-29,30.7083311167713,-99.45833333333125,0.0,0.0
2022-12-30,30.7083311167713,-99.45833333333125,0.07,0.13
2022-12-31,30.7083311167713,-99.45833333333125,0.01,0.01
2023-01-01,30.7083311167713,-99.45833333333125,0.0,0.0
2023-01-02,30.7083311167713,-99.45833333333125,0.0,0.0
2023-01-03,30.7083311167713,-99.45833333333125,0.0,0.0
2023-01-04,30.7083311167713,-99.45833333333125,0.0,0.0
2023-01-05,30.7083311167713,-99.45833333333125,0.0,0.0
2023-01-06,30.7083311167713,-99.45833333333125,0.0,0.0
2023-01-07,30.7083311167713,-99.45833333333125,0.0,0.0
2023-01-08,30.7083311167713,-99.45833333333125,0.0,0.0
2023-01-09,30.7083311167713,-99.45833333333125,0.0,0.0
2023-01-10,30.7083311167713,-99.45833333333125,0.0,0.0
2023-01-11,30.7083311167713,-99.45833333333125,0.0,0.0
2023-01-12,30.7083311167713,-99.45833333333125,0.0,0.0
2023-01-13,30.7083311167713,-99.45833333333125,0.0,0.0
2023-01-14,30.7083311167713,-99.45833333333125,0.0,0.0
2023-01-15,30.7083311167713,-99.45833333333125,0.0,0.0
2023-01-16,30.7083311167713,-99.45833333333125,0.0,0.0
2023-01-17,30.7083311167713,-99.45833333333125,0.0,0.0
2023-01-18,30.7083311167713,-99.45833333333125,0.0,0.0
2023-01-19,30.7083311167713,-99.45833333333125,0.0,0.0
2023-01-20,30.7083311167713,-99.45833333333125,0.0,0.0
2023-01-21,30.7083311167713,-99.45833333333125,0.0,0.0
2023-01-22,30.7083311167713,-99.45833333333125,0.0,0.0
2023-01-23,30.7083311167713,-99.45833333333125,0.0,0.0
2023-01-24,30.7083311167713,-99.45833333333125,0.28,0.36
2023-01-25,30.7083311167713,-99.45833333333125,0.0,0.0
2023-01-26,30.7083311167713,-99.45833333333125,0.0,0.0
2023-01-27,30.7083311167713,-99.45833333333125,0.0,0.0
2023-01-28,30.7083311167713,-99.45833333333125,0.0,0.0
2023-01-29,30.7083311167713,-99.45833333333125,0.01,0.02
2023-01-30,30.7083311167713,-99.45833333333125,0.0,0.0
2023-01-31,30.7083311167713,-99.45833333333125,0.0,0.0
2023-02-01,30.7083311167713,-99.45833333333125,0.0,0.0
2023-02-02,30.7083311167713,-99.45833333333125,0.1,0.09
2023-02-03,30.7083311167713,-99.45833333333125,0.01,0.0
2023-02-04,30.7083311167713,-99.45833333333125,0.0,0.0
2023-02-05,30.7083311167713,-99.45833333333125,0.0,0.0
2023-02-06,30.7083311167713,-99.45833333333125,0.0,0.0
2023-02-07,30.7083311167713,-99.45833333333125,0.0,0.0
2023-02-08,30.7083311167713,-99.45833333333125,0.26,0.2
2023-02-09,30.7083311167713,-99.45833333333125,0.0,0.0
2023-02-10,30.7083311167713,-99.45833333333125,0.0,0.0
2023-02-11,30.7083311167713,-99.45833333333125,0.0,0.0
2023-02-12,30.7083311167713,-99.45833333333125,0.0,0.0
2023-02-13,30.7083311167713,-99.45833333333125,0.0,0.0
2023-02-14,30.7083311167713,-99.45833333333125,0.02,0.01
2023-02-15,30.7083311167713,-99.45833333333125,0.0,0.0
2023-02-16,30.7083311167713,-99.45833333333125,0.0,0.0
2023-02-17,30.7083311167713,-99.45833333333125,0.0,0.0
2023-02-18,30.7083311167713,-99.45833333333125,0.0,0.0
2023-02-19,30.7083311167713,-99.45833333333125,0.0,0.0
2023-02-20,30.7083311167713,-99.45833333333125,0.0,0.0
2023-02-21,30.7083311167713,-99.45833333333125,0.0,0.0
2023-02-22,30.7083311167713,-99.45833333333125,0.0,0.01
2023-02-23,30.7083311167713,-99.45833333333125,0.0,0.0
2023-02-24,30.7083311167713,-99.45833333333125,0.0,0.0
2023-02-25,30.7083311167713,-99.45833333333125,0.0,0.0
2023-02-26,30.7083311167713,-99.45833333333125,0.0,0.0
2023-02-27,30.7083311167713,-99.45833333333125,0.0,0.0
2023-02-28,30.7083311167713,-99.45833333333125,0.0,0.0
2023-03-01,30.7083311167713,-99.45833333333125,0.0,0.0
2023-03-02,30.7083311167713,-99.45833333333125,0.12,0.13
2023-03-03,30.7083311167713,-99.45833333333125,0.0,0.0
2023-03-04,30.7083311167713,-99.45833333333125,0.0,0.0
2023-03-05,30.7083311167713,-99.45833333333125,0.0,0.0
2023-03-06,30.7083311167713,-99.45833333333125,0.0,0.0
2023-03-07,30.7083311167713,-99.45833333333125,0.0,0.0
2023-03-08,30.7083311167713,-99.45833333333125,0.0,0.0
2023-03-09,30.7083311167713,-99.45833333333125,0.0,0.0
2023-03-10,30.7083311167713,-99.45833333333125,0.0,0.0
2023-03-11,30.7083311167713,-99.45833333333125,0.0,0.0
2023-03-12,30.7083311167713,-99.45833333333125,0.0,0.0
2023-03-13,30.7083311167713,-99.45833333333125,0.0,0.0
2023-03-14,30.7083311167713,-99.45833333333125,0.0,0.0
2023-03-15,30.7083311167713,-99.45833333333125,0.0,0.0
2023-03-16,30.7083311167713,-99.45833333333125,0.0,0.0
2023-03-17,30.7083311167713,-99.45833333333125,0.04,0.02
2023-03-18,30.7083311167713,-99.45833333333125,0.0,0.0
2023-03-19,30.7083311167713,-99.45833333333125,0.0,0.0
2023-03-20,30.7083311167713,-99.45833333333125,0.0,0.0
2023-03-21,30.7083311167713,-99.45833333333125,0.0,0.0
2023-03-22,30.7083311167713,-99.45833333333125,0.0,0.0
2023-03-23,30.7083311167713,-99.45833333333125,0.0,0.0
2023-03-24,30.7083311167713,-99.45833333333125,0.08,0.01
2023-03-25,30.7083311167713,-99.45833333333125,0.0,0.0
2023-03-26,30.7083311167713,-99.45833333333125,0.0,0.0
2023-03-27,30.7083311167713,-99.45833333333125,0.05,0.0
2023-03-28,30.7083311167713,-99.45833333333125,0.0,0.0
2023-03-29,30.7083311167713,-99.45833333333125,0.0,0.0
2023-03-30,30.7083311167713,-99.45833333333125,0.0,0.0
2023-03-31,30.7083311167713,-99.45833333333125,0.0,0.0
2023-04-01,30.7083311167713,-99.45833333333125,0.0,0.0
2023-04-02,30.7083311167713,-99.45833333333125,0.0,0.0
2023-04-03,30.7083311167713,-99.45833333333125,0.0,0.0
2023-04-04,30.7083311167713,-99.45833333333125,0.0,0.0
2023-04-05,30.7083311167713,-99.45833333333125,0.0,0.01
2023-04-06,30.7083311167713,-99.45833333333125,0.0,0.0
2023-04-07,30.7083311167713,-99.45833333333125,0.4,0.5
2023-04-08,30.7083311167713,-99.45833333333125,0.0,0.0
2023-04-09,30.7083311167713,-99.45833333333125,0.0,0.0
2023-04-10,30.7083311167713,-99.45833333333125,0.0,0.02
2023-04-11,30.7083311167713,-99.45833333333125,0.0,0.0
2023-04-12,30.7083311167713,-99.45833333333125,0.0,0.0
2023-04-13,30.7083311167713,-99.45833333333125,0.0,0.0
2023-04-14,30.7083311167713,-99.45833333333125,0.0,0.0
2023-04-15,30.7083311167713,-99.45833333333125,0.0,0.0
2023-04-16,30.7083311167713,-99.45833333333125,0.0,0.0
2023-04-17,30.7083311167713,-99.45833333333125,0.0,0.0
2023-04-18,30.7083311167713,-99.45833333333125,0.0,0.0
2023-04-19,30.7083311167713,-99.45833333333125,0.0,0.0
2023-04-20,30.7083311167713,-99.45833333333125,0.0,0.0
2023-04-21,30.7083311167713,-99.45833333333125,0.0,0.0
2023-04-22,30.7083311167713,-99.45833333333125,0.06,0.11
2023-04-23,30.7083311167713,-99.45833333333125,0.04,0.0
2023-04-24,30.7083311167713,-99.45833333333125,0.0,0.0
2023-04-25,30.7083311167713,-99.45833333333125,0.0,0.01
2023-04-26,30.7083311167713,-99.45833333333125,0.06,0.28
2023-04-27,30.7083311167713,-99.45833333333125,0.01,0.0
2023-04-28,30.7083311167713,-99.45833333333125,0.0,0.0
2023-04-29,30.7083311167713,-99.45833333333125,0.0,0.0
2023-04-30,30.7083311167713,-99.45833333333125,0.0,0.0
2023-05-01,30.7083311167713,-99.45833333333125,0.0,0.0
2023-05-02,30.7083311167713,-99.45833333333125,0.0,0.0
2023-05-03,30.7083311167713,-99.45833333333125,0.0,0.0
2023-05-04,30.7083311167713,-99.45833333333125,0.0,0.0
2023-05-05,30.7083311167713,-99.45833333333125,0.0,0.0
2023-05-06,30.7083311167713,-99.45833333333125,0.0,0.0
2023-05-07,30.7083311167713,-99.45833333333125,0.0,0.0
2023-05-08,30.7083311167713,-99.45833333333125,0.35,0.41
2023-05-09,30.7083311167713,-99.45833333333125,0.3,0.19
2023-05-10,30.7083311167713,-99.45833333333125,0.0,0.0
2023-05-11,30.7083311167713,-99.45833333333125,0.0,0.0
2023-05-12,30.7083311167713,-99.45833333333125,0.45,0.38
2023-05-13,30.7083311167713,-99.45833333333125,0.75,0.94
2023-05-14,30.7083311167713,-99.45833333333125,0.01,0.01
2023-05-15,30.7083311167713,-99.45833333333125,0.04,0.19
2023-05-16,30.7083311167713,-99.45833333333125,0.0,0.0
2023-05-17,30.7083311167713,-99.45833333333125,0.0,0.0
2023-05-18,30.7083311167713,-99.45833333333125,0.0,0.0
2023-05-19,30.7083311167713,-99.45833333333125,0.87,1.1
2023-05-20,30.7083311167713,-99.45833333333125,0.0,0.05
2023-05-21,30.7083311167713,-99.45833333333125,0.46,0.4
2023-05-22,30.7083311167713,-99.45833333333125,0.0,0.0
2023-05-23,30.7083311167713,-99.45833333333125,0.0,0.0
2023-05-24,30.7083311167713,-99.45833333333125,0.31,0.57
2023-05-25,30.7083311167713,-99.45833333333125,0.23,0.25
2023-05-26,30.7083311167713,-99.45833333333125,0.0,0.0
2023-05-27,30.7083311167713,-99.45833333333125,0.0,0.0
2023-05-28,30.7083311167713,-99.45833333333125,0.0,0.0
2023-05-29,30.7083311167713,-99.45833333333125,0.09,0.11
2023-05-30,30.7083311167713,-99.45833333333125,0.01,0.01
2023-05-31,30.7083311167713,-99.45833333333125,0.0,0.0
2023-06-01,30.7083311167713,-99.45833333333125,0.0,0.0
2023-06-02,30.7083311167713,-99.45833333333125,0.0,0.0
2023-06-03,30.7083311167713,-99.45833333333125,0.0,0.01
2023-06-04,30.7083311167713,-99.45833333333125,0.04,0.66
2023-06-05,30.7083311167713,-99.45833333333125,0.0,0.0
2023-06-06,30.7083311167713,-99.45833333333125,0.0,0.0
2023-06-07,30.7083311167713,-99.45833333333125,0.0,0.09
2023-06-08,30.7083311167713,-99.45833333333125,0.18,0.27
2023-06-09,30.7083311167713,-99.45833333333125,0.0,0.05
2023-06-10,30.7083311167713,-99.45833333333125,0.36,0.32
2023-06-11,30.7083311167713,-99.45833333333125,0.0,0.0
2023-06-12,30.7083311167713,-99.45833333333125,0.0,0.0
2023-06-13,30.7083311167713,-99.45833333333125,0.04,0.04
2023-06-14,30.7083311167713,-99.45833333333125,0.01,0.01
2023-06-15,30.7083311167713,-99.45833333333125,0.0,0.0
2023-06-16,30.7083311167713,-99.45833333333125,0.0,0.0
2023-06-17,30.7083311167713,-99.45833333333125,0.0,0.22
2023-06-18,30.7083311167713,-99.45833333333125,0.0,0.0
2023-06-19,30.7083311167713,-99.45833333333125,0.96,1.31
2023-06-20,30.7083311167713,-99.45833333333125,0.0,0.0
2023-06-21,30.7083311167713,-99.45833333333125,0.03,0.05
2023-06-22,30.7083311167713,-99.45833333333125,0.0,0.05
2023-06-23,30.7083311167713,-99.45833333333125,0.0,0.0
2023-06-24,30.7083311167713,-99.45833333333125,0.0,0.0
2023-06-25,30.7083311167713,-99.45833333333125,0.0,0.0
2023-06-26,30.7083311167713,-99.45833333333125,0.0,0.0
2023-06-27,30.7083311167713,-99.45833333333125,0.0,0.0
2023-06-28,30.7083311167713,-99.45833333333125,0.0,0.0
2023-06-29,30.7083311167713,-99.45833333333125,0.0,0.0
2023-06-30,30.7083311167713,-99.45833333333125,0.0,0.0
2023-07-01,30.7083311167713,-99.45833333333125,0.01,0.33
2023-07-02,30.7083311167713,-99.45833333333125,0.0,0.0
2023-07-03,30.7083311167713,-99.45833333333125,0.0,0.02
2023-07-04,30.7083311167713,-99.45833333333125,0.0,0.0
2023-07-05,30.7083311167713,-99.45833333333125,0.79,0.11
2023-07-06,30.7083311167713,-99.45833333333125,0.0,0.0
2023-07-07,30.7083311167713,-99.45833333333125,0.0,0.0
2023-07-08,30.7083311167713,-99.45833333333125,0.0,0.0
2023-07-09,30.7083311167713,-99.45833333333125,0.0,0.0
2023-07-10,30.7083311167713,-99.45833333333125,0.0,0.0
2023-07-11,30.7083311167713,-99.45833333333125,0.0,0.0
2023-07-12,30.7083311167713,-99.45833333333125,0.0,0.0
2023-07-13,30.7083311167713,-99.45833333333125,0.0,0.0
2023-07-14,30.7083311167713,-99.45833333333125,0.0,0.0
2023-07-15,30.7083311167713,-99.45833333333125,0.0,0.0
2023-07-16,30.7083311167713,-99.45833333333125,0.0,0.0
2023-07-17,30.7083311167713,-99.45833333333125,0.0,0.0
2023-07-18,30.7083311167713,-99.45833333333125,0.0,0.0
2023-07-19,30.7083311167713,-99.45833333333125,0.0,0.0
2023-07-20,30.7083311167713,-99.45833333333125,0.0,0.0
2023-07-21,30.7083311167713,-99.45833333333125,0.0,0.0
2023-07-22,30.7083311167713,-99.45833333333125,0.0,0.0
2023-07-23,30.7083311167713,-99.45833333333125,0.0,0.0
2023-07-24,30.7083311167713,-99.45833333333125,0.0,0.0
2023-07-25,30.7083311167713,-99.45833333333125,0.0,0.0
2023-07-26,30.7083311167713,-99.45833333333125,0.0,0.0
2023-07-27,30.7083311167713,-99.45833333333125,0.0,0.0
2023-07-28,30.7083311167713,-99.45833333333125,0.0,0.0
2023-07-29,30.7083311167713,-99.45833333333125,0.0,0.0
2023-07-30,30.7083311167713,-99.45833333333125,0.0,0.0
2023-07-31,30.7083311167713,-99.45833333333125,0.0,0.0
2023-08-01,30.7083311167713,-99.45833333333125,0.0,0.0
2023-08-02,30.7083311167713,-99.45833333333125,0.0,0.0
2023-08-03,30.7083311167713,-99.45833333333125,0.0,0.0
2023-08-04,30.7083311167713,-99.45833333333125,0.0,0.0
2023-08-05,30.7083311167713,-99.45833333333125,0.0,0.0
2023-08-06,30.7083311167713,-99.45833333333125,0.0,0.0
2023-08-07,30.7083311167713,-99.45833333333125,0.0,0.0
2023-08-08,30.7083311167713,-99.45833333333125,0.0,0.0
2023-08-09,30.7083311167713,-99.45833333333125,0.0,0.0
2023-08-10,30.7083311167713,-99.45833333333125,0.0,0.0
2023-08-11,30.7083311167713,-99.45833333333125,0.0,0.0
2023-08-12,30.7083311167713,-99.45833333333125,0.0,0.0
2023-08-13,30.7083311167713,-99.45833333333125,0.0,0.0
2023-08-14,30.7083311167713,-99.45833333333125,0.0,0.0
2023-08-15,30.7083311167713,-99.45833333333125,0.0,0.0
2023-08-16,30.7083311167713,-99.45833333333125,0.0,0.0
2023-08-17,30.7083311167713,-99.45833333333125,0.0,0.0
2023-08-18,30.7083311167713,-99.45833333333125,0.0,0.0
2023-08-19,30.7083311167713,-99.45833333333125,0.0,0.0
2023-08-20,30.7083311167713,-99.45833333333125,0.0,0.0
2023-08-21,30.7083311167713,-99.45833333333125,0.0,0.0
2023-08-22,30.7083311167713,-99.45833333333125,0.0,0.0
2023-08-23,30.7083311167713,-99.45833333333125,0.0,0.0
2023-08-24,30.7083311167713,-99.45833333333125,0.0,0.0
2023-08-25,30.7083311167713,-99.45833333333125,0.0,0.0
2023-08-26,30.7083311167713,-99.45833333333125,0.0,0.0
2023-08-27,30.7083311167713,-99.45833333333125,0.0,0.01
2023-08-28,30.7083311167713,-99.45833333333125,0.0,0.0
2023-08-29,30.7083311167713,-99.45833333333125,0.0,0.0
2023-08-30,30.7083311167713,-99.45833333333125,0.0,0.0
2023-08-31,30.7083311167713,-99.45833333333125,0.0,0.0
2023-09-01,30.7083311167713,-99.45833333333125,0.0,0.0
2023-09-02,30.7083311167713,-99.45833333333125,0.0,0.0
2023-09-03,30.7083311167713,-99.45833333333125,0.0,0.0
2023-09-04,30.7083311167713,-99.45833333333125,0.0,0.0
2023-09-05,30.7083311167713,-99.45833333333125,0.0,0.0
2023-09-06,30.7083311167713,-99.45833333333125,0.0,0.0
2023-09-07,30.7083311167713,-99.45833333333125,0.0,0.0
2023-09-08,30.7083311167713,-99.45833333333125,0.0,0.0
2023-09-09,30.7083311167713,-99.45833333333125,0.03,0.04
2023-09-10,30.7083311167713,-99.45833333333125,0.01,0.0
2023-09-11,30.7083311167713,-99.45833333333125,0.0,0.0
2023-09-12,30.7083311167713,-99.45833333333125,0.5,0.63
2023-09-13,30.7083311167713,-99.45833333333125,0.54,0.52
2023-09-14,30.7083311167713,-99.45833333333125,0.03,0.02
2023-09-15,30.7083311167713,-99.45833333333125,0.86,0.59
2023-09-16,30.7083311167713,-99.45833333333125,0.55,0.59
2023-09-17,30.7083311167713,-99.45833333333125,0.0,0.0
2023-09-18,30.7083311167713,-99.45833333333125,0.0,0.0
2023-09-19,30.7083311167713,-99.45833333333125,0.0,0.0
2023-09-20,30.7083311167713,-99.45833333333125,0.0,0.0
2023-09-21,30.7083311167713,-99.45833333333125,0.0,0.0
2023-09-22,30.7083311167713,-99.45833333333125,0.0,0.0
2023-09-23,30.7083311167713,-99.45833333333125,0.0,0.0
2023-09-24,30.7083311167713,-99.45833333333125,0.04,1.09
2023-09-25,30.7083311167713,-99.45833333333125,0.32,0.1
2023-09-26,30.7083311167713,-99.45833333333125,0.0,0.0
2023-09-27,30.7083311167713,-99.45833333333125,0.06,0.29
2023-09-28,30.7083311167713,-99.45833333333125,0.0,0.0
2023-09-29,30.7083311167713,-99.45833333333125,0.0,0.0
2023-09-30,30.7083311167713,-99.45833333333125,0.0,0.0
2023-10-01,30.7083311167713,-99.45833333333125,0.0,0.08
2023-10-02,30.7083311167713,-99.45833333333125,0.0,0.0
2023-10-03,30.7083311167713,-99.45833333333125,0.0,0.0
2023-10-04,30.7083311167713,-99.45833333333125,0.0,0.0
2023-10-05,30.7083311167713,-99.45833333333125,0.79,0.62
2023-10-06,30.7083311167713,-99.45833333333125,0.0,0.0
2023-10-07,30.7083311167713,-99.45833333333125,0.0,0.0
2023-10-08,30.7083311167713,-99.45833333333125,0.0,0.0
2023-10-09,30.7083311167713,-99.45833333333125,0.0,0.0
2023-10-10,30.7083311167713,-99.45833333333125,0.0,0.0
2023-10-11,30.7083311167713,-99.45833333333125,0.0,0.0
2023-10-12,30.7083311167713,-99.45833333333125,0.0,0.0
2023-10-13,30.7083311167713,-99.45833333333125,0.0,0.0
2023-10-14,30.7083311167713,-99.45833333333125,0.0,0.0
2023-10-15,30.7083311167713,-99.45833333333125,0.0,0.0
2023-10-16,30.7083311167713,-99.45833333333125,0.0,0.0
2023-10-17,30.7083311167713,-99.45833333333125,,
2023-10-18,30.7083311167713,-99.45833333333125,,
2023-10-19,30.7083311167713,-99.45833333333125,,
2023-10-20,30.7083311167713,-99.45833333333125,,
2023-10-21,30.7083311167713,-99.45833333333125,,
2023-10-22,30.7083311167713,-99.45833333333125,,
2023-10-23,30.7083311167713,-99.45833333333125,,
2023-10-24,30.7083311167713,-99.45833333333125,,
2023-10-25,30.7083311167713,-99.45833333333125,,
2023-10-26,30.7083311167713,-99.45833333333125,,
2023-10-27,30.7083311167713,-99.45833333333125,,
2023-10-28,30.7083311167713,-99.45833333333125,,
2023-10-29,30.7083311167713,-99.45833333333125,,
2023-10-30,30.7083311167713,-99.45833333333125,,
2023-10-31,30.7083311167713,-99.45833333333125,,
